yearid,replevel,subject,DenominatorType,disname,discode,schname,schcode,grade,NumberStudents,plevel1,plevel2,plevel3,plevel4,pAboveprof,pBelowProf,AvgScore,,,,,,,,,
2015,sch,mat,Regular,Academy for Science and Design Charter School,725,Academy for Science and Design Charter (H),28615,0,20 - 25,<10,<10,29,67,>90,<10,NULL,20 , 25,22.5,90,2025,28615,22.5,2025,90
2015,sch,mat,Regular,Academy for Science and Design Charter School,725,Academy for Science and Design Charter (H),28615,11,20 - 25,<10,<10,29,67,>90,<10,2764,20 , 25,0,90,0,28615,0,0,0
2015,sch,rea,Regular,Academy for Science and Design Charter School,725,Academy for Science and Design Charter (H),28615,0,20 - 25,<10,<10,13,83,>90,<10,NULL,20 , 25,0,90,0,28615,0,0,0
2015,sch,rea,Regular,Academy for Science and Design Charter School,725,Academy for Science and Design Charter (H),28615,11,20 - 25,<10,<10,13,83,>90,<10,2722,20 , 25,0,90,0,28615,0,0,0
2015,sch,sci,Regular,Academy for Science and Design Charter School,725,Academy for Science and Design Charter (H),28615,0,30 - 35,<10,19,65,16,81,19,NULL,30 , 35,0,81,0,28615,0,0,0
2015,sch,sci,Regular,Academy for Science and Design Charter School,725,Academy for Science and Design Charter (H),28615,11,30 - 35,<10,19,65,16,81,19,NULL,30 , 35,0,81,0,28615,0,0,0
2015,sch,mat,Regular,Academy for Science and Design Charter School,725,Academy for Science and Design Charter (M),28580,0,305 - 310,<10,<10,23,67,90,10,NULL,305 , 310,307.5,90,27675,28580,307.5,27675,90
2015,sch,mat,Regular,Academy for Science and Design Charter School,725,Academy for Science and Design Charter (M),28580,6,110 - 115,<10,12,32,55,87,13,2622,110 , 115,0,87,0,28580,0,0,0
2015,sch,mat,Regular,Academy for Science and Design Charter School,725,Academy for Science and Design Charter (M),28580,7,95 - 100,<10,<10,18,77,>90,<10,2671,95 , 100,0,90,0,28580,0,0,0
2015,sch,mat,Regular,Academy for Science and Design Charter School,725,Academy for Science and Design Charter (M),28580,8,95 - 100,<10,11,17,69,86,14,2690,95 , 100,0,86,0,28580,0,0,0
2015,sch,rea,Regular,Academy for Science and Design Charter School,725,Academy for Science and Design Charter (M),28580,0,290 - 295,<10,11,52,35,87,13,NULL,290 , 295,0,87,0,28580,0,0,0
2015,sch,rea,Regular,Academy for Science and Design Charter School,725,Academy for Science and Design Charter (M),28580,6,95 - 100,<10,16,55,26,80,20,2584,95 , 100,0,80,0,28580,0,0,0
2015,sch,rea,Regular,Academy for Science and Design Charter School,725,Academy for Science and Design Charter (M),28580,7,95 - 100,<10,<10,47,43,90,10,2632,95 , 100,0,90,0,28580,0,0,0
2015,sch,rea,Regular,Academy for Science and Design Charter School,725,Academy for Science and Design Charter (M),28580,8,95 - 100,<10,10,53,37,90,10,2644,95 , 100,0,90,0,28580,0,0,0
2015,sch,sci,Regular,Academy for Science and Design Charter School,725,Academy for Science and Design Charter (M),28580,0,95 - 100,<10,42,55,<10,55,45,NULL,95 , 100,0,55,0,28580,0,0,0
2015,sch,sci,Regular,Academy for Science and Design Charter School,725,Academy for Science and Design Charter (M),28580,8,95 - 100,<10,42,55,<10,55,45,NULL,95 , 100,0,55,0,28580,0,0,0
2015,sch,mat,Regular,Allenstown,9,Allenstown Elementary School,22580,0,75 - 80,15,28,44,13,56,44,NULL,75 , 80,77.5,56,4340,0,0,0,0
2015,sch,mat,Regular,Allenstown,9,Allenstown Elementary School,22580,3,35 - 40,17,28,44,11,56,44,2439,35 , 40,0,56,0,0,0,0,0
2015,sch,mat,Regular,Allenstown,9,Allenstown Elementary School,22580,4,40 - 45,14,29,43,14,57,43,2490,40 , 45,0,57,0,0,0,0,0
2015,sch,rea,Regular,Allenstown,9,Allenstown Elementary School,22580,0,75 - 80,23,27,29,21,50,50,NULL,75 , 80,0,50,0,0,0,0,0
2015,sch,rea,Regular,Allenstown,9,Allenstown Elementary School,22580,3,35 - 40,14,36,31,19,50,50,2435,35 , 40,0,50,0,0,0,0,0
2015,sch,rea,Regular,Allenstown,9,Allenstown Elementary School,22580,4,40 - 45,31,19,29,21,50,50,2468,40 , 45,0,50,0,0,0,0,0
2015,sch,sci,Regular,Allenstown,9,Allenstown Elementary School,22580,0,40 - 45,17,24,57,<10,60,40,NULL,40 , 45,0,60,0,0,0,0,0
2015,sch,sci,Regular,Allenstown,9,Allenstown Elementary School,22580,4,40 - 45,17,24,57,<10,60,40,NULL,40 , 45,0,60,0,0,0,0,0
2015,sch,mat,Regular,Allenstown,9,Armand R. Dupont School,22575,0,155 - 160,37,38,17,<10,25,75,NULL,155 , 160,157.5,25,3937.5,0,0,0,0
2015,sch,mat,Regular,Allenstown,9,Armand R. Dupont School,22575,5,30 - 35,53,33,13,<10,13,87,2454,30 , 35,0,13,0,0,0,0,0
2015,sch,mat,Regular,Allenstown,9,Armand R. Dupont School,22575,6,30 - 35,38,38,18,<10,24,76,2495,30 , 35,0,24,0,0,0,0,0
2015,sch,mat,Regular,Allenstown,9,Armand R. Dupont School,22575,7,50 - 55,30,42,17,11,28,72,2534,50 , 55,0,28,0,0,0,0,0
2015,sch,mat,Regular,Allenstown,9,Armand R. Dupont School,22575,8,35 - 40,34,37,18,11,29,71,2539,35 , 40,0,29,0,0,0,0,0
2015,sch,rea,Regular,Allenstown,9,Armand R. Dupont School,22575,0,155 - 160,16,25,43,16,59,41,NULL,155 , 160,0,59,0,0,0,0,0
2015,sch,rea,Regular,Allenstown,9,Armand R. Dupont School,22575,5,30 - 35,30,17,40,13,53,47,2507,30 , 35,0,53,0,0,0,0,0
2015,sch,rea,Regular,Allenstown,9,Armand R. Dupont School,22575,6,30 - 35,18,35,38,<10,47,53,2518,30 , 35,0,47,0,0,0,0,0
2015,sch,rea,Regular,Allenstown,9,Armand R. Dupont School,22575,7,50 - 55,<10,28,43,19,62,38,2570,50 , 55,0,62,0,0,0,0,0
2015,sch,rea,Regular,Allenstown,9,Armand R. Dupont School,22575,8,35 - 40,13,16,50,21,71,29,2598,35 , 40,0,71,0,0,0,0,0
2015,sch,sci,Regular,Allenstown,9,Armand R. Dupont School,22575,0,35 - 40,18,58,24,<10,24,76,NULL,35 , 40,0,24,0,0,0,0,0
2015,sch,sci,Regular,Allenstown,9,Armand R. Dupont School,22575,8,35 - 40,18,58,24,<10,24,76,NULL,35 , 40,0,24,0,0,0,0,0
2015,sch,mat,Regular,Alton,15,Alton Central School (Elem),22480,0,325 - 330,21,40,25,14,39,61,NULL,325 , 330,327.5,39,12772.5,22480,327.5,12772.5,39
2015,sch,mat,Regular,Alton,15,Alton Central School (Elem),22480,3,50 - 55,30,34,26,10,36,64,2413,50 , 55,0,36,0,22480,0,0,0
2015,sch,mat,Regular,Alton,15,Alton Central School (Elem),22480,4,45 - 50,<10,34,32,26,57,43,2497,45 , 50,0,57,0,22480,0,0,0
2015,sch,mat,Regular,Alton,15,Alton Central School (Elem),22480,5,55 - 60,37,47,12,<10,16,84,2473,55 , 60,0,16,0,22480,0,0,0
2015,sch,mat,Regular,Alton,15,Alton Central School (Elem),22480,6,65 - 70,19,49,18,13,31,69,2522,65 , 70,0,31,0,22480,0,0,0
2015,sch,mat,Regular,Alton,15,Alton Central School (Elem),22480,7,50 - 55,<10,36,36,20,56,44,2580,50 , 55,0,56,0,22480,0,0,0
2015,sch,mat,Regular,Alton,15,Alton Central School (Elem),22480,8,55 - 60,22,33,31,14,45,55,2570,55 , 60,0,45,0,22480,0,0,0
2015,sch,rea,Regular,Alton,15,Alton Central School (Elem),22480,0,325 - 330,18,30,40,12,52,48,NULL,325 , 330,0,52,0,22480,0,0,0
2015,sch,rea,Regular,Alton,15,Alton Central School (Elem),22480,3,50 - 55,18,34,30,18,48,52,2423,50 , 55,0,48,0,22480,0,0,0
2015,sch,rea,Regular,Alton,15,Alton Central School (Elem),22480,4,45 - 50,23,23,36,17,53,47,2474,45 , 50,0,53,0,22480,0,0,0
2015,sch,rea,Regular,Alton,15,Alton Central School (Elem),22480,5,55 - 60,19,28,44,<10,53,47,2500,55 , 60,0,53,0,22480,0,0,0
2015,sch,rea,Regular,Alton,15,Alton Central School (Elem),22480,6,65 - 70,27,39,28,<10,34,66,2500,65 , 70,0,34,0,22480,0,0,0
2015,sch,rea,Regular,Alton,15,Alton Central School (Elem),22480,7,50 - 55,<10,20,54,20,74,26,2587,50 , 55,0,74,0,22480,0,0,0
2015,sch,rea,Regular,Alton,15,Alton Central School (Elem),22480,8,55 - 60,14,31,47,<10,55,45,2576,55 , 60,0,55,0,22480,0,0,0
2015,sch,sci,Regular,Alton,15,Alton Central School (Elem),22480,0,105 - 110,<10,52,37,<10,40,60,NULL,105 , 110,0,40,0,22480,0,0,0
2015,sch,sci,Regular,Alton,15,Alton Central School (Elem),22480,4,45 - 50,<10,32,60,<10,66,34,NULL,45 , 50,0,66,0,22480,0,0,0
2015,sch,sci,Regular,Alton,15,Alton Central School (Elem),22480,8,55 - 60,12,69,19,<10,19,81,NULL,55 , 60,0,19,0,22480,0,0,0
2015,sch,mat,Regular,Amherst,17,Amherst Middle School,21745,0,630 - 635,11,26,30,33,63,37,NULL,630 , 635,632.5,63,39847.5,21745,632.5,39847.5,63
2015,sch,mat,Regular,Amherst,17,Amherst Middle School,21745,5,130 - 135,13,40,24,23,47,53,2525,130 , 135,0,47,0,21745,0,0,0
2015,sch,mat,Regular,Amherst,17,Amherst Middle School,21745,6,145 - 150,<10,25,36,30,66,34,2575,145 , 150,0,66,0,21745,0,0,0
2015,sch,mat,Regular,Amherst,17,Amherst Middle School,21745,7,180 - 185,10,22,27,41,68,32,2600,180 , 185,0,68,0,21745,0,0,0
2015,sch,mat,Regular,Amherst,17,Amherst Middle School,21745,8,170 - 175,14,21,31,35,66,34,2618,170 , 175,0,66,0,21745,0,0,0
2015,sch,rea,Regular,Amherst,17,Amherst Middle School,21745,0,630 - 635,<10,16,42,36,78,22,NULL,630 , 635,0,78,0,21745,0,0,0
2015,sch,rea,Regular,Amherst,17,Amherst Middle School,21745,5,130 - 135,<10,19,40,33,73,27,2552,130 , 135,0,73,0,21745,0,0,0
2015,sch,rea,Regular,Amherst,17,Amherst Middle School,21745,6,145 - 150,<10,21,39,36,75,25,2584,145 , 150,0,75,0,21745,0,0,0
2015,sch,rea,Regular,Amherst,17,Amherst Middle School,21745,7,180 - 185,<10,14,45,36,81,19,2616,180 , 185,0,81,0,21745,0,0,0
2015,sch,rea,Regular,Amherst,17,Amherst Middle School,21745,8,170 - 175,<10,14,44,39,82,18,2639,170 , 175,0,82,0,21745,0,0,0
2015,sch,sci,Regular,Amherst,17,Amherst Middle School,21745,0,165 - 170,11,52,35,<10,36,64,NULL,165 , 170,0,36,0,21745,0,0,0
2015,sch,sci,Regular,Amherst,17,Amherst Middle School,21745,8,165 - 170,11,52,35,<10,36,64,NULL,165 , 170,0,36,0,21745,0,0,0
2015,sch,mat,Regular,Amherst,17,Clark-Wilkins School,21750,0,235 - 240,11,27,41,21,63,37,NULL,235 , 240,237.5,63,14962.5,21750,237.5,14962.5,63
2015,sch,mat,Regular,Amherst,17,Clark-Wilkins School,21750,3,115 - 120,<10,22,41,29,71,29,2471,115 , 120,0,71,0,21750,0,0,0
2015,sch,mat,Regular,Amherst,17,Clark-Wilkins School,21750,4,115 - 120,13,32,41,13,55,45,2485,115 , 120,0,55,0,21750,0,0,0
2015,sch,rea,Regular,Amherst,17,Clark-Wilkins School,21750,0,230 - 235,<10,21,28,44,72,28,NULL,230 , 235,0,72,0,21750,0,0,0
2015,sch,rea,Regular,Amherst,17,Clark-Wilkins School,21750,3,110 - 115,<10,20,23,53,75,25,2489,110 , 115,0,75,0,21750,0,0,0
2015,sch,rea,Regular,Amherst,17,Clark-Wilkins School,21750,4,115 - 120,11,21,33,35,68,32,2507,115 , 120,0,68,0,21750,0,0,0
2015,sch,sci,Regular,Amherst,17,Clark-Wilkins School,21750,0,115 - 120,<10,30,60,<10,61,39,NULL,115 , 120,0,61,0,21750,0,0,0
2015,sch,sci,Regular,Amherst,17,Clark-Wilkins School,21750,4,115 - 120,<10,30,60,<10,61,39,NULL,115 , 120,0,61,0,21750,0,0,0
2015,sch,mat,Regular,Andover,19,Andover Elementary School,22130,0,145 - 150,22,51,23,<10,27,73,NULL,145 , 150,147.5,27,3982.5,22130,147.5,3982.5,27
2015,sch,mat,Regular,Andover,19,Andover Elementary School,22130,3,25 - 30,<10,56,30,<10,37,63,2433,25 , 30,0,37,0,22130,0,0,0
2015,sch,mat,Regular,Andover,19,Andover Elementary School,22130,4,15 - 20,26,37,32,<10,37,63,2459,15 , 20,0,37,0,22130,0,0,0
2015,sch,mat,Regular,Andover,19,Andover Elementary School,22130,5,30 - 35,21,67,<10,<10,12,88,2489,30 , 35,0,12,0,22130,0,0,0
2015,sch,mat,Regular,Andover,19,Andover Elementary School,22130,6,10 -15,50,42,<10,<10,<10,>90,2475,10 ,15,0,10,0,22130,0,0,0
2015,sch,mat,Regular,Andover,19,Andover Elementary School,22130,7,20 - 25,10,62,29,<10,29,71,2544,20 , 25,0,29,0,22130,0,0,0
2015,sch,mat,Regular,Andover,19,Andover Elementary School,22130,8,30 - 35,30,36,27,<10,33,67,2542,30 , 35,0,33,0,22130,0,0,0
2015,sch,rea,Regular,Andover,19,Andover Elementary School,22130,0,145 - 150,13,28,40,19,59,41,NULL,145 , 150,0,59,0,22130,0,0,0
2015,sch,rea,Regular,Andover,19,Andover Elementary School,22130,3,25 - 30,26,19,37,19,56,44,2428,25 , 30,0,56,0,22130,0,0,0
2015,sch,rea,Regular,Andover,19,Andover Elementary School,22130,4,15 - 20,11,47,16,26,42,58,2477,15 , 20,0,42,0,22130,0,0,0
2015,sch,rea,Regular,Andover,19,Andover Elementary School,22130,5,30 - 35,15,21,33,30,64,36,2539,30 , 35,0,64,0,22130,0,0,0
2015,sch,rea,Regular,Andover,19,Andover Elementary School,22130,6,10 -15,<10,50,42,<10,42,58,2519,10 ,15,0,42,0,22130,0,0,0
2015,sch,rea,Regular,Andover,19,Andover Elementary School,22130,7,20 - 25,<10,33,62,<10,67,33,2571,20 , 25,0,67,0,22130,0,0,0
2015,sch,rea,Regular,Andover,19,Andover Elementary School,22130,8,30 - 35,12,18,48,21,70,30,2604,30 , 35,0,70,0,22130,0,0,0
2015,sch,sci,Regular,Andover,19,Andover Elementary School,22130,0,50 - 55,12,58,31,<10,31,69,NULL,50 , 55,0,31,0,22130,0,0,0
2015,sch,sci,Regular,Andover,19,Andover Elementary School,22130,4,15 - 20,<10,58,37,<10,37,63,NULL,15 , 20,0,37,0,22130,0,0,0
2015,sch,sci,Regular,Andover,19,Andover Elementary School,22130,8,30 - 35,15,58,27,<10,27,73,NULL,30 , 35,0,27,0,22130,0,0,0
2015,sch,mat,Regular,Ashland,23,Ashland Elementary School,20010,0,100 - 105,33,38,19,10,29,71,NULL,100 , 105,102.5,29,2972.5,20010,102.5,2972.5,29
2015,sch,mat,Regular,Ashland,23,Ashland Elementary School,20010,3,20 - 25,30,35,26,<10,35,65,2408,20 , 25,0,35,0,20010,0,0,0
2015,sch,mat,Regular,Ashland,23,Ashland Elementary School,20010,4,10 -15,33,33,25,<10,33,67,2452,10 ,15,0,33,0,20010,0,0,0
2015,sch,mat,Regular,Ashland,23,Ashland Elementary School,20010,5,15 - 20,60,13,13,13,27,73,2462,15 , 20,0,27,0,20010,0,0,0
2015,sch,mat,Regular,Ashland,23,Ashland Elementary School,20010,6,15 - 20,22,33,33,11,44,56,2511,15 , 20,0,44,0,20010,0,0,0
2015,sch,mat,Regular,Ashland,23,Ashland Elementary School,20010,7,15 - 20,38,56,<10,<10,<10,>90,2486,15 , 20,0,10,0,20010,0,0,0
2015,sch,mat,Regular,Ashland,23,Ashland Elementary School,20010,8,15 - 20,19,56,<10,19,25,75,2557,15 , 20,0,25,0,20010,0,0,0
2015,sch,rea,Regular,Ashland,23,Ashland Elementary School,20010,0,100 - 105,22,24,37,17,54,46,NULL,100 , 105,0,54,0,20010,0,0,0
2015,sch,rea,Regular,Ashland,23,Ashland Elementary School,20010,3,20 - 25,30,22,17,30,48,52,2427,20 , 25,0,48,0,20010,0,0,0
2015,sch,rea,Regular,Ashland,23,Ashland Elementary School,20010,4,10 -15,17,25,33,25,58,42,2490,10 ,15,0,58,0,20010,0,0,0
2015,sch,rea,Regular,Ashland,23,Ashland Elementary School,20010,5,15 - 20,40,20,27,13,40,60,2489,15 , 20,0,40,0,20010,0,0,0
2015,sch,rea,Regular,Ashland,23,Ashland Elementary School,20010,6,15 - 20,11,17,56,17,72,28,2538,15 , 20,0,72,0,20010,0,0,0
2015,sch,rea,Regular,Ashland,23,Ashland Elementary School,20010,7,15 - 20,19,25,50,<10,56,44,2551,15 , 20,0,56,0,20010,0,0,0
2015,sch,rea,Regular,Ashland,23,Ashland Elementary School,20010,8,15 - 20,13,38,44,<10,50,50,2573,15 , 20,0,50,0,20010,0,0,0
2015,sch,sci,Regular,Ashland,23,Ashland Elementary School,20010,0,25 - 30,11,64,21,<10,25,75,NULL,25 , 30,0,25,0,20010,0,0,0
2015,sch,sci,Regular,Ashland,23,Ashland Elementary School,20010,4,10 -15,<10,50,42,<10,50,50,NULL,10 ,15,0,50,0,20010,0,0,0
2015,sch,sci,Regular,Ashland,23,Ashland Elementary School,20010,8,15 - 20,19,75,<10,<10,<10,>90,NULL,15 , 20,0,10,0,20010,0,0,0
2015,sch,mat,Regular,Auburn,29,Auburn Village School,20530,0,385 - 390,16,28,34,22,56,44,NULL,385 , 390,387.5,56,21700,20530,387.5,21700,56
2015,sch,mat,Regular,Auburn,29,Auburn Village School,20530,3,65 - 70,18,29,38,15,53,47,2434,65 , 70,0,53,0,20530,0,0,0
2015,sch,mat,Regular,Auburn,29,Auburn Village School,20530,4,55 - 60,16,29,38,16,55,45,2487,55 , 60,0,55,0,20530,0,0,0
2015,sch,mat,Regular,Auburn,29,Auburn Village School,20530,5,70 - 75,19,49,11,21,33,67,2512,70 , 75,0,33,0,20530,0,0,0
2015,sch,mat,Regular,Auburn,29,Auburn Village School,20530,6,65 - 70,21,32,29,18,47,53,2535,65 , 70,0,47,0,20530,0,0,0
2015,sch,mat,Regular,Auburn,29,Auburn Village School,20530,7,60 - 65,<10,19,48,24,73,27,2593,60 , 65,0,73,0,20530,0,0,0
2015,sch,mat,Regular,Auburn,29,Auburn Village School,20530,8,65 - 70,13,<10,42,36,78,22,2616,65 , 70,0,78,0,20530,0,0,0
2015,sch,rea,Regular,Auburn,29,Auburn Village School,20530,0,385 - 390,12,23,42,23,65,35,NULL,385 , 390,0,65,0,20530,0,0,0
2015,sch,rea,Regular,Auburn,29,Auburn Village School,20530,3,65 - 70,15,21,33,30,64,36,2445,65 , 70,0,64,0,20530,0,0,0
2015,sch,rea,Regular,Auburn,29,Auburn Village School,20530,4,55 - 60,16,22,29,33,62,38,2495,55 , 60,0,62,0,20530,0,0,0
2015,sch,rea,Regular,Auburn,29,Auburn Village School,20530,5,70 - 75,13,29,34,24,59,41,2528,70 , 75,0,59,0,20530,0,0,0
2015,sch,rea,Regular,Auburn,29,Auburn Village School,20530,6,65 - 70,18,18,50,14,64,36,2538,65 , 70,0,64,0,20530,0,0,0
2015,sch,rea,Regular,Auburn,29,Auburn Village School,20530,7,60 - 65,<10,21,55,23,77,23,2605,60 , 65,0,77,0,20530,0,0,0
2015,sch,rea,Regular,Auburn,29,Auburn Village School,20530,8,65 - 70,<10,28,49,15,64,36,2592,65 , 70,0,64,0,20530,0,0,0
2015,sch,sci,Regular,Auburn,29,Auburn Village School,20530,0,120 - 125,<10,39,56,<10,57,43,NULL,120 , 125,0,57,0,20530,0,0,0
2015,sch,sci,Regular,Auburn,29,Auburn Village School,20530,4,55 - 60,<10,23,75,<10,75,25,NULL,55 , 60,0,75,0,20530,0,0,0
2015,sch,sci,Regular,Auburn,29,Auburn Village School,20530,8,65 - 70,<10,52,40,<10,42,58,NULL,65 , 70,0,42,0,20530,0,0,0
2015,sch,mat,Regular,Barnstead,31,Barnstead Elementary School,22485,0,300 - 305,27,38,23,12,36,64,NULL,300 , 305,302.5,36,10890,22485,302.5,10890,36
2015,sch,mat,Regular,Barnstead,31,Barnstead Elementary School,22485,3,50 - 55,25,29,37,10,46,54,2427,50 , 55,0,46,0,22485,0,0,0
2015,sch,mat,Regular,Barnstead,31,Barnstead Elementary School,22485,4,55 - 60,16,47,21,16,37,63,2472,55 , 60,0,37,0,22485,0,0,0
2015,sch,mat,Regular,Barnstead,31,Barnstead Elementary School,22485,5,50 - 55,40,36,15,<10,25,75,2481,50 , 55,0,25,0,22485,0,0,0
2015,sch,mat,Regular,Barnstead,31,Barnstead Elementary School,22485,6,35 - 40,16,51,11,22,32,68,2534,35 , 40,0,32,0,22485,0,0,0
2015,sch,mat,Regular,Barnstead,31,Barnstead Elementary School,22485,7,60 - 65,28,31,33,<10,41,59,2530,60 , 65,0,41,0,22485,0,0,0
2015,sch,mat,Regular,Barnstead,31,Barnstead Elementary School,22485,8,40 - 45,34,37,17,12,29,71,2536,40 , 45,0,29,0,22485,0,0,0
2015,sch,rea,Regular,Barnstead,31,Barnstead Elementary School,22485,0,300 - 305,30,30,29,11,40,60,NULL,300 , 305,0,40,0,22485,0,0,0
2015,sch,rea,Regular,Barnstead,31,Barnstead Elementary School,22485,3,50 - 55,25,29,23,23,46,54,2428,50 , 55,0,46,0,22485,0,0,0
2015,sch,rea,Regular,Barnstead,31,Barnstead Elementary School,22485,4,55 - 60,32,23,28,18,46,54,2460,55 , 60,0,46,0,22485,0,0,0
2015,sch,rea,Regular,Barnstead,31,Barnstead Elementary School,22485,5,50 - 55,36,26,32,<10,38,62,2472,50 , 55,0,38,0,22485,0,0,0
2015,sch,rea,Regular,Barnstead,31,Barnstead Elementary School,22485,6,35 - 40,14,46,27,14,41,59,2528,35 , 40,0,41,0,22485,0,0,0
2015,sch,rea,Regular,Barnstead,31,Barnstead Elementary School,22485,7,60 - 65,36,33,30,<10,31,69,2504,60 , 65,0,31,0,22485,0,0,0
2015,sch,rea,Regular,Barnstead,31,Barnstead Elementary School,22485,8,40 - 45,32,29,34,<10,39,61,2534,40 , 45,0,39,0,22485,0,0,0
2015,sch,sci,Regular,Barnstead,31,Barnstead Elementary School,22485,0,95 - 100,13,63,22,<10,23,77,NULL,95 , 100,0,23,0,22485,0,0,0
2015,sch,sci,Regular,Barnstead,31,Barnstead Elementary School,22485,4,55 - 60,<10,60,30,<10,32,68,NULL,55 , 60,0,32,0,22485,0,0,0
2015,sch,sci,Regular,Barnstead,31,Barnstead Elementary School,22485,8,40 - 45,20,68,12,<10,12,88,NULL,40 , 45,0,12,0,22485,0,0,0
2015,sch,mat,Regular,Barrington,33,Barrington Elementary School,22045,0,210 - 215,16,32,41,11,52,48,NULL,210 , 215,212.5,52,11050,22045,212.5,11050,52
2015,sch,mat,Regular,Barrington,33,Barrington Elementary School,22045,3,110 - 115,18,24,42,15,58,42,2442,110 , 115,0,58,0,22045,0,0,0
2015,sch,mat,Regular,Barrington,33,Barrington Elementary School,22045,4,100 - 105,14,40,40,<10,47,53,2477,100 , 105,0,47,0,22045,0,0,0
2015,sch,rea,Regular,Barrington,33,Barrington Elementary School,22045,0,210 - 215,19,30,29,22,51,49,NULL,210 , 215,0,51,0,22045,0,0,0
2015,sch,rea,Regular,Barrington,33,Barrington Elementary School,22045,3,110 - 115,17,32,25,25,50,50,2439,110 , 115,0,50,0,22045,0,0,0
2015,sch,rea,Regular,Barrington,33,Barrington Elementary School,22045,4,100 - 105,20,28,33,18,51,49,2481,100 , 105,0,51,0,22045,0,0,0
2015,sch,sci,Regular,Barrington,33,Barrington Elementary School,22045,0,100 - 105,<10,39,56,<10,57,43,NULL,100 , 105,0,57,0,22045,0,0,0
2015,sch,sci,Regular,Barrington,33,Barrington Elementary School,22045,4,100 - 105,<10,39,56,<10,57,43,NULL,100 , 105,0,57,0,22045,0,0,0
2015,sch,mat,Regular,Barrington,33,Barrington Middle School,22030,0,410 - 415,25,37,26,12,38,62,NULL,410 , 415,412.5,38,15675,22030,412.5,15675,38
2015,sch,mat,Regular,Barrington,33,Barrington Middle School,22030,5,95 - 100,14,41,31,15,46,54,2517,95 , 100,0,46,0,22030,0,0,0
2015,sch,mat,Regular,Barrington,33,Barrington Middle School,22030,6,105 - 110,33,34,25,<10,33,67,2510,105 , 110,0,33,0,22030,0,0,0
2015,sch,mat,Regular,Barrington,33,Barrington Middle School,22030,7,100 - 105,18,40,30,12,42,58,2550,100 , 105,0,42,0,22030,0,0,0
2015,sch,mat,Regular,Barrington,33,Barrington Middle School,22030,8,105 - 110,34,33,19,13,32,68,2544,105 , 110,0,32,0,22030,0,0,0
2015,sch,rea,Regular,Barrington,33,Barrington Middle School,22030,0,410 - 415,14,27,44,15,59,41,NULL,410 , 415,0,59,0,22030,0,0,0
2015,sch,rea,Regular,Barrington,33,Barrington Middle School,22030,5,95 - 100,11,21,47,21,68,32,2527,95 , 100,0,68,0,22030,0,0,0
2015,sch,rea,Regular,Barrington,33,Barrington Middle School,22030,6,105 - 110,17,25,47,10,58,42,2536,105 , 110,0,58,0,22030,0,0,0
2015,sch,rea,Regular,Barrington,33,Barrington Middle School,22030,7,100 - 105,10,34,41,15,56,44,2564,100 , 105,0,56,0,22030,0,0,0
2015,sch,rea,Regular,Barrington,33,Barrington Middle School,22030,8,105 - 110,17,29,42,13,55,45,2575,105 , 110,0,55,0,22030,0,0,0
2015,sch,sci,Regular,Barrington,33,Barrington Middle School,22030,0,105 - 110,27,58,15,<10,15,85,NULL,105 , 110,0,15,0,22030,0,0,0
2015,sch,sci,Regular,Barrington,33,Barrington Middle School,22030,8,105 - 110,27,58,15,<10,15,85,NULL,105 , 110,0,15,0,22030,0,0,0
2015,sch,mat,Regular,Bartlett,35,Josiah Bartlett Elementary School,20325,0,150 - 155,<10,27,35,28,63,37,NULL,150 , 155,152.5,63,9607.5,20325,152.5,9607.5,63
2015,sch,mat,Regular,Bartlett,35,Josiah Bartlett Elementary School,20325,3,15 - 20,26,32,21,21,42,58,2428,15 , 20,0,42,0,20325,0,0,0
2015,sch,mat,Regular,Bartlett,35,Josiah Bartlett Elementary School,20325,4,10 -15,<10,14,43,43,86,14,2526,10 ,15,0,86,0,20325,0,0,0
2015,sch,mat,Regular,Bartlett,35,Josiah Bartlett Elementary School,20325,5,25 - 30,12,36,40,12,52,48,2522,25 , 30,0,52,0,20325,0,0,0
2015,sch,mat,Regular,Bartlett,35,Josiah Bartlett Elementary School,20325,6,20 - 25,17,39,35,<10,43,57,2534,20 , 25,0,43,0,20325,0,0,0
2015,sch,mat,Regular,Bartlett,35,Josiah Bartlett Elementary School,20325,7,30 - 35,<10,<10,38,50,88,13,2631,30 , 35,0,88,0,20325,0,0,0
2015,sch,mat,Regular,Bartlett,35,Josiah Bartlett Elementary School,20325,8,35 - 40,<10,32,35,30,65,35,2628,35 , 40,0,65,0,20325,0,0,0
2015,sch,rea,Regular,Bartlett,35,Josiah Bartlett Elementary School,20325,0,150 - 155,<10,13,45,33,77,23,NULL,150 , 155,0,77,0,20325,0,0,0
2015,sch,rea,Regular,Bartlett,35,Josiah Bartlett Elementary School,20325,3,20 - 25,25,20,30,25,55,45,2435,20 , 25,0,55,0,20325,0,0,0
2015,sch,rea,Regular,Bartlett,35,Josiah Bartlett Elementary School,20325,4,10 -15,<10,<10,14,71,86,14,2560,10 ,15,0,86,0,20325,0,0,0
2015,sch,rea,Regular,Bartlett,35,Josiah Bartlett Elementary School,20325,5,25 - 30,<10,<10,60,32,>90,<10,2568,25 , 30,0,90,0,20325,0,0,0
2015,sch,rea,Regular,Bartlett,35,Josiah Bartlett Elementary School,20325,6,20 - 25,17,30,35,17,52,48,2548,20 , 25,0,52,0,20325,0,0,0
2015,sch,rea,Regular,Bartlett,35,Josiah Bartlett Elementary School,20325,7,30 - 35,<10,16,52,29,81,19,2624,30 , 35,0,81,0,20325,0,0,0
2015,sch,rea,Regular,Bartlett,35,Josiah Bartlett Elementary School,20325,8,35 - 40,<10,<10,54,35,89,11,2642,35 , 40,0,89,0,20325,0,0,0
2015,sch,sci,Regular,Bartlett,35,Josiah Bartlett Elementary School,20325,0,50 - 55,<10,47,49,<10,49,51,NULL,50 , 55,0,49,0,20325,0,0,0
2015,sch,sci,Regular,Bartlett,35,Josiah Bartlett Elementary School,20325,4,10 -15,<10,29,71,<10,71,29,NULL,10 ,15,0,71,0,20325,0,0,0
2015,sch,sci,Regular,Bartlett,35,Josiah Bartlett Elementary School,20325,8,35 - 40,<10,54,41,<10,41,59,NULL,35 , 40,0,41,0,20325,0,0,0
2015,sch,mat,Regular,Bath,39,Bath Village School,20860,0,30 - 35,<10,26,38,26,65,35,NULL,30 , 35,32.5,65,2112.5,20860,32.5,2112.5,65
2015,sch,mat,Regular,Bath,39,Bath Village School,20860,3, 0 - 10,* n < 11,* n < 11,* n < 11,* n < 11,* n < 11,* n < 11,* n < 11, 0 , 10,0,* n < 11,0,20860,0,0,0
2015,sch,mat,Regular,Bath,39,Bath Village School,20860,4, 0 - 10,* n < 11,* n < 11,* n < 11,* n < 11,* n < 11,* n < 11,* n < 11, 0 , 10,0,* n < 11,0,20860,0,0,0
2015,sch,mat,Regular,Bath,39,Bath Village School,20860,5, 0 - 10,* n < 11,* n < 11,* n < 11,* n < 11,* n < 11,* n < 11,* n < 11, 0 , 10,0,* n < 11,0,20860,0,0,0
2015,sch,mat,Regular,Bath,39,Bath Village School,20860,6, 0 - 10,* n < 11,* n < 11,* n < 11,* n < 11,* n < 11,* n < 11,* n < 11, 0 , 10,0,* n < 11,0,20860,0,0,0
2015,sch,rea,Regular,Bath,39,Bath Village School,20860,0,30 - 35,15,21,44,21,65,35,NULL,30 , 35,0,65,0,20860,0,0,0
2015,sch,rea,Regular,Bath,39,Bath Village School,20860,3, 0 - 10,* n < 11,* n < 11,* n < 11,* n < 11,* n < 11,* n < 11,* n < 11, 0 , 10,0,* n < 11,0,20860,0,0,0
2015,sch,rea,Regular,Bath,39,Bath Village School,20860,4, 0 - 10,* n < 11,* n < 11,* n < 11,* n < 11,* n < 11,* n < 11,* n < 11, 0 , 10,0,* n < 11,0,20860,0,0,0
2015,sch,rea,Regular,Bath,39,Bath Village School,20860,5, 0 - 10,* n < 11,* n < 11,* n < 11,* n < 11,* n < 11,* n < 11,* n < 11, 0 , 10,0,* n < 11,0,20860,0,0,0
2015,sch,rea,Regular,Bath,39,Bath Village School,20860,6, 0 - 10,* n < 11,* n < 11,* n < 11,* n < 11,* n < 11,* n < 11,* n < 11, 0 , 10,0,* n < 11,0,20860,0,0,0
2015,sch,sci,Regular,Bath,39,Bath Village School,20860,0, 0 - 10,* n < 11,* n < 11,* n < 11,* n < 11,* n < 11,* n < 11,* n < 11, 0 , 10,0,* n < 11,0,20860,0,0,0
2015,sch,sci,Regular,Bath,39,Bath Village School,20860,4, 0 - 10,* n < 11,* n < 11,* n < 11,* n < 11,* n < 11,* n < 11,* n < 11, 0 , 10,0,* n < 11,0,20860,0,0,0
2015,sch,mat,Regular,Bedford,41,Bedford High School,28555,0,335 - 340,21,22,30,28,57,43,NULL,335 , 340,337.5,57,19237.5,28555,337.5,19237.5,57
2015,sch,mat,Regular,Bedford,41,Bedford High School,28555,11,335 - 340,21,22,30,28,57,43,2635,335 , 340,0,57,0,28555,0,0,0
2015,sch,rea,Regular,Bedford,41,Bedford High School,28555,0,335 - 340,<10,11,35,45,80,20,NULL,335 , 340,0,80,0,28555,0,0,0
2015,sch,rea,Regular,Bedford,41,Bedford High School,28555,11,335 - 340,<10,11,35,45,80,20,2649,335 , 340,0,80,0,28555,0,0,0
2015,sch,sci,Regular,Bedford,41,Bedford High School,28555,0,340 - 345,<10,32,56,<10,61,39,NULL,340 , 345,0,61,0,28555,0,0,0
2015,sch,sci,Regular,Bedford,41,Bedford High School,28555,11,340 - 345,<10,32,56,<10,61,39,NULL,340 , 345,0,61,0,28555,0,0,0
2015,sch,mat,Regular,Bedford,41,McKelvie Intermediate School,21005,0,705 - 710,<10,19,27,46,72,28,NULL,705 , 710,707.5,72,50940,21005,707.5,50940,72
2015,sch,mat,Regular,Bedford,41,McKelvie Intermediate School,21005,5,350 - 355,<10,18,23,51,74,26,2568,350 , 355,0,74,0,21005,0,0,0
2015,sch,mat,Regular,Bedford,41,McKelvie Intermediate School,21005,6,350 - 355,<10,21,31,40,71,29,2588,350 , 355,0,71,0,21005,0,0,0
2015,sch,rea,Regular,Bedford,41,McKelvie Intermediate School,21005,0,705 - 710,<10,17,37,41,78,22,NULL,705 , 710,0,78,0,21005,0,0,0
2015,sch,rea,Regular,Bedford,41,McKelvie Intermediate School,21005,5,350 - 355,<10,14,33,46,79,21,2565,350 , 355,0,79,0,21005,0,0,0
2015,sch,rea,Regular,Bedford,41,McKelvie Intermediate School,21005,6,350 - 355,<10,20,40,36,76,24,2584,350 , 355,0,76,0,21005,0,0,0
2015,sch,mat,Regular,Bedford,41,Memorial School,20990,0,155 - 160,<10,19,46,35,81,19,NULL,155 , 160,157.5,81,12757.5,20990,157.5,12757.5,81
2015,sch,mat,Regular,Bedford,41,Memorial School,20990,3,70 - 75,<10,22,51,26,77,23,2473,70 , 75,0,77,0,20990,0,0,0
2015,sch,mat,Regular,Bedford,41,Memorial School,20990,4,80 - 85,<10,16,42,42,84,16,2541,80 , 85,0,84,0,20990,0,0,0
2015,sch,rea,Regular,Bedford,41,Memorial School,20990,0,155 - 160,<10,17,27,51,78,22,NULL,155 , 160,0,78,0,20990,0,0,0
2015,sch,rea,Regular,Bedford,41,Memorial School,20990,3,70 - 75,<10,18,27,49,77,23,2481,70 , 75,0,77,0,20990,0,0,0
2015,sch,rea,Regular,Bedford,41,Memorial School,20990,4,80 - 85,<10,16,27,52,78,22,2531,80 , 85,0,78,0,20990,0,0,0
2015,sch,sci,Regular,Bedford,41,Memorial School,20990,0,80 - 85,<10,22,73,<10,77,23,NULL,80 , 85,0,77,0,20990,0,0,0
2015,sch,sci,Regular,Bedford,41,Memorial School,20990,4,80 - 85,<10,22,73,<10,77,23,NULL,80 , 85,0,77,0,20990,0,0,0
2015,sch,mat,Regular,Bedford,41,Peter Woodbury School,21000,0,250 - 255,<10,18,39,36,75,25,NULL,250 , 255,252.5,75,18937.5,21000,252.5,18937.5,75
2015,sch,mat,Regular,Bedford,41,Peter Woodbury School,21000,3,110 - 115,10,18,39,34,73,27,2473,110 , 115,0,73,0,21000,0,0,0
2015,sch,mat,Regular,Bedford,41,Peter Woodbury School,21000,4,135 - 140,<10,18,39,38,76,24,2528,135 , 140,0,76,0,21000,0,0,0
2015,sch,rea,Regular,Bedford,41,Peter Woodbury School,21000,0,245 - 250,<10,11,31,52,83,17,NULL,245 , 250,0,83,0,21000,0,0,0
2015,sch,rea,Regular,Bedford,41,Peter Woodbury School,21000,3,110 - 115,<10,14,31,50,81,19,2487,110 , 115,0,81,0,21000,0,0,0
2015,sch,rea,Regular,Bedford,41,Peter Woodbury School,21000,4,135 - 140,<10,<10,31,54,85,15,2535,135 , 140,0,85,0,21000,0,0,0
2015,sch,sci,Regular,Bedford,41,Peter Woodbury School,21000,0,135 - 140,<10,15,73,<10,80,20,NULL,135 , 140,0,80,0,21000,0,0,0
2015,sch,sci,Regular,Bedford,41,Peter Woodbury School,21000,4,135 - 140,<10,15,73,<10,80,20,NULL,135 , 140,0,80,0,21000,0,0,0
2015,sch,mat,Regular,Bedford,41,Riddle Brook School,27680,0,215 - 220,<10,19,38,40,78,22,NULL,215 , 220,217.5,78,16965,27680,217.5,16965,78
2015,sch,mat,Regular,Bedford,41,Riddle Brook School,27680,3,110 - 115,<10,20,40,36,76,24,2480,110 , 115,0,76,0,27680,0,0,0
2015,sch,mat,Regular,Bedford,41,Riddle Brook School,27680,4,105 - 110,<10,18,35,44,79,21,2541,105 , 110,0,79,0,27680,0,0,0
2015,sch,rea,Regular,Bedford,41,Riddle Brook School,27680,0,215 - 220,<10,13,29,55,84,16,NULL,215 , 220,0,84,0,27680,0,0,0
2015,sch,rea,Regular,Bedford,41,Riddle Brook School,27680,3,110 - 115,<10,15,29,54,83,17,2497,110 , 115,0,83,0,27680,0,0,0
2015,sch,rea,Regular,Bedford,41,Riddle Brook School,27680,4,105 - 110,<10,11,29,56,85,15,2541,105 , 110,0,85,0,27680,0,0,0
2015,sch,sci,Regular,Bedford,41,Riddle Brook School,27680,0,100 - 105,<10,23,70,<10,75,25,NULL,100 , 105,0,75,0,27680,0,0,0
2015,sch,sci,Regular,Bedford,41,Riddle Brook School,27680,4,100 - 105,<10,23,70,<10,75,25,NULL,100 , 105,0,75,0,27680,0,0,0
2015,sch,mat,Regular,Bedford,41,Ross A. Lurgio Middle School,28560,0,755 - 760,<10,23,34,33,67,33,NULL,755 , 760,757.5,67,50752.5,28560,757.5,50752.5,67
2015,sch,mat,Regular,Bedford,41,Ross A. Lurgio Middle School,28560,7,380 - 385,<10,22,37,33,70,30,2603,380 , 385,0,70,0,28560,0,0,0
2015,sch,mat,Regular,Bedford,41,Ross A. Lurgio Middle School,28560,8,375 - 380,10,25,31,33,65,35,2615,375 , 380,0,65,0,28560,0,0,0
2015,sch,rea,Regular,Bedford,41,Ross A. Lurgio Middle School,28560,0,755 - 760,<10,18,49,27,76,24,NULL,755 , 760,0,76,0,28560,0,0,0
2015,sch,rea,Regular,Bedford,41,Ross A. Lurgio Middle School,28560,7,375 - 380,<10,16,46,32,78,22,2607,375 , 380,0,78,0,28560,0,0,0
2015,sch,rea,Regular,Bedford,41,Ross A. Lurgio Middle School,28560,8,375 - 380,<10,20,52,22,74,26,2611,375 , 380,0,74,0,28560,0,0,0
2015,sch,sci,Regular,Bedford,41,Ross A. Lurgio Middle School,28560,0,385 - 390,12,54,34,<10,34,66,NULL,385 , 390,0,34,0,28560,0,0,0
2015,sch,sci,Regular,Bedford,41,Ross A. Lurgio Middle School,28560,8,385 - 390,12,54,34,<10,34,66,NULL,385 , 390,0,34,0,28560,0,0,0
2015,sch,mat,Regular,Berlin,51,Berlin Middle School,20045,0,260 - 265,43,33,17,<10,24,76,NULL,260 , 265,262.5,24,6300,20045,262.5,6300,24
2015,sch,mat,Regular,Berlin,51,Berlin Middle School,20045,6,75 - 80,37,42,12,<10,21,79,2487,75 , 80,0,21,0,20045,0,0,0
2015,sch,mat,Regular,Berlin,51,Berlin Middle School,20045,7,85 - 90,41,35,19,<10,24,76,2497,85 , 90,0,24,0,20045,0,0,0
2015,sch,mat,Regular,Berlin,51,Berlin Middle School,20045,8,100 - 105,50,25,21,<10,26,74,2504,100 , 105,0,26,0,20045,0,0,0
2015,sch,rea,Regular,Berlin,51,Berlin Middle School,20045,0,260 - 265,27,27,37,<10,46,54,NULL,260 , 265,0,46,0,20045,0,0,0
2015,sch,rea,Regular,Berlin,51,Berlin Middle School,20045,6,70 - 75,28,24,35,12,47,53,2513,70 , 75,0,47,0,20045,0,0,0
2015,sch,rea,Regular,Berlin,51,Berlin Middle School,20045,7,85 - 90,30,25,39,<10,45,55,2525,85 , 90,0,45,0,20045,0,0,0
2015,sch,rea,Regular,Berlin,51,Berlin Middle School,20045,8,100 - 105,24,31,38,<10,46,54,2544,100 , 105,0,46,0,20045,0,0,0
2015,sch,sci,Regular,Berlin,51,Berlin Middle School,20045,0,100 - 105,32,54,14,<10,14,86,NULL,100 , 105,0,14,0,20045,0,0,0
2015,sch,sci,Regular,Berlin,51,Berlin Middle School,20045,8,100 - 105,32,54,14,<10,14,86,NULL,100 , 105,0,14,0,20045,0,0,0
2015,sch,mat,Regular,Berlin,51,Berlin Senior High School,20050,0,95 - 100,53,26,12,<10,22,78,NULL,95 , 100,97.5,22,2145,20050,97.5,2145,22
2015,sch,mat,Regular,Berlin,51,Berlin Senior High School,20050,11,95 - 100,53,26,12,<10,22,78,2547,95 , 100,0,22,0,20050,0,0,0
2015,sch,rea,Regular,Berlin,51,Berlin Senior High School,20050,0,95 - 100,16,29,35,20,55,45,NULL,95 , 100,0,55,0,20050,0,0,0
2015,sch,rea,Regular,Berlin,51,Berlin Senior High School,20050,11,95 - 100,16,29,35,20,55,45,2589,95 , 100,0,55,0,20050,0,0,0
2015,sch,sci,Regular,Berlin,51,Berlin Senior High School,20050,0,95 - 100,23,53,24,<10,24,76,NULL,95 , 100,0,24,0,20050,0,0,0
2015,sch,sci,Regular,Berlin,51,Berlin Senior High School,20050,11,95 - 100,23,53,24,<10,24,76,NULL,95 , 100,0,24,0,20050,0,0,0
2015,sch,mat,Regular,Berlin,51,Hillside Elementary School,27035,0,225 - 230,27,43,21,<10,30,70,NULL,225 , 230,227.5,30,6825,27035,227.5,6825,30
2015,sch,mat,Regular,Berlin,51,Hillside Elementary School,27035,3,75 - 80,32,39,24,<10,29,71,2403,75 , 80,0,29,0,27035,0,0,0
2015,sch,mat,Regular,Berlin,51,Hillside Elementary School,27035,4,70 - 75,18,44,32,<10,38,62,2463,70 , 75,0,38,0,27035,0,0,0
2015,sch,mat,Regular,Berlin,51,Hillside Elementary School,27035,5,75 - 80,31,47,<10,13,22,78,2489,75 , 80,0,22,0,27035,0,0,0
2015,sch,rea,Regular,Berlin,51,Hillside Elementary School,27035,0,225 - 230,31,29,29,11,40,60,NULL,225 , 230,0,40,0,27035,0,0,0
2015,sch,rea,Regular,Berlin,51,Hillside Elementary School,27035,3,75 - 80,30,32,27,11,38,62,2403,75 , 80,0,38,0,27035,0,0,0
2015,sch,rea,Regular,Berlin,51,Hillside Elementary School,27035,4,70 - 75,27,30,27,15,42,58,2451,70 , 75,0,42,0,27035,0,0,0
2015,sch,rea,Regular,Berlin,51,Hillside Elementary School,27035,5,75 - 80,35,26,32,<10,39,61,2476,75 , 80,0,39,0,27035,0,0,0
2015,sch,sci,Regular,Berlin,51,Hillside Elementary School,27035,0,70 - 75,21,55,25,<10,25,75,NULL,70 , 75,0,25,0,27035,0,0,0
2015,sch,sci,Regular,Berlin,51,Hillside Elementary School,27035,4,70 - 75,21,55,25,<10,25,75,NULL,70 , 75,0,25,0,27035,0,0,0
2015,sch,mat,Regular,Bethlehem,53,Bethlehem Elementary School,21400,0,90 - 95,20,31,31,19,49,51,NULL,90 , 95,92.5,49,4532.5,21400,92.5,4532.5,49
2015,sch,mat,Regular,Bethlehem,53,Bethlehem Elementary School,21400,3,25 - 30,<10,22,41,30,70,30,2461,25 , 30,0,70,0,21400,0,0,0
2015,sch,mat,Regular,Bethlehem,53,Bethlehem Elementary School,21400,4,20 - 25,10,33,38,19,57,43,2492,20 , 25,0,57,0,21400,0,0,0
2015,sch,mat,Regular,Bethlehem,53,Bethlehem Elementary School,21400,5,20 - 25,41,32,14,14,27,73,2477,20 , 25,0,27,0,21400,0,0,0
2015,sch,mat,Regular,Bethlehem,53,Bethlehem Elementary School,21400,6,20 - 25,24,38,29,10,38,62,2529,20 , 25,0,38,0,21400,0,0,0
2015,sch,rea,Regular,Bethlehem,53,Bethlehem Elementary School,21400,0,90 - 95,24,20,34,21,56,44,NULL,90 , 95,0,56,0,21400,0,0,0
2015,sch,rea,Regular,Bethlehem,53,Bethlehem Elementary School,21400,3,25 - 30,19,26,26,30,56,44,2434,25 , 30,0,56,0,21400,0,0,0
2015,sch,rea,Regular,Bethlehem,53,Bethlehem Elementary School,21400,4,20 - 25,25,20,30,25,55,45,2475,20 , 25,0,55,0,21400,0,0,0
2015,sch,rea,Regular,Bethlehem,53,Bethlehem Elementary School,21400,5,20 - 25,41,14,32,14,45,55,2497,20 , 25,0,45,0,21400,0,0,0
2015,sch,rea,Regular,Bethlehem,53,Bethlehem Elementary School,21400,6,20 - 25,14,19,52,14,67,33,2555,20 , 25,0,67,0,21400,0,0,0
2015,sch,sci,Regular,Bethlehem,53,Bethlehem Elementary School,21400,0,20 - 25,19,24,57,<10,57,43,NULL,20 , 25,0,57,0,21400,0,0,0
2015,sch,sci,Regular,Bethlehem,53,Bethlehem Elementary School,21400,4,20 - 25,19,24,57,<10,57,43,NULL,20 , 25,0,57,0,21400,0,0,0
2015,sch,mat,Regular,Bow,57,Bow Elementary School,20680,0,175 - 180,<10,22,34,37,70,30,NULL,175 , 180,177.5,70,12425,20680,177.5,12425,70
2015,sch,mat,Regular,Bow,57,Bow Elementary School,20680,3,80 - 85,10,16,32,42,74,26,2477,80 , 85,0,74,0,20680,0,0,0
2015,sch,mat,Regular,Bow,57,Bow Elementary School,20680,4,90 - 95,<10,28,35,32,67,33,2520,90 , 95,0,67,0,20680,0,0,0
2015,sch,rea,Regular,Bow,57,Bow Elementary School,20680,0,175 - 180,<10,13,29,51,79,21,NULL,175 , 180,0,79,0,20680,0,0,0
2015,sch,rea,Regular,Bow,57,Bow Elementary School,20680,3,80 - 85,<10,16,26,49,75,25,2479,80 , 85,0,75,0,20680,0,0,0
2015,sch,rea,Regular,Bow,57,Bow Elementary School,20680,4,90 - 95,<10,11,31,52,83,17,2531,90 , 95,0,83,0,20680,0,0,0
2015,sch,sci,Regular,Bow,57,Bow Elementary School,20680,0,90 - 95,<10,32,61,<10,63,37,NULL,90 , 95,0,63,0,20680,0,0,0
2015,sch,sci,Regular,Bow,57,Bow Elementary School,20680,4,90 - 95,<10,32,61,<10,63,37,NULL,90 , 95,0,63,0,20680,0,0,0
2015,sch,mat,Regular,Bow,57,Bow High School,27375,0,90 - 95,24,23,31,21,52,48,NULL,90 , 95,92.5,52,4810,27375,92.5,4810,52
2015,sch,mat,Regular,Bow,57,Bow High School,27375,11,90 - 95,24,23,31,21,52,48,2622,90 , 95,0,52,0,27375,0,0,0
2015,sch,rea,Regular,Bow,57,Bow High School,27375,0,105 - 110,<10,14,40,44,84,16,NULL,105 , 110,0,84,0,27375,0,0,0
2015,sch,rea,Regular,Bow,57,Bow High School,27375,11,105 - 110,<10,14,40,44,84,16,2664,105 , 110,0,84,0,27375,0,0,0
2015,sch,sci,Regular,Bow,57,Bow High School,27375,0,105 - 110,10,42,45,<10,48,52,NULL,105 , 110,0,48,0,27375,0,0,0
2015,sch,sci,Regular,Bow,57,Bow High School,27375,11,105 - 110,10,42,45,<10,48,52,NULL,105 , 110,0,48,0,27375,0,0,0
2015,sch,mat,Regular,Bow,57,Bow Memorial School,20675,0,505 - 510,12,28,26,34,61,39,NULL,505 , 510,507.5,61,30957.5,20675,507.5,30957.5,61
2015,sch,mat,Regular,Bow,57,Bow Memorial School,20675,5,100 - 105,17,21,35,27,62,38,2531,100 , 105,0,62,0,20675,0,0,0
2015,sch,mat,Regular,Bow,57,Bow Memorial School,20675,6,120 - 125,12,26,22,41,63,38,2583,120 , 125,0,63,0,20675,0,0,0
2015,sch,mat,Regular,Bow,57,Bow Memorial School,20675,7,140 - 145,<10,30,23,41,63,37,2607,140 , 145,0,63,0,20675,0,0,0
2015,sch,mat,Regular,Bow,57,Bow Memorial School,20675,8,140 - 145,13,31,28,28,56,44,2600,140 , 145,0,56,0,20675,0,0,0
2015,sch,rea,Regular,Bow,57,Bow Memorial School,20675,0,505 - 510,<10,17,44,32,76,24,NULL,505 , 510,0,76,0,20675,0,0,0
2015,sch,rea,Regular,Bow,57,Bow Memorial School,20675,5,100 - 105,12,16,32,41,73,27,2553,100 , 105,0,73,0,20675,0,0,0
2015,sch,rea,Regular,Bow,57,Bow Memorial School,20675,6,115 - 120,<10,16,45,30,75,25,2577,115 , 120,0,75,0,20675,0,0,0
2015,sch,rea,Regular,Bow,57,Bow Memorial School,20675,7,140 - 145,<10,17,45,35,80,20,2615,140 , 145,0,80,0,20675,0,0,0
2015,sch,rea,Regular,Bow,57,Bow Memorial School,20675,8,140 - 145,<10,20,51,23,75,25,2610,140 , 145,0,75,0,20675,0,0,0
2015,sch,sci,Regular,Bow,57,Bow Memorial School,20675,0,140 - 145,10,63,26,<10,26,74,NULL,140 , 145,0,26,0,20675,0,0,0
2015,sch,sci,Regular,Bow,57,Bow Memorial School,20675,8,140 - 145,10,63,26,<10,26,74,NULL,140 , 145,0,26,0,20675,0,0,0
2015,sch,mat,Regular,Brentwood,63,Swasey Central School ,20555,0,175 - 180,11,34,36,19,55,45,NULL,175 , 180,177.5,55,9762.5,20555,177.5,9762.5,55
2015,sch,mat,Regular,Brentwood,63,Swasey Central School ,20555,3,50 - 55,15,23,36,26,62,38,2458,50 , 55,0,62,0,20555,0,0,0
2015,sch,mat,Regular,Brentwood,63,Swasey Central School ,20555,4,65 - 70,<10,41,39,13,52,48,2486,65 , 70,0,52,0,20555,0,0,0
2015,sch,mat,Regular,Brentwood,63,Swasey Central School ,20555,5,55 - 60,13,36,33,18,51,49,2528,55 , 60,0,51,0,20555,0,0,0
2015,sch,rea,Regular,Brentwood,63,Swasey Central School ,20555,0,175 - 180,<10,18,37,38,75,25,NULL,175 , 180,0,75,0,20555,0,0,0
2015,sch,rea,Regular,Brentwood,63,Swasey Central School ,20555,3,50 - 55,<10,15,40,38,77,23,2469,50 , 55,0,77,0,20555,0,0,0
2015,sch,rea,Regular,Brentwood,63,Swasey Central School ,20555,4,65 - 70,<10,19,36,36,72,28,2502,65 , 70,0,72,0,20555,0,0,0
2015,sch,rea,Regular,Brentwood,63,Swasey Central School ,20555,5,55 - 60,<10,20,35,40,75,25,2561,55 , 60,0,75,0,20555,0,0,0
2015,sch,sci,Regular,Brentwood,63,Swasey Central School ,20555,0,70 - 75,<10,33,63,<10,63,38,NULL,70 , 75,0,63,0,20555,0,0,0
2015,sch,sci,Regular,Brentwood,63,Swasey Central School ,20555,4,70 - 75,<10,33,63,<10,63,38,NULL,70 , 75,0,63,0,20555,0,0,0
2015,sch,mat,Regular,Brookline,71,Captain Samuel Douglass Academy,27765,0,285 - 290,<10,28,31,34,66,34,NULL,285 , 290,287.5,66,18975,27765,287.5,18975,66
2015,sch,mat,Regular,Brookline,71,Captain Samuel Douglass Academy,27765,4,85 - 90,<10,20,38,37,75,25,2526,85 , 90,0,75,0,27765,0,0,0
2015,sch,mat,Regular,Brookline,71,Captain Samuel Douglass Academy,27765,5,95 - 100,12,34,25,28,54,46,2535,95 , 100,0,54,0,27765,0,0,0
2015,sch,mat,Regular,Brookline,71,Captain Samuel Douglass Academy,27765,6,95 - 100,<10,28,31,38,70,30,2597,95 , 100,0,70,0,27765,0,0,0
2015,sch,rea,Regular,Brookline,71,Captain Samuel Douglass Academy,27765,0,285 - 290,<10,17,38,40,78,22,NULL,285 , 290,0,78,0,27765,0,0,0
2015,sch,rea,Regular,Brookline,71,Captain Samuel Douglass Academy,27765,4,85 - 90,<10,17,25,49,74,26,2521,85 , 90,0,74,0,27765,0,0,0
2015,sch,rea,Regular,Brookline,71,Captain Samuel Douglass Academy,27765,5,100 - 105,<10,19,39,39,77,23,2562,100 , 105,0,77,0,27765,0,0,0
2015,sch,rea,Regular,Brookline,71,Captain Samuel Douglass Academy,27765,6,95 - 100,<10,16,49,32,82,18,2594,95 , 100,0,82,0,27765,0,0,0
2015,sch,sci,Regular,Brookline,71,Captain Samuel Douglass Academy,27765,0,85 - 90,<10,31,64,<10,64,36,NULL,85 , 90,0,64,0,27765,0,0,0
2015,sch,sci,Regular,Brookline,71,Captain Samuel Douglass Academy,27765,4,85 - 90,<10,31,64,<10,64,36,NULL,85 , 90,0,64,0,27765,0,0,0
2015,sch,mat,Regular,Brookline,71,Richard Maghakian Memorial School,21800,0,60 - 65,<10,13,41,41,82,18,NULL,60 , 65,62.5,82,5125,21800,62.5,5125,82
2015,sch,mat,Regular,Brookline,71,Richard Maghakian Memorial School,21800,3,60 - 65,<10,13,41,41,82,18,2484,60 , 65,0,82,0,21800,0,0,0
2015,sch,rea,Regular,Brookline,71,Richard Maghakian Memorial School,21800,0,60 - 65,<10,<10,23,66,89,11,NULL,60 , 65,0,89,0,21800,0,0,0
2015,sch,rea,Regular,Brookline,71,Richard Maghakian Memorial School,21800,3,60 - 65,<10,<10,23,66,89,11,2501,60 , 65,0,89,0,21800,0,0,0
2015,sch,mat,Regular,Campton,75,Campton Elementary School,22335,0,190 - 195,11,33,35,21,56,44,NULL,190 , 195,192.5,56,10780,22335,192.5,10780,56
2015,sch,mat,Regular,Campton,75,Campton Elementary School,22335,3,35 - 40,<10,24,54,16,70,30,2458,35 , 40,0,70,0,22335,0,0,0
2015,sch,mat,Regular,Campton,75,Campton Elementary School,22335,4,30 - 35,<10,47,47,<10,50,50,2483,30 , 35,0,50,0,22335,0,0,0
2015,sch,mat,Regular,Campton,75,Campton Elementary School,22335,5,30 - 35,16,48,35,<10,35,65,2501,30 , 35,0,35,0,22335,0,0,0
2015,sch,mat,Regular,Campton,75,Campton Elementary School,22335,6,30 - 35,18,36,15,30,45,55,2542,30 , 35,0,45,0,22335,0,0,0
2015,sch,mat,Regular,Campton,75,Campton Elementary School,22335,7,25 - 30,<10,24,48,24,72,28,2590,25 , 30,0,72,0,22335,0,0,0
2015,sch,mat,Regular,Campton,75,Campton Elementary School,22335,8,30 - 35,17,20,10,53,63,37,2614,30 , 35,0,63,0,22335,0,0,0
2015,sch,rea,Regular,Campton,75,Campton Elementary School,22335,0,190 - 195,10,23,48,18,66,34,NULL,190 , 195,0,66,0,22335,0,0,0
2015,sch,rea,Regular,Campton,75,Campton Elementary School,22335,3,35 - 40,<10,38,38,16,54,46,2447,35 , 40,0,54,0,22335,0,0,0
2015,sch,rea,Regular,Campton,75,Campton Elementary School,22335,4,30 - 35,19,19,35,26,61,39,2486,30 , 35,0,61,0,22335,0,0,0
2015,sch,rea,Regular,Campton,75,Campton Elementary School,22335,5,30 - 35,<10,28,53,<10,63,38,2515,30 , 35,0,63,0,22335,0,0,0
2015,sch,rea,Regular,Campton,75,Campton Elementary School,22335,6,35 - 40,<10,20,46,26,71,29,2564,35 , 40,0,71,0,22335,0,0,0
2015,sch,rea,Regular,Campton,75,Campton Elementary School,22335,7,25 - 30,<10,14,69,14,83,17,2595,25 , 30,0,83,0,22335,0,0,0
2015,sch,rea,Regular,Campton,75,Campton Elementary School,22335,8,30 - 35,13,17,53,17,70,30,2600,30 , 35,0,70,0,22335,0,0,0
2015,sch,sci,Regular,Campton,75,Campton Elementary School,22335,0,60 - 65,<10,49,49,<10,49,51,NULL,60 , 65,0,49,0,22335,0,0,0
2015,sch,sci,Regular,Campton,75,Campton Elementary School,22335,4,30 - 35,<10,45,55,<10,55,45,NULL,30 , 35,0,55,0,22335,0,0,0
2015,sch,sci,Regular,Campton,75,Campton Elementary School,22335,8,30 - 35,<10,53,43,<10,43,57,NULL,30 , 35,0,43,0,22335,0,0,0
2015,sch,mat,Regular,Candia,79,Henry W. Moore School,20535,0,250 - 255,16,33,28,23,51,49,NULL,250 , 255,252.5,51,12877.5,20535,252.5,12877.5,51
2015,sch,mat,Regular,Candia,79,Henry W. Moore School,20535,3,35 - 40,16,35,38,11,49,51,2439,35 , 40,0,49,0,20535,0,0,0
2015,sch,mat,Regular,Candia,79,Henry W. Moore School,20535,4,35 - 40,<10,40,34,20,54,46,2495,35 , 40,0,54,0,20535,0,0,0
2015,sch,mat,Regular,Candia,79,Henry W. Moore School,20535,5,45 - 50,21,40,25,15,40,60,2511,45 , 50,0,40,0,20535,0,0,0
2015,sch,mat,Regular,Candia,79,Henry W. Moore School,20535,6,40 - 45,20,32,14,34,48,52,2550,40 , 45,0,48,0,20535,0,0,0
2015,sch,mat,Regular,Candia,79,Henry W. Moore School,20535,7,35 - 40,<10,26,38,31,69,31,2596,35 , 40,0,69,0,20535,0,0,0
2015,sch,mat,Regular,Candia,79,Henry W. Moore School,20535,8,50 - 55,22,29,22,27,49,51,2581,50 , 55,0,49,0,20535,0,0,0
2015,sch,rea,Regular,Candia,79,Henry W. Moore School,20535,0,250 - 255,<10,23,41,29,70,30,NULL,250 , 255,0,70,0,20535,0,0,0
2015,sch,rea,Regular,Candia,79,Henry W. Moore School,20535,3,35 - 40,<10,32,41,22,62,38,2451,35 , 40,0,62,0,20535,0,0,0
2015,sch,rea,Regular,Candia,79,Henry W. Moore School,20535,4,35 - 40,11,26,20,43,63,37,2506,35 , 40,0,63,0,20535,0,0,0
2015,sch,rea,Regular,Candia,79,Henry W. Moore School,20535,5,45 - 50,<10,21,31,42,73,27,2554,45 , 50,0,73,0,20535,0,0,0
2015,sch,rea,Regular,Candia,79,Henry W. Moore School,20535,6,40 - 45,14,16,41,30,70,30,2560,40 , 45,0,70,0,20535,0,0,0
2015,sch,rea,Regular,Candia,79,Henry W. Moore School,20535,7,35 - 40,<10,23,51,26,77,23,2613,35 , 40,0,77,0,20535,0,0,0
2015,sch,rea,Regular,Candia,79,Henry W. Moore School,20535,8,50 - 55,<10,22,57,16,73,27,2610,50 , 55,0,73,0,20535,0,0,0
2015,sch,sci,Regular,Candia,79,Henry W. Moore School,20535,0,85 - 90,<10,47,50,<10,50,50,NULL,85 , 90,0,50,0,20535,0,0,0
2015,sch,sci,Regular,Candia,79,Henry W. Moore School,20535,4,35 - 40,<10,43,51,<10,51,49,NULL,35 , 40,0,51,0,20535,0,0,0
2015,sch,sci,Regular,Candia,79,Henry W. Moore School,20535,8,50 - 55,<10,49,49,<10,49,51,NULL,50 , 55,0,49,0,20535,0,0,0
2015,sch,mat,Regular,Chester,93,Chester Academy,20500,0,365 - 370,17,42,29,13,42,58,NULL,365 , 370,367.5,42,15435,20500,367.5,15435,42
2015,sch,mat,Regular,Chester,93,Chester Academy,20500,3,35 - 40,10,15,54,21,74,26,2462,35 , 40,0,74,0,20500,0,0,0
2015,sch,mat,Regular,Chester,93,Chester Academy,20500,4,65 - 70,<10,48,30,14,44,56,2482,65 , 70,0,44,0,20500,0,0,0
2015,sch,mat,Regular,Chester,93,Chester Academy,20500,5,50 - 55,18,47,29,<10,35,65,2504,50 , 55,0,35,0,20500,0,0,0
2015,sch,mat,Regular,Chester,93,Chester Academy,20500,6,75 - 80,18,54,19,<10,28,72,2519,75 , 80,0,28,0,20500,0,0,0
2015,sch,mat,Regular,Chester,93,Chester Academy,20500,7,65 - 70,15,34,37,13,51,49,2559,65 , 70,0,51,0,20500,0,0,0
2015,sch,mat,Regular,Chester,93,Chester Academy,20500,8,65 - 70,28,40,15,18,32,68,2552,65 , 70,0,32,0,20500,0,0,0
2015,sch,rea,Regular,Chester,93,Chester Academy,20500,0,370 - 375,<10,26,40,25,65,35,NULL,370 , 375,0,65,0,20500,0,0,0
2015,sch,rea,Regular,Chester,93,Chester Academy,20500,3,35 - 40,<10,26,33,36,69,31,2467,35 , 40,0,69,0,20500,0,0,0
2015,sch,rea,Regular,Chester,93,Chester Academy,20500,4,65 - 70,14,23,33,30,64,36,2493,65 , 70,0,64,0,20500,0,0,0
2015,sch,rea,Regular,Chester,93,Chester Academy,20500,5,50 - 55,<10,15,54,23,77,23,2542,50 , 55,0,77,0,20500,0,0,0
2015,sch,rea,Regular,Chester,93,Chester Academy,20500,6,80 - 85,<10,35,37,22,59,41,2547,80 , 85,0,59,0,20500,0,0,0
2015,sch,rea,Regular,Chester,93,Chester Academy,20500,7,65 - 70,11,32,35,23,58,42,2580,65 , 70,0,58,0,20500,0,0,0
2015,sch,rea,Regular,Chester,93,Chester Academy,20500,8,70 - 75,<10,24,49,20,69,31,2600,70 , 75,0,69,0,20500,0,0,0
2015,sch,sci,Regular,Chester,93,Chester Academy,20500,0,135 - 140,10,46,43,<10,44,56,NULL,135 , 140,0,44,0,20500,0,0,0
2015,sch,sci,Regular,Chester,93,Chester Academy,20500,4,65 - 70,<10,36,58,<10,61,39,NULL,65 , 70,0,61,0,20500,0,0,0
2015,sch,sci,Regular,Chester,93,Chester Academy,20500,8,70 - 75,17,54,29,<10,29,71,NULL,70 , 75,0,29,0,20500,0,0,0
2015,sch,mat,Regular,Chesterfield,95,Chesterfield Central School,21140,0,175 - 180,12,33,35,20,55,45,NULL,175 , 180,177.5,55,9762.5,21140,177.5,9762.5,55
2015,sch,mat,Regular,Chesterfield,95,Chesterfield Central School,21140,3,15 - 20,<10,53,41,<10,47,53,2440,15 , 20,0,47,0,21140,0,0,0
2015,sch,mat,Regular,Chesterfield,95,Chesterfield Central School,21140,4,30 - 35,18,39,33,<10,42,58,2472,30 , 35,0,42,0,21140,0,0,0
2015,sch,mat,Regular,Chesterfield,95,Chesterfield Central School,21140,5,30 - 35,13,27,33,27,60,40,2537,30 , 35,0,60,0,21140,0,0,0
2015,sch,mat,Regular,Chesterfield,95,Chesterfield Central School,21140,6,25 - 30,14,39,29,18,46,54,2548,25 , 30,0,46,0,21140,0,0,0
2015,sch,mat,Regular,Chesterfield,95,Chesterfield Central School,21140,7,35 - 40,10,18,41,31,72,28,2590,35 , 40,0,72,0,21140,0,0,0
2015,sch,mat,Regular,Chesterfield,95,Chesterfield Central School,21140,8,30 - 35,<10,34,34,22,56,44,2591,30 , 35,0,56,0,21140,0,0,0
2015,sch,rea,Regular,Chesterfield,95,Chesterfield Central School,21140,0,175 - 180,<10,20,46,27,72,28,NULL,175 , 180,0,72,0,21140,0,0,0
2015,sch,rea,Regular,Chesterfield,95,Chesterfield Central School,21140,3,15 - 20,<10,35,24,41,65,35,2470,15 , 20,0,65,0,21140,0,0,0
2015,sch,rea,Regular,Chesterfield,95,Chesterfield Central School,21140,4,30 - 35,<10,24,30,36,67,33,2508,30 , 35,0,67,0,21140,0,0,0
2015,sch,rea,Regular,Chesterfield,95,Chesterfield Central School,21140,5,30 - 35,<10,13,47,33,80,20,2549,30 , 35,0,80,0,21140,0,0,0
2015,sch,rea,Regular,Chesterfield,95,Chesterfield Central School,21140,6,25 - 30,<10,25,46,21,68,32,2568,25 , 30,0,68,0,21140,0,0,0
2015,sch,rea,Regular,Chesterfield,95,Chesterfield Central School,21140,7,35 - 40,<10,18,53,24,76,24,2593,35 , 40,0,76,0,21140,0,0,0
2015,sch,rea,Regular,Chesterfield,95,Chesterfield Central School,21140,8,30 - 35,13,13,63,13,75,25,2591,30 , 35,0,75,0,21140,0,0,0
2015,sch,sci,Regular,Chesterfield,95,Chesterfield Central School,21140,0,65 - 70,<10,52,40,<10,40,60,NULL,65 , 70,0,40,0,21140,0,0,0
2015,sch,sci,Regular,Chesterfield,95,Chesterfield Central School,21140,4,30 - 35,<10,42,52,<10,52,48,NULL,30 , 35,0,52,0,21140,0,0,0
2015,sch,sci,Regular,Chesterfield,95,Chesterfield Central School,21140,8,30 - 35,<10,63,28,<10,28,72,NULL,30 , 35,0,28,0,21140,0,0,0
2015,sch,mat,Regular,Chichester,99,Chichester Central School,22590,0,165 - 170,11,22,29,39,67,33,NULL,165 , 170,167.5,67,11222.5,22590,167.5,11222.5,67
2015,sch,mat,Regular,Chichester,99,Chichester Central School,22590,3,20 - 25,22,35,35,<10,43,57,2429,20 , 25,0,43,0,22590,0,0,0
2015,sch,mat,Regular,Chichester,99,Chichester Central School,22590,4,25 - 30,<10,35,46,12,58,42,2492,25 , 30,0,58,0,22590,0,0,0
2015,sch,mat,Regular,Chichester,99,Chichester Central School,22590,5,25 - 30,<10,16,24,52,76,24,2573,25 , 30,0,76,0,22590,0,0,0
2015,sch,mat,Regular,Chichester,99,Chichester Central School,22590,6,35 - 40,11,23,20,46,66,34,2585,35 , 40,0,66,0,22590,0,0,0
2015,sch,mat,Regular,Chichester,99,Chichester Central School,22590,7,30 - 35,<10,16,25,53,78,22,2637,30 , 35,0,78,0,22590,0,0,0
2015,sch,mat,Regular,Chichester,99,Chichester Central School,22590,8,25 - 30,11,11,26,52,78,22,2637,25 , 30,0,78,0,22590,0,0,0
2015,sch,rea,Regular,Chichester,99,Chichester Central School,22590,0,165 - 170,<10,24,39,28,67,33,NULL,165 , 170,0,67,0,22590,0,0,0
2015,sch,rea,Regular,Chichester,99,Chichester Central School,22590,3,20 - 25,22,35,13,30,43,57,2436,20 , 25,0,43,0,22590,0,0,0
2015,sch,rea,Regular,Chichester,99,Chichester Central School,22590,4,25 - 30,15,23,35,27,62,38,2488,25 , 30,0,62,0,22590,0,0,0
2015,sch,rea,Regular,Chichester,99,Chichester Central School,22590,5,25 - 30,<10,20,36,36,72,28,2546,25 , 30,0,72,0,22590,0,0,0
2015,sch,rea,Regular,Chichester,99,Chichester Central School,22590,6,35 - 40,<10,23,46,29,74,26,2576,35 , 40,0,74,0,22590,0,0,0
2015,sch,rea,Regular,Chichester,99,Chichester Central School,22590,7,30 - 35,<10,19,50,25,75,25,2607,30 , 35,0,75,0,22590,0,0,0
2015,sch,rea,Regular,Chichester,99,Chichester Central School,22590,8,25 - 30,<10,26,48,22,70,30,2611,25 , 30,0,70,0,22590,0,0,0
2015,sch,sci,Regular,Chichester,99,Chichester Central School,22590,0,50 - 55,<10,47,42,<10,45,55,NULL,50 , 55,0,45,0,22590,0,0,0
2015,sch,sci,Regular,Chichester,99,Chichester Central School,22590,4,25 - 30,<10,35,58,<10,62,38,NULL,25 , 30,0,62,0,22590,0,0,0
2015,sch,sci,Regular,Chichester,99,Chichester Central School,22590,8,25 - 30,11,59,26,<10,30,70,NULL,25 , 30,0,30,0,22590,0,0,0
2015,sch,mat,Regular,Claremont,101,Bluff School,20145,0,95 - 100,31,35,25,<10,33,67,NULL,95 , 100,97.5,33,3217.5,20145,97.5,3217.5,33
2015,sch,mat,Regular,Claremont,101,Bluff School,20145,3,40 - 45,34,37,29,<10,29,71,2394,40 , 45,0,29,0,20145,0,0,0
2015,sch,mat,Regular,Claremont,101,Bluff School,20145,4,20 - 25,18,36,32,14,45,55,2471,20 , 25,0,45,0,20145,0,0,0
2015,sch,mat,Regular,Claremont,101,Bluff School,20145,5,35 - 40,36,33,17,14,31,69,2494,35 , 40,0,31,0,20145,0,0,0
2015,sch,rea,Regular,Claremont,101,Bluff School,20145,0,95 - 100,37,24,31,<10,38,62,NULL,95 , 100,0,38,0,20145,0,0,0
2015,sch,rea,Regular,Claremont,101,Bluff School,20145,3,40 - 45,41,29,29,<10,29,71,2378,40 , 45,0,29,0,20145,0,0,0
2015,sch,rea,Regular,Claremont,101,Bluff School,20145,4,20 - 25,32,27,32,<10,41,59,2457,20 , 25,0,41,0,20145,0,0,0
2015,sch,rea,Regular,Claremont,101,Bluff School,20145,5,35 - 40,36,17,33,14,47,53,2486,35 , 40,0,47,0,20145,0,0,0
2015,sch,sci,Regular,Claremont,101,Bluff School,20145,0,20 - 25,27,41,32,<10,32,68,NULL,20 , 25,0,32,0,20145,0,0,0
2015,sch,sci,Regular,Claremont,101,Bluff School,20145,4,20 - 25,27,41,32,<10,32,68,NULL,20 , 25,0,32,0,20145,0,0,0
2015,sch,mat,Regular,Claremont,101,Claremont Middle School,20115,0,365 - 370,37,35,20,<10,29,71,NULL,365 , 370,367.5,29,10657.5,20115,367.5,10657.5,29
2015,sch,mat,Regular,Claremont,101,Claremont Middle School,20115,6,115 - 120,43,35,19,<10,22,78,2485,115 , 120,0,22,0,20115,0,0,0
2015,sch,mat,Regular,Claremont,101,Claremont Middle School,20115,7,130 - 135,32,35,26,<10,34,66,2522,130 , 135,0,34,0,20115,0,0,0
2015,sch,mat,Regular,Claremont,101,Claremont Middle School,20115,8,115 - 120,36,34,15,15,30,70,2523,115 , 120,0,30,0,20115,0,0,0
2015,sch,rea,Regular,Claremont,101,Claremont Middle School,20115,0,355 - 360,39,35,21,<10,26,74,NULL,355 , 360,0,26,0,20115,0,0,0
2015,sch,rea,Regular,Claremont,101,Claremont Middle School,20115,6,110 - 115,39,31,24,<10,30,70,2483,110 , 115,0,30,0,20115,0,0,0
2015,sch,rea,Regular,Claremont,101,Claremont Middle School,20115,7,130 - 135,40,34,21,<10,26,74,2498,130 , 135,0,26,0,20115,0,0,0
2015,sch,rea,Regular,Claremont,101,Claremont Middle School,20115,8,115 - 120,38,39,20,<10,23,77,2503,115 , 120,0,23,0,20115,0,0,0
2015,sch,sci,Regular,Claremont,101,Claremont Middle School,20115,0,115 - 120,50,46,<10,<10,<10,>90,NULL,115 , 120,0,10,0,20115,0,0,0
2015,sch,sci,Regular,Claremont,101,Claremont Middle School,20115,8,115 - 120,50,46,<10,<10,<10,>90,NULL,115 , 120,0,10,0,20115,0,0,0
2015,sch,mat,Regular,Claremont,101,Disnard Elementary School,20165,0,125 - 130,29,33,29,<10,38,62,NULL,125 , 130,127.5,38,4845,20165,127.5,4845,38
2015,sch,mat,Regular,Claremont,101,Disnard Elementary School,20165,3,45 - 50,41,33,17,<10,26,74,2397,45 , 50,0,26,0,20165,0,0,0
2015,sch,mat,Regular,Claremont,101,Disnard Elementary School,20165,4,40 - 45,21,23,44,12,56,44,2471,40 , 45,0,56,0,20165,0,0,0
2015,sch,mat,Regular,Claremont,101,Disnard Elementary School,20165,5,35 - 40,24,45,26,<10,32,68,2495,35 , 40,0,32,0,20165,0,0,0
2015,sch,rea,Regular,Claremont,101,Disnard Elementary School,20165,0,125 - 130,26,26,34,15,48,52,NULL,125 , 130,0,48,0,20165,0,0,0
2015,sch,rea,Regular,Claremont,101,Disnard Elementary School,20165,3,45 - 50,28,35,24,13,37,63,2408,45 , 50,0,37,0,20165,0,0,0
2015,sch,rea,Regular,Claremont,101,Disnard Elementary School,20165,4,40 - 45,21,21,35,23,58,42,2484,40 , 45,0,58,0,20165,0,0,0
2015,sch,rea,Regular,Claremont,101,Disnard Elementary School,20165,5,35 - 40,28,21,44,<10,51,49,2489,35 , 40,0,51,0,20165,0,0,0
2015,sch,sci,Regular,Claremont,101,Disnard Elementary School,20165,0,40 - 45,16,56,28,<10,28,72,NULL,40 , 45,0,28,0,20165,0,0,0
2015,sch,sci,Regular,Claremont,101,Disnard Elementary School,20165,4,40 - 45,16,56,28,<10,28,72,NULL,40 , 45,0,28,0,20165,0,0,0
2015,sch,mat,Regular,Claremont,101,Maple Avenue School,20160,0,145 - 150,34,36,22,<10,30,70,NULL,145 , 150,147.5,30,4425,20160,147.5,4425,30
2015,sch,mat,Regular,Claremont,101,Maple Avenue School,20160,3,45 - 50,40,30,23,<10,30,70,2403,45 , 50,0,30,0,20160,0,0,0
2015,sch,mat,Regular,Claremont,101,Maple Avenue School,20160,4,45 - 50,25,46,25,<10,29,71,2450,45 , 50,0,29,0,20160,0,0,0
2015,sch,mat,Regular,Claremont,101,Maple Avenue School,20160,5,50 - 55,36,32,19,13,32,68,2485,50 , 55,0,32,0,20160,0,0,0
2015,sch,rea,Regular,Claremont,101,Maple Avenue School,20160,0,145 - 150,45,23,24,<10,32,68,NULL,145 , 150,0,32,0,20160,0,0,0
2015,sch,rea,Regular,Claremont,101,Maple Avenue School,20160,3,45 - 50,47,19,19,15,34,66,2385,45 , 50,0,34,0,20160,0,0,0
2015,sch,rea,Regular,Claremont,101,Maple Avenue School,20160,4,45 - 50,44,29,23,<10,27,73,2425,45 , 50,0,27,0,20160,0,0,0
2015,sch,rea,Regular,Claremont,101,Maple Avenue School,20160,5,50 - 55,43,21,28,<10,36,64,2471,50 , 55,0,36,0,20160,0,0,0
2015,sch,sci,Regular,Claremont,101,Maple Avenue School,20160,0,45 - 50,21,58,21,<10,21,79,NULL,45 , 50,0,21,0,20160,0,0,0
2015,sch,sci,Regular,Claremont,101,Maple Avenue School,20160,4,45 - 50,21,58,21,<10,21,79,NULL,45 , 50,0,21,0,20160,0,0,0
2015,sch,mat,Regular,Claremont,101,Stevens High School,20140,0,70 - 75,47,28,14,10,25,75,NULL,70 , 75,72.5,25,1812.5,20140,72.5,1812.5,25
2015,sch,mat,Regular,Claremont,101,Stevens High School,20140,11,70 - 75,47,28,14,10,25,75,2549,70 , 75,0,25,0,20140,0,0,0
2015,sch,rea,Regular,Claremont,101,Stevens High School,20140,0,75 - 80,19,32,34,14,48,52,NULL,75 , 80,0,48,0,20140,0,0,0
2015,sch,rea,Regular,Claremont,101,Stevens High School,20140,11,75 - 80,19,32,34,14,48,52,2577,75 , 80,0,48,0,20140,0,0,0
2015,sch,sci,Regular,Claremont,101,Stevens High School,20140,0,90 - 95,21,55,23,<10,23,77,NULL,90 , 95,0,23,0,20140,0,0,0
2015,sch,sci,Regular,Claremont,101,Stevens High School,20140,11,90 - 95,21,55,23,<10,23,77,NULL,90 , 95,0,23,0,20140,0,0,0
2015,sch,mat,Regular,Cocheco Academy for the Arts,707,Cocheco Arts and Technology Charter Academy,28455,0, 0 - 10,* n < 11,* n < 11,* n < 11,* n < 11,* n < 11,* n < 11,* n < 11, 0 , 10,0,* n < 11,0,0,0,0,0
2015,sch,mat,Regular,Cocheco Academy for the Arts,707,Cocheco Arts and Technology Charter Academy,28455,11, 0 - 10,* n < 11,* n < 11,* n < 11,* n < 11,* n < 11,* n < 11,* n < 11, 0 , 10,0,* n < 11,0,0,0,0,0
2015,sch,rea,Regular,Cocheco Academy for the Arts,707,Cocheco Arts and Technology Charter Academy,28455,0, 0 - 10,* n < 11,* n < 11,* n < 11,* n < 11,* n < 11,* n < 11,* n < 11, 0 , 10,0,* n < 11,0,0,0,0,0
2015,sch,rea,Regular,Cocheco Academy for the Arts,707,Cocheco Arts and Technology Charter Academy,28455,11, 0 - 10,* n < 11,* n < 11,* n < 11,* n < 11,* n < 11,* n < 11,* n < 11, 0 , 10,0,* n < 11,0,0,0,0,0
2015,sch,sci,Regular,Cocheco Academy for the Arts,707,Cocheco Arts and Technology Charter Academy,28455,0, 0 - 10,* n < 11,* n < 11,* n < 11,* n < 11,* n < 11,* n < 11,* n < 11, 0 , 10,0,* n < 11,0,0,0,0,0
2015,sch,sci,Regular,Cocheco Academy for the Arts,707,Cocheco Arts and Technology Charter Academy,28455,11, 0 - 10,* n < 11,* n < 11,* n < 11,* n < 11,* n < 11,* n < 11,* n < 11, 0 , 10,0,* n < 11,0,0,0,0,0
2015,sch,mat,Regular,Coe-Brown Northwood Academy,998,Coe-Brown Northwood Academy,22025,0,185 - 190,12,21,34,33,67,33,NULL,185 , 190,187.5,67,12562.5,22025,187.5,12562.5,67
2015,sch,mat,Regular,Coe-Brown Northwood Academy,998,Coe-Brown Northwood Academy,22025,11,185 - 190,12,21,34,33,67,33,2662,185 , 190,0,67,0,22025,0,0,0
2015,sch,rea,Regular,Coe-Brown Northwood Academy,998,Coe-Brown Northwood Academy,22025,0,180 - 185,<10,14,35,48,83,17,NULL,180 , 185,0,83,0,22025,0,0,0
2015,sch,rea,Regular,Coe-Brown Northwood Academy,998,Coe-Brown Northwood Academy,22025,11,180 - 185,<10,14,35,48,83,17,2668,180 , 185,0,83,0,22025,0,0,0
2015,sch,sci,Regular,Coe-Brown Northwood Academy,998,Coe-Brown Northwood Academy,22025,0,185 - 190,<10,43,45,<10,49,51,NULL,185 , 190,0,49,0,22025,0,0,0
2015,sch,sci,Regular,Coe-Brown Northwood Academy,998,Coe-Brown Northwood Academy,22025,11,185 - 190,<10,43,45,<10,49,51,NULL,185 , 190,0,49,0,22025,0,0,0
2015,sch,mat,Regular,Colebrook,105,Colebrook Academy,20185,0,10 -15,36,36,29,<10,29,71,NULL,10 ,15,12.5,29,362.5,20185,12.5,362.5,29
2015,sch,mat,Regular,Colebrook,105,Colebrook Academy,20185,11,10 -15,36,36,29,<10,29,71,2570,10 ,15,0,29,0,20185,0,0,0
2015,sch,rea,Regular,Colebrook,105,Colebrook Academy,20185,0,10 -15,<10,21,43,29,71,29,NULL,10 ,15,0,71,0,20185,0,0,0
2015,sch,rea,Regular,Colebrook,105,Colebrook Academy,20185,11,10 -15,<10,21,43,29,71,29,2634,10 ,15,0,71,0,20185,0,0,0
2015,sch,sci,Regular,Colebrook,105,Colebrook Academy,20185,0,10 -15,14,57,29,<10,29,71,NULL,10 ,15,0,29,0,20185,0,0,0
2015,sch,sci,Regular,Colebrook,105,Colebrook Academy,20185,11,10 -15,14,57,29,<10,29,71,NULL,10 ,15,0,29,0,20185,0,0,0
2015,sch,mat,Regular,Colebrook,105,Colebrook Elementary School,20195,0,160 - 165,31,38,23,<10,30,70,NULL,160 , 165,162.5,30,4875,20195,162.5,4875,30
2015,sch,mat,Regular,Colebrook,105,Colebrook Elementary School,20195,3,20 - 25,26,61,<10,<10,13,87,2403,20 , 25,0,13,0,20195,0,0,0
2015,sch,mat,Regular,Colebrook,105,Colebrook Elementary School,20195,4,25 - 30,25,43,21,11,32,68,2463,25 , 30,0,32,0,20195,0,0,0
2015,sch,mat,Regular,Colebrook,105,Colebrook Elementary School,20195,5,20 - 25,38,50,13,<10,13,88,2460,20 , 25,0,13,0,20195,0,0,0
2015,sch,mat,Regular,Colebrook,105,Colebrook Elementary School,20195,6,25 - 30,24,36,28,12,40,60,2528,25 , 30,0,40,0,20195,0,0,0
2015,sch,mat,Regular,Colebrook,105,Colebrook Elementary School,20195,7,25 - 30,32,44,16,<10,24,76,2518,25 , 30,0,24,0,20195,0,0,0
2015,sch,mat,Regular,Colebrook,105,Colebrook Elementary School,20195,8,35 - 40,38,13,41,<10,49,51,2542,35 , 40,0,49,0,20195,0,0,0
2015,sch,rea,Regular,Colebrook,105,Colebrook Elementary School,20195,0,160 - 165,17,32,34,16,51,49,NULL,160 , 165,0,51,0,20195,0,0,0
2015,sch,rea,Regular,Colebrook,105,Colebrook Elementary School,20195,3,20 - 25,30,52,<10,<10,17,83,2393,20 , 25,0,17,0,20195,0,0,0
2015,sch,rea,Regular,Colebrook,105,Colebrook Elementary School,20195,4,25 - 30,14,25,32,29,61,39,2485,25 , 30,0,61,0,20195,0,0,0
2015,sch,rea,Regular,Colebrook,105,Colebrook Elementary School,20195,5,20 - 25,17,33,33,17,50,50,2507,20 , 25,0,50,0,20195,0,0,0
2015,sch,rea,Regular,Colebrook,105,Colebrook Elementary School,20195,6,25 - 30,<10,32,40,20,60,40,2564,25 , 30,0,60,0,20195,0,0,0
2015,sch,rea,Regular,Colebrook,105,Colebrook Elementary School,20195,7,25 - 30,23,19,38,19,58,42,2569,25 , 30,0,58,0,20195,0,0,0
2015,sch,rea,Regular,Colebrook,105,Colebrook Elementary School,20195,8,35 - 40,13,34,45,<10,53,47,2568,35 , 40,0,53,0,20195,0,0,0
2015,sch,sci,Regular,Colebrook,105,Colebrook Elementary School,20195,0,65 - 70,16,51,33,<10,33,67,NULL,65 , 70,0,33,0,20195,0,0,0
2015,sch,sci,Regular,Colebrook,105,Colebrook Elementary School,20195,4,25 - 30,<10,36,57,<10,57,43,NULL,25 , 30,0,57,0,20195,0,0,0
2015,sch,sci,Regular,Colebrook,105,Colebrook Elementary School,20195,8,35 - 40,23,62,15,<10,15,85,NULL,35 , 40,0,15,0,20195,0,0,0
2015,sch,mat,Regular,Concord,111,Abbot-Downing School,20240,0,210 - 215,26,29,26,19,45,55,NULL,210 , 215,212.5,45,9562.5,20240,212.5,9562.5,45
2015,sch,mat,Regular,Concord,111,Abbot-Downing School,20240,3,60 - 65,22,33,33,11,44,56,2421,60 , 65,0,44,0,20240,0,0,0
2015,sch,mat,Regular,Concord,111,Abbot-Downing School,20240,4,80 - 85,24,28,30,17,48,52,2472,80 , 85,0,48,0,20240,0,0,0
2015,sch,mat,Regular,Concord,111,Abbot-Downing School,20240,5,65 - 70,31,26,14,29,43,57,2508,65 , 70,0,43,0,20240,0,0,0
2015,sch,rea,Regular,Concord,111,Abbot-Downing School,20240,0,210 - 215,31,20,29,20,49,51,NULL,210 , 215,0,49,0,20240,0,0,0
2015,sch,rea,Regular,Concord,111,Abbot-Downing School,20240,3,60 - 65,32,27,29,13,41,59,2403,60 , 65,0,41,0,20240,0,0,0
2015,sch,rea,Regular,Concord,111,Abbot-Downing School,20240,4,80 - 85,35,18,24,22,46,54,2459,80 , 85,0,46,0,20240,0,0,0
2015,sch,rea,Regular,Concord,111,Abbot-Downing School,20240,5,65 - 70,26,14,34,26,60,40,2514,65 , 70,0,60,0,20240,0,0,0
2015,sch,sci,Regular,Concord,111,Abbot-Downing School,20240,0,80 - 85,16,44,39,<10,40,60,NULL,80 , 85,0,40,0,20240,0,0,0
2015,sch,sci,Regular,Concord,111,Abbot-Downing School,20240,4,80 - 85,16,44,39,<10,40,60,NULL,80 , 85,0,40,0,20240,0,0,0
2015,sch,mat,Regular,Concord,111,Beaver Meadow School,26490,0,175 - 180,32,33,23,13,35,65,NULL,175 , 180,177.5,35,6212.5,26490,177.5,6212.5,35
2015,sch,mat,Regular,Concord,111,Beaver Meadow School,26490,3,50 - 55,25,25,37,13,50,50,2430,50 , 55,0,50,0,26490,0,0,0
2015,sch,mat,Regular,Concord,111,Beaver Meadow School,26490,4,55 - 60,25,44,20,11,31,69,2453,55 , 60,0,31,0,26490,0,0,0
2015,sch,mat,Regular,Concord,111,Beaver Meadow School,26490,5,65 - 70,42,30,14,13,28,72,2477,65 , 70,0,28,0,26490,0,0,0
2015,sch,rea,Regular,Concord,111,Beaver Meadow School,26490,0,175 - 180,32,26,27,16,43,57,NULL,175 , 180,0,43,0,26490,0,0,0
2015,sch,rea,Regular,Concord,111,Beaver Meadow School,26490,3,50 - 55,17,37,25,21,46,54,2431,50 , 55,0,46,0,26490,0,0,0
2015,sch,rea,Regular,Concord,111,Beaver Meadow School,26490,4,55 - 60,35,18,35,13,47,53,2443,55 , 60,0,47,0,26490,0,0,0
2015,sch,rea,Regular,Concord,111,Beaver Meadow School,26490,5,65 - 70,41,23,22,14,36,64,2468,65 , 70,0,36,0,26490,0,0,0
2015,sch,sci,Regular,Concord,111,Beaver Meadow School,26490,0,55 - 60,<10,53,40,<10,40,60,NULL,55 , 60,0,40,0,26490,0,0,0
2015,sch,sci,Regular,Concord,111,Beaver Meadow School,26490,4,55 - 60,<10,53,40,<10,40,60,NULL,55 , 60,0,40,0,26490,0,0,0
2015,sch,mat,Regular,Concord,111,Broken Ground School,20260,0,370 - 375,28,32,28,12,40,60,NULL,370 , 375,372.5,40,14900,20260,372.5,14900,40
2015,sch,mat,Regular,Concord,111,Broken Ground School,20260,3,140 - 145,31,29,33,<10,40,60,2415,140 , 145,0,40,0,20260,0,0,0
2015,sch,mat,Regular,Concord,111,Broken Ground School,20260,4,115 - 120,30,36,23,11,35,65,2451,115 , 120,0,35,0,20260,0,0,0
2015,sch,mat,Regular,Concord,111,Broken Ground School,20260,5,115 - 120,24,30,28,18,45,55,2507,115 , 120,0,45,0,20260,0,0,0
2015,sch,rea,Regular,Concord,111,Broken Ground School,20260,0,360 - 365,29,26,27,18,45,55,NULL,360 , 365,0,45,0,20260,0,0,0
2015,sch,rea,Regular,Concord,111,Broken Ground School,20260,3,135 - 140,34,29,25,12,37,63,2406,135 , 140,0,37,0,20260,0,0,0
2015,sch,rea,Regular,Concord,111,Broken Ground School,20260,4,110 - 115,30,28,17,25,42,58,2460,110 , 115,0,42,0,20260,0,0,0
2015,sch,rea,Regular,Concord,111,Broken Ground School,20260,5,115 - 120,22,21,38,19,57,43,2513,115 , 120,0,57,0,20260,0,0,0
2015,sch,sci,Regular,Concord,111,Broken Ground School,20260,0,115 - 120,10,50,38,<10,40,60,NULL,115 , 120,0,40,0,20260,0,0,0
2015,sch,sci,Regular,Concord,111,Broken Ground School,20260,4,115 - 120,10,50,38,<10,40,60,NULL,115 , 120,0,40,0,20260,0,0,0
2015,sch,mat,Regular,Concord,111,Christa McAuliffe School,20305,0,215 - 220,24,30,29,17,46,54,NULL,215 , 220,217.5,46,10005,20305,217.5,10005,46
2015,sch,mat,Regular,Concord,111,Christa McAuliffe School,20305,3,65 - 70,33,25,27,15,42,58,2418,65 , 70,0,42,0,20305,0,0,0
2015,sch,mat,Regular,Concord,111,Christa McAuliffe School,20305,4,60 - 65,17,41,27,14,41,59,2471,60 , 65,0,41,0,20305,0,0,0
2015,sch,mat,Regular,Concord,111,Christa McAuliffe School,20305,5,85 - 90,21,26,33,20,53,47,2514,85 , 90,0,53,0,20305,0,0,0
2015,sch,rea,Regular,Concord,111,Christa McAuliffe School,20305,0,215 - 220,24,24,30,22,52,48,NULL,215 , 220,0,52,0,20305,0,0,0
2015,sch,rea,Regular,Concord,111,Christa McAuliffe School,20305,3,65 - 70,37,28,22,12,34,66,2403,65 , 70,0,34,0,20305,0,0,0
2015,sch,rea,Regular,Concord,111,Christa McAuliffe School,20305,4,60 - 65,21,27,27,25,52,48,2476,60 , 65,0,52,0,20305,0,0,0
2015,sch,rea,Regular,Concord,111,Christa McAuliffe School,20305,5,85 - 90,17,18,38,26,64,36,2531,85 , 90,0,64,0,20305,0,0,0
2015,sch,sci,Regular,Concord,111,Christa McAuliffe School,20305,0,60 - 65,11,35,51,<10,54,46,NULL,60 , 65,0,54,0,20305,0,0,0
2015,sch,sci,Regular,Concord,111,Christa McAuliffe School,20305,4,60 - 65,11,35,51,<10,54,46,NULL,60 , 65,0,54,0,20305,0,0,0
2015,sch,mat,Regular,Concord,111,Concord High School,20285,0,320 - 325,44,25,19,12,31,69,NULL,320 , 325,322.5,31,9997.5,20285,322.5,9997.5,31
2015,sch,mat,Regular,Concord,111,Concord High School,20285,11,320 - 325,44,25,19,12,31,69,2563,320 , 325,0,31,0,20285,0,0,0
2015,sch,rea,Regular,Concord,111,Concord High School,20285,0,325 - 330,24,24,28,24,52,48,NULL,325 , 330,0,52,0,20285,0,0,0
2015,sch,rea,Regular,Concord,111,Concord High School,20285,11,325 - 330,24,24,28,24,52,48,2584,325 , 330,0,52,0,20285,0,0,0
2015,sch,sci,Regular,Concord,111,Concord High School,20285,0,350 - 355,22,42,34,<10,36,64,NULL,350 , 355,0,36,0,20285,0,0,0
2015,sch,sci,Regular,Concord,111,Concord High School,20285,11,350 - 355,22,42,34,<10,36,64,NULL,350 , 355,0,36,0,20285,0,0,0
2015,sch,mat,Regular,Concord,111,Rundlett Middle School,20270,0,955 - 960,23,27,24,25,49,51,NULL,955 , 960,957.5,49,46917.5,20270,957.5,46917.5,49
2015,sch,mat,Regular,Concord,111,Rundlett Middle School,20270,6,325 - 330,23,30,26,21,47,53,2531,325 , 330,0,47,0,20270,0,0,0
2015,sch,mat,Regular,Concord,111,Rundlett Middle School,20270,7,275 - 280,19,26,26,28,55,45,2566,275 , 280,0,55,0,20270,0,0,0
2015,sch,mat,Regular,Concord,111,Rundlett Middle School,20270,8,355 - 360,27,26,21,26,47,53,2571,355 , 360,0,47,0,20270,0,0,0
2015,sch,rea,Regular,Concord,111,Rundlett Middle School,20270,0,945 - 950,18,27,38,16,54,46,NULL,945 , 950,0,54,0,20270,0,0,0
2015,sch,rea,Regular,Concord,111,Rundlett Middle School,20270,6,320 - 325,20,25,40,16,55,45,2534,320 , 325,0,55,0,20270,0,0,0
2015,sch,rea,Regular,Concord,111,Rundlett Middle School,20270,7,275 - 280,19,25,37,18,56,44,2561,275 , 280,0,56,0,20270,0,0,0
2015,sch,rea,Regular,Concord,111,Rundlett Middle School,20270,8,350 - 355,16,31,37,15,53,47,2571,350 , 355,0,53,0,20270,0,0,0
2015,sch,sci,Regular,Concord,111,Rundlett Middle School,20270,0,355 - 360,30,50,20,<10,20,80,NULL,355 , 360,0,20,0,20270,0,0,0
2015,sch,sci,Regular,Concord,111,Rundlett Middle School,20270,8,355 - 360,30,50,20,<10,20,80,NULL,355 , 360,0,20,0,20270,0,0,0
2015,sch,mat,Regular,Contoocook Valley,112,Antrim Elementary School,22215,0,40 - 45,41,27,27,<10,32,68,NULL,40 , 45,42.5,32,1360,22215,42.5,1360,32
2015,sch,mat,Regular,Contoocook Valley,112,Antrim Elementary School,22215,3,25 - 30,48,24,28,<10,28,72,2392,25 , 30,0,28,0,22215,0,0,0
2015,sch,mat,Regular,Contoocook Valley,112,Antrim Elementary School,22215,4,15 - 20,31,31,25,13,38,63,2460,15 , 20,0,38,0,22215,0,0,0
2015,sch,rea,Regular,Contoocook Valley,112,Antrim Elementary School,22215,0,40 - 45,27,37,20,17,37,63,NULL,40 , 45,0,37,0,22215,0,0,0
2015,sch,rea,Regular,Contoocook Valley,112,Antrim Elementary School,22215,3,25 - 30,32,44,12,12,24,76,2394,25 , 30,0,24,0,22215,0,0,0
2015,sch,rea,Regular,Contoocook Valley,112,Antrim Elementary School,22215,4,15 - 20,19,25,31,25,56,44,2495,15 , 20,0,56,0,22215,0,0,0
2015,sch,sci,Regular,Contoocook Valley,112,Antrim Elementary School,22215,0,15 - 20,13,25,63,<10,63,38,NULL,15 , 20,0,63,0,22215,0,0,0
2015,sch,sci,Regular,Contoocook Valley,112,Antrim Elementary School,22215,4,15 - 20,13,25,63,<10,63,38,NULL,15 , 20,0,63,0,22215,0,0,0
2015,sch,mat,Regular,Contoocook Valley,112,Conval Regional High School,22290,0,125 - 130,37,24,23,16,39,61,NULL,125 , 130,127.5,39,4972.5,22290,127.5,4972.5,39
2015,sch,mat,Regular,Contoocook Valley,112,Conval Regional High School,22290,11,125 - 130,37,24,23,16,39,61,2581,125 , 130,0,39,0,22290,0,0,0
2015,sch,rea,Regular,Contoocook Valley,112,Conval Regional High School,22290,0,145 - 150,13,30,33,23,56,44,NULL,145 , 150,0,56,0,22290,0,0,0
2015,sch,rea,Regular,Contoocook Valley,112,Conval Regional High School,22290,11,145 - 150,13,30,33,23,56,44,2602,145 , 150,0,56,0,22290,0,0,0
2015,sch,sci,Regular,Contoocook Valley,112,Conval Regional High School,22290,0,200 - 205,26,41,32,<10,34,66,NULL,200 , 205,0,34,0,22290,0,0,0
2015,sch,sci,Regular,Contoocook Valley,112,Conval Regional High School,22290,11,200 - 205,26,41,32,<10,34,66,NULL,200 , 205,0,34,0,22290,0,0,0
2015,sch,mat,Regular,Contoocook Valley,112,Dublin Consolidated School,22230,0,25 - 30,32,36,18,14,32,68,NULL,25 , 30,27.5,32,880,22230,27.5,880,32
2015,sch,mat,Regular,Contoocook Valley,112,Dublin Consolidated School,22230,3, 0 - 10,* n < 11,* n < 11,* n < 11,* n < 11,* n < 11,* n < 11,* n < 11, 0 , 10,0,* n < 11,0,22230,0,0,0
2015,sch,mat,Regular,Contoocook Valley,112,Dublin Consolidated School,22230,4, 0 - 10,* n < 11,* n < 11,* n < 11,* n < 11,* n < 11,* n < 11,* n < 11, 0 , 10,0,* n < 11,0,22230,0,0,0
2015,sch,mat,Regular,Contoocook Valley,112,Dublin Consolidated School,22230,5,10 -15,38,38,15,<10,23,77,2480,10 ,15,0,23,0,22230,0,0,0
2015,sch,rea,Regular,Contoocook Valley,112,Dublin Consolidated School,22230,0,25 - 30,<10,21,46,25,71,29,NULL,25 , 30,0,71,0,22230,0,0,0
2015,sch,rea,Regular,Contoocook Valley,112,Dublin Consolidated School,22230,3, 0 - 10,* n < 11,* n < 11,* n < 11,* n < 11,* n < 11,* n < 11,* n < 11, 0 , 10,0,* n < 11,0,22230,0,0,0
2015,sch,rea,Regular,Contoocook Valley,112,Dublin Consolidated School,22230,4, 0 - 10,* n < 11,* n < 11,* n < 11,* n < 11,* n < 11,* n < 11,* n < 11, 0 , 10,0,* n < 11,0,22230,0,0,0
2015,sch,rea,Regular,Contoocook Valley,112,Dublin Consolidated School,22230,5,10 -15,<10,15,62,23,85,15,2546,10 ,15,0,85,0,22230,0,0,0
2015,sch,sci,Regular,Contoocook Valley,112,Dublin Consolidated School,22230,0, 0 - 10,* n < 11,* n < 11,* n < 11,* n < 11,* n < 11,* n < 11,* n < 11, 0 , 10,0,* n < 11,0,22230,0,0,0
2015,sch,sci,Regular,Contoocook Valley,112,Dublin Consolidated School,22230,4, 0 - 10,* n < 11,* n < 11,* n < 11,* n < 11,* n < 11,* n < 11,* n < 11, 0 , 10,0,* n < 11,0,22230,0,0,0
2015,sch,mat,Regular,Contoocook Valley,112,Francestown Elementary School,22245,0,15 - 20,31,50,19,<10,19,81,NULL,15 , 20,17.5,19,332.5,22245,17.5,332.5,19
2015,sch,mat,Regular,Contoocook Valley,112,Francestown Elementary School,22245,3, 0 - 10,* n < 11,* n < 11,* n < 11,* n < 11,* n < 11,* n < 11,* n < 11, 0 , 10,0,* n < 11,0,22245,0,0,0
2015,sch,mat,Regular,Contoocook Valley,112,Francestown Elementary School,22245,4, 0 - 10,* n < 11,* n < 11,* n < 11,* n < 11,* n < 11,* n < 11,* n < 11, 0 , 10,0,* n < 11,0,22245,0,0,0
2015,sch,rea,Regular,Contoocook Valley,112,Francestown Elementary School,22245,0,15 - 20,31,19,31,19,50,50,NULL,15 , 20,0,50,0,22245,0,0,0
2015,sch,rea,Regular,Contoocook Valley,112,Francestown Elementary School,22245,3, 0 - 10,* n < 11,* n < 11,* n < 11,* n < 11,* n < 11,* n < 11,* n < 11, 0 , 10,0,* n < 11,0,22245,0,0,0
2015,sch,rea,Regular,Contoocook Valley,112,Francestown Elementary School,22245,4, 0 - 10,* n < 11,* n < 11,* n < 11,* n < 11,* n < 11,* n < 11,* n < 11, 0 , 10,0,* n < 11,0,22245,0,0,0
2015,sch,sci,Regular,Contoocook Valley,112,Francestown Elementary School,22245,0, 0 - 10,* n < 11,* n < 11,* n < 11,* n < 11,* n < 11,* n < 11,* n < 11, 0 , 10,0,* n < 11,0,22245,0,0,0
2015,sch,sci,Regular,Contoocook Valley,112,Francestown Elementary School,22245,4, 0 - 10,* n < 11,* n < 11,* n < 11,* n < 11,* n < 11,* n < 11,* n < 11, 0 , 10,0,* n < 11,0,22245,0,0,0
2015,sch,mat,Regular,Contoocook Valley,112,Great Brook School,22210,0,225 - 230,29,32,22,18,40,60,NULL,225 , 230,227.5,40,9100,22210,227.5,9100,40
2015,sch,mat,Regular,Contoocook Valley,112,Great Brook School,22210,5,55 - 60,58,27,12,<10,15,85,2440,55 , 60,0,15,0,22210,0,0,0
2015,sch,mat,Regular,Contoocook Valley,112,Great Brook School,22210,6,60 - 65,30,43,24,<10,27,73,2496,60 , 65,0,27,0,22210,0,0,0
2015,sch,mat,Regular,Contoocook Valley,112,Great Brook School,22210,7,50 - 55,<10,34,28,32,60,40,2587,50 , 55,0,60,0,22210,0,0,0
2015,sch,mat,Regular,Contoocook Valley,112,Great Brook School,22210,8,50 - 55,17,21,25,38,62,38,2607,50 , 55,0,62,0,22210,0,0,0
2015,sch,rea,Regular,Contoocook Valley,112,Great Brook School,22210,0,225 - 230,24,21,38,16,54,46,NULL,225 , 230,0,54,0,22210,0,0,0
2015,sch,rea,Regular,Contoocook Valley,112,Great Brook School,22210,5,55 - 60,47,15,24,14,37,63,2465,55 , 60,0,37,0,22210,0,0,0
2015,sch,rea,Regular,Contoocook Valley,112,Great Brook School,22210,6,60 - 65,27,30,34,<10,44,56,2513,60 , 65,0,44,0,22210,0,0,0
2015,sch,rea,Regular,Contoocook Valley,112,Great Brook School,22210,7,50 - 55,<10,22,62,10,72,28,2576,50 , 55,0,72,0,22210,0,0,0
2015,sch,rea,Regular,Contoocook Valley,112,Great Brook School,22210,8,50 - 55,13,17,38,32,70,30,2616,50 , 55,0,70,0,22210,0,0,0
2015,sch,sci,Regular,Contoocook Valley,112,Great Brook School,22210,0,55 - 60,18,61,21,<10,21,79,NULL,55 , 60,0,21,0,22210,0,0,0
2015,sch,sci,Regular,Contoocook Valley,112,Great Brook School,22210,8,55 - 60,18,61,21,<10,21,79,NULL,55 , 60,0,21,0,22210,0,0,0
2015,sch,mat,Regular,Contoocook Valley,112,Greenfield Elementary School,22250,0,35 - 40,17,31,34,17,51,49,NULL,35 , 40,37.5,51,1912.5,22250,37.5,1912.5,51
2015,sch,mat,Regular,Contoocook Valley,112,Greenfield Elementary School,22250,3,20 - 25,15,30,40,15,55,45,2439,20 , 25,0,55,0,22250,0,0,0
2015,sch,mat,Regular,Contoocook Valley,112,Greenfield Elementary School,22250,4,15 - 20,20,33,27,20,47,53,2475,15 , 20,0,47,0,22250,0,0,0
2015,sch,rea,Regular,Contoocook Valley,112,Greenfield Elementary School,22250,0,35 - 40,17,31,34,17,51,49,NULL,35 , 40,0,51,0,22250,0,0,0
2015,sch,rea,Regular,Contoocook Valley,112,Greenfield Elementary School,22250,3,20 - 25,10,40,50,<10,50,50,2424,20 , 25,0,50,0,22250,0,0,0
2015,sch,rea,Regular,Contoocook Valley,112,Greenfield Elementary School,22250,4,15 - 20,27,20,13,40,53,47,2491,15 , 20,0,53,0,22250,0,0,0
2015,sch,sci,Regular,Contoocook Valley,112,Greenfield Elementary School,22250,0,15 - 20,13,27,53,<10,60,40,NULL,15 , 20,0,60,0,22250,0,0,0
2015,sch,sci,Regular,Contoocook Valley,112,Greenfield Elementary School,22250,4,15 - 20,13,27,53,<10,60,40,NULL,15 , 20,0,60,0,22250,0,0,0
2015,sch,mat,Regular,Contoocook Valley,112,Hancock Elementary School,22260,0,25 - 30,11,29,25,36,61,39,NULL,25 , 30,27.5,61,1677.5,22260,27.5,1677.5,61
2015,sch,mat,Regular,Contoocook Valley,112,Hancock Elementary School,22260,3,10 -15,<10,<10,27,55,82,18,2487,10 ,15,0,82,0,22260,0,0,0
2015,sch,mat,Regular,Contoocook Valley,112,Hancock Elementary School,22260,4,15 - 20,12,41,24,24,47,53,2481,15 , 20,0,47,0,22260,0,0,0
2015,sch,rea,Regular,Contoocook Valley,112,Hancock Elementary School,22260,0,25 - 30,14,18,29,39,68,32,NULL,25 , 30,0,68,0,22260,0,0,0
2015,sch,rea,Regular,Contoocook Valley,112,Hancock Elementary School,22260,3,10 -15,<10,<10,<10,73,82,18,2511,10 ,15,0,82,0,22260,0,0,0
2015,sch,rea,Regular,Contoocook Valley,112,Hancock Elementary School,22260,4,15 - 20,18,24,41,18,59,41,2484,15 , 20,0,59,0,22260,0,0,0
2015,sch,sci,Regular,Contoocook Valley,112,Hancock Elementary School,22260,0,15 - 20,18,18,65,<10,65,35,NULL,15 , 20,0,65,0,22260,0,0,0
2015,sch,sci,Regular,Contoocook Valley,112,Hancock Elementary School,22260,4,15 - 20,18,18,65,<10,65,35,NULL,15 , 20,0,65,0,22260,0,0,0
2015,sch,mat,Regular,Contoocook Valley,112,Peterborough Elementary School,22310,0,105 - 110,29,31,31,10,41,59,NULL,105 , 110,107.5,41,4407.5,22310,107.5,4407.5,41
2015,sch,mat,Regular,Contoocook Valley,112,Peterborough Elementary School,22310,3,50 - 55,31,25,38,<10,44,56,2422,50 , 55,0,44,0,22310,0,0,0
2015,sch,mat,Regular,Contoocook Valley,112,Peterborough Elementary School,22310,4,55 - 60,27,36,23,14,38,63,2459,55 , 60,0,38,0,22310,0,0,0
2015,sch,rea,Regular,Contoocook Valley,112,Peterborough Elementary School,22310,0,105 - 110,26,31,22,21,44,56,NULL,105 , 110,0,44,0,22310,0,0,0
2015,sch,rea,Regular,Contoocook Valley,112,Peterborough Elementary School,22310,3,50 - 55,21,33,29,17,46,54,2426,50 , 55,0,46,0,22310,0,0,0
2015,sch,rea,Regular,Contoocook Valley,112,Peterborough Elementary School,22310,4,55 - 60,30,29,16,25,41,59,2460,55 , 60,0,41,0,22310,0,0,0
2015,sch,sci,Regular,Contoocook Valley,112,Peterborough Elementary School,22310,0,55 - 60,14,48,38,<10,38,63,NULL,55 , 60,0,38,0,22310,0,0,0
2015,sch,sci,Regular,Contoocook Valley,112,Peterborough Elementary School,22310,4,55 - 60,14,48,38,<10,38,63,NULL,55 , 60,0,38,0,22310,0,0,0
2015,sch,mat,Regular,Contoocook Valley,112,Pierce Elementary School,22225,0,10 -15,36,43,21,<10,21,79,NULL,10 ,15,12.5,21,262.5,22225,12.5,262.5,21
2015,sch,mat,Regular,Contoocook Valley,112,Pierce Elementary School,22225,3, 0 - 10,* n < 11,* n < 11,* n < 11,* n < 11,* n < 11,* n < 11,* n < 11, 0 , 10,0,* n < 11,0,22225,0,0,0
2015,sch,mat,Regular,Contoocook Valley,112,Pierce Elementary School,22225,4, 0 - 10,* n < 11,* n < 11,* n < 11,* n < 11,* n < 11,* n < 11,* n < 11, 0 , 10,0,* n < 11,0,22225,0,0,0
2015,sch,rea,Regular,Contoocook Valley,112,Pierce Elementary School,22225,0,10 -15,21,21,36,21,57,43,NULL,10 ,15,0,57,0,22225,0,0,0
2015,sch,rea,Regular,Contoocook Valley,112,Pierce Elementary School,22225,3, 0 - 10,* n < 11,* n < 11,* n < 11,* n < 11,* n < 11,* n < 11,* n < 11, 0 , 10,0,* n < 11,0,22225,0,0,0
2015,sch,rea,Regular,Contoocook Valley,112,Pierce Elementary School,22225,4, 0 - 10,* n < 11,* n < 11,* n < 11,* n < 11,* n < 11,* n < 11,* n < 11, 0 , 10,0,* n < 11,0,22225,0,0,0
2015,sch,sci,Regular,Contoocook Valley,112,Pierce Elementary School,22225,0, 0 - 10,* n < 11,* n < 11,* n < 11,* n < 11,* n < 11,* n < 11,* n < 11, 0 , 10,0,* n < 11,0,22225,0,0,0
2015,sch,sci,Regular,Contoocook Valley,112,Pierce Elementary School,22225,4, 0 - 10,* n < 11,* n < 11,* n < 11,* n < 11,* n < 11,* n < 11,* n < 11, 0 , 10,0,* n < 11,0,22225,0,0,0
2015,sch,mat,Regular,Contoocook Valley,112,South Meadow School,22295,0,370 - 375,25,34,22,19,41,59,NULL,370 , 375,372.5,41,15272.5,22295,372.5,15272.5,41
2015,sch,mat,Regular,Contoocook Valley,112,South Meadow School,22295,5,85 - 90,22,38,22,18,40,60,2509,85 , 90,0,40,0,22295,0,0,0
2015,sch,mat,Regular,Contoocook Valley,112,South Meadow School,22295,6,90 - 95,37,33,14,16,30,70,2506,90 , 95,0,30,0,22295,0,0,0
2015,sch,mat,Regular,Contoocook Valley,112,South Meadow School,22295,7,100 - 105,17,38,22,23,46,54,2567,100 , 105,0,46,0,22295,0,0,0
2015,sch,mat,Regular,Contoocook Valley,112,South Meadow School,22295,8,90 - 95,26,26,30,19,49,51,2569,90 , 95,0,49,0,22295,0,0,0
2015,sch,rea,Regular,Contoocook Valley,112,South Meadow School,22295,0,370 - 375,14,24,40,22,62,38,NULL,370 , 375,0,62,0,22295,0,0,0
2015,sch,rea,Regular,Contoocook Valley,112,South Meadow School,22295,5,85 - 90,14,13,42,31,73,27,2542,85 , 90,0,73,0,22295,0,0,0
2015,sch,rea,Regular,Contoocook Valley,112,South Meadow School,22295,6,90 - 95,19,30,37,14,51,49,2532,90 , 95,0,51,0,22295,0,0,0
2015,sch,rea,Regular,Contoocook Valley,112,South Meadow School,22295,7,100 - 105,15,25,42,18,60,40,2568,100 , 105,0,60,0,22295,0,0,0
2015,sch,rea,Regular,Contoocook Valley,112,South Meadow School,22295,8,90 - 95,<10,27,40,24,64,36,2599,90 , 95,0,64,0,22295,0,0,0
2015,sch,sci,Regular,Contoocook Valley,112,South Meadow School,22295,0,95 - 100,15,53,31,<10,32,68,NULL,95 , 100,0,32,0,22295,0,0,0
2015,sch,sci,Regular,Contoocook Valley,112,South Meadow School,22295,8,95 - 100,15,53,31,<10,32,68,NULL,95 , 100,0,32,0,22295,0,0,0
2015,sch,mat,Regular,Contoocook Valley,112,Temple Elementary School,22330,0,25 - 30,12,32,44,12,56,44,NULL,25 , 30,27.5,56,1540,22330,27.5,1540,56
2015,sch,mat,Regular,Contoocook Valley,112,Temple Elementary School,22330,3, 0 - 10,* n < 11,* n < 11,* n < 11,* n < 11,* n < 11,* n < 11,* n < 11, 0 , 10,0,* n < 11,0,22330,0,0,0
2015,sch,mat,Regular,Contoocook Valley,112,Temple Elementary School,22330,4,15 - 20,11,33,44,11,56,44,2482,15 , 20,0,56,0,22330,0,0,0
2015,sch,rea,Regular,Contoocook Valley,112,Temple Elementary School,22330,0,25 - 30,15,19,31,35,65,35,NULL,25 , 30,0,65,0,22330,0,0,0
2015,sch,rea,Regular,Contoocook Valley,112,Temple Elementary School,22330,3, 0 - 10,* n < 11,* n < 11,* n < 11,* n < 11,* n < 11,* n < 11,* n < 11, 0 , 10,0,* n < 11,0,22330,0,0,0
2015,sch,rea,Regular,Contoocook Valley,112,Temple Elementary School,22330,4,15 - 20,17,17,28,39,67,33,2501,15 , 20,0,67,0,22330,0,0,0
2015,sch,sci,Regular,Contoocook Valley,112,Temple Elementary School,22330,0,15 - 20,<10,56,39,<10,39,61,NULL,15 , 20,0,39,0,22330,0,0,0
2015,sch,sci,Regular,Contoocook Valley,112,Temple Elementary School,22330,4,15 - 20,<10,56,39,<10,39,61,NULL,15 , 20,0,39,0,22330,0,0,0
2015,sch,mat,Regular,Conway,113,A. Crosby Kennett Middle School,27010,0,270 - 275,33,33,23,11,34,66,NULL,270 , 275,272.5,34,9265,27010,272.5,9265,34
2015,sch,mat,Regular,Conway,113,A. Crosby Kennett Middle School,27010,7,135 - 140,29,35,27,<10,36,64,2528,135 , 140,0,36,0,27010,0,0,0
2015,sch,mat,Regular,Conway,113,A. Crosby Kennett Middle School,27010,8,135 - 140,37,31,18,14,32,68,2539,135 , 140,0,32,0,27010,0,0,0
2015,sch,rea,Regular,Conway,113,A. Crosby Kennett Middle School,27010,0,270 - 275,24,31,36,<10,45,55,NULL,270 , 275,0,45,0,27010,0,0,0
2015,sch,rea,Regular,Conway,113,A. Crosby Kennett Middle School,27010,7,135 - 140,27,25,39,<10,48,52,2537,135 , 140,0,48,0,27010,0,0,0
2015,sch,rea,Regular,Conway,113,A. Crosby Kennett Middle School,27010,8,135 - 140,22,37,34,<10,41,59,2549,135 , 140,0,41,0,27010,0,0,0
2015,sch,sci,Regular,Conway,113,A. Crosby Kennett Middle School,27010,0,135 - 140,33,54,14,<10,14,86,NULL,135 , 140,0,14,0,27010,0,0,0
2015,sch,sci,Regular,Conway,113,A. Crosby Kennett Middle School,27010,8,135 - 140,33,54,14,<10,14,86,NULL,135 , 140,0,14,0,27010,0,0,0
2015,sch,mat,Regular,Conway,113,Conway Elementary School,20340,0,135 - 140,24,32,30,14,44,56,NULL,135 , 140,137.5,44,6050,0,0,0,0
2015,sch,mat,Regular,Conway,113,Conway Elementary School,20340,3,40 - 45,12,37,41,10,51,49,2438,40 , 45,0,51,0,0,0,0,0
2015,sch,mat,Regular,Conway,113,Conway Elementary School,20340,4,35 - 40,26,31,29,14,43,57,2464,35 , 40,0,43,0,0,0,0,0
2015,sch,mat,Regular,Conway,113,Conway Elementary School,20340,5,35 - 40,34,34,21,11,32,68,2489,35 , 40,0,32,0,0,0,0,0
2015,sch,mat,Regular,Conway,113,Conway Elementary School,20340,6,25 - 30,28,20,28,24,52,48,2543,25 , 30,0,52,0,0,0,0,0
2015,sch,rea,Regular,Conway,113,Conway Elementary School,20340,0,135 - 140,18,27,33,22,55,45,NULL,135 , 140,0,55,0,0,0,0,0
2015,sch,rea,Regular,Conway,113,Conway Elementary School,20340,3,40 - 45,10,39,39,12,51,49,2431,40 , 45,0,51,0,0,0,0,0
2015,sch,rea,Regular,Conway,113,Conway Elementary School,20340,4,35 - 40,26,23,23,29,51,49,2470,35 , 40,0,51,0,0,0,0,0
2015,sch,rea,Regular,Conway,113,Conway Elementary School,20340,5,35 - 40,27,16,30,27,57,43,2512,35 , 40,0,57,0,0,0,0,0
2015,sch,rea,Regular,Conway,113,Conway Elementary School,20340,6,25 - 30,<10,28,40,24,64,36,2564,25 , 30,0,64,0,0,0,0,0
2015,sch,sci,Regular,Conway,113,Conway Elementary School,20340,0,30 - 35,21,53,26,<10,26,74,NULL,30 , 35,0,26,0,0,0,0,0
2015,sch,sci,Regular,Conway,113,Conway Elementary School,20340,4,30 - 35,21,53,26,<10,26,74,NULL,30 , 35,0,26,0,0,0,0,0
2015,sch,mat,Regular,Conway,113,John H. Fuller School,20335,0,125 - 130,26,28,30,16,46,54,NULL,125 , 130,127.5,46,5865,0,0,0,0
2015,sch,mat,Regular,Conway,113,John H. Fuller School,20335,3,30 - 35,44,19,31,<10,38,63,2396,30 , 35,0,38,0,0,0,0,0
2015,sch,mat,Regular,Conway,113,John H. Fuller School,20335,4,30 - 35,26,42,23,10,32,68,2451,30 , 35,0,32,0,0,0,0,0
2015,sch,mat,Regular,Conway,113,John H. Fuller School,20335,5,25 - 30,30,30,26,15,41,59,2492,25 , 30,0,41,0,0,0,0,0
2015,sch,mat,Regular,Conway,113,John H. Fuller School,20335,6,35 - 40,<10,24,39,29,68,32,2562,35 , 40,0,68,0,0,0,0,0
2015,sch,rea,Regular,Conway,113,John H. Fuller School,20335,0,125 - 130,24,24,30,22,52,48,NULL,125 , 130,0,52,0,0,0,0,0
2015,sch,rea,Regular,Conway,113,John H. Fuller School,20335,3,30 - 35,28,25,31,16,47,53,2420,30 , 35,0,47,0,0,0,0,0
2015,sch,rea,Regular,Conway,113,John H. Fuller School,20335,4,30 - 35,32,29,23,16,39,61,2454,30 , 35,0,39,0,0,0,0,0
2015,sch,rea,Regular,Conway,113,John H. Fuller School,20335,5,25 - 30,25,21,32,21,54,46,2508,25 , 30,0,54,0,0,0,0,0
2015,sch,rea,Regular,Conway,113,John H. Fuller School,20335,6,35 - 40,13,21,34,32,66,34,2561,35 , 40,0,66,0,0,0,0,0
2015,sch,sci,Regular,Conway,113,John H. Fuller School,20335,0,30 - 35,10,61,29,<10,29,71,NULL,30 , 35,0,29,0,0,0,0,0
2015,sch,sci,Regular,Conway,113,John H. Fuller School,20335,4,30 - 35,10,61,29,<10,29,71,NULL,30 , 35,0,29,0,0,0,0,0
2015,sch,mat,Regular,Conway,113,Kennett High School,20345,0,160 - 165,54,18,22,<10,28,73,NULL,160 , 165,162.5,28,4550,20345,162.5,4550,28
2015,sch,mat,Regular,Conway,113,Kennett High School,20345,11,160 - 165,54,18,22,<10,28,73,2535,160 , 165,0,28,0,20345,0,0,0
2015,sch,rea,Regular,Conway,113,Kennett High School,20345,0,155 - 160,35,27,29,10,38,62,NULL,155 , 160,0,38,0,20345,0,0,0
2015,sch,rea,Regular,Conway,113,Kennett High School,20345,11,155 - 160,35,27,29,10,38,62,2542,155 , 160,0,38,0,20345,0,0,0
2015,sch,sci,Regular,Conway,113,Kennett High School,20345,0,200 - 205,44,37,19,<10,19,81,NULL,200 , 205,0,19,0,20345,0,0,0
2015,sch,sci,Regular,Conway,113,Kennett High School,20345,11,200 - 205,44,37,19,<10,19,81,NULL,200 , 205,0,19,0,20345,0,0,0
2015,sch,mat,Regular,Conway,113,Pine Tree Elementary School,20330,0,135 - 140,22,44,28,<10,34,66,NULL,135 , 140,137.5,34,4675,0,0,0,0
2015,sch,mat,Regular,Conway,113,Pine Tree Elementary School,20330,3,35 - 40,21,47,32,<10,32,68,2404,35 , 40,0,32,0,0,0,0,0
2015,sch,mat,Regular,Conway,113,Pine Tree Elementary School,20330,4,35 - 40,16,43,32,<10,41,59,2465,35 , 40,0,41,0,0,0,0,0
2015,sch,mat,Regular,Conway,113,Pine Tree Elementary School,20330,5,30 - 35,26,44,24,<10,29,71,2484,30 , 35,0,29,0,0,0,0,0
2015,sch,mat,Regular,Conway,113,Pine Tree Elementary School,20330,6,25 - 30,24,41,24,10,34,66,2526,25 , 30,0,34,0,0,0,0,0
2015,sch,rea,Regular,Conway,113,Pine Tree Elementary School,20330,0,135 - 140,18,33,33,16,49,51,NULL,135 , 140,0,49,0,0,0,0,0
2015,sch,rea,Regular,Conway,113,Pine Tree Elementary School,20330,3,35 - 40,29,32,24,16,39,61,2417,35 , 40,0,39,0,0,0,0,0
2015,sch,rea,Regular,Conway,113,Pine Tree Elementary School,20330,4,35 - 40,14,36,36,14,50,50,2471,35 , 40,0,50,0,0,0,0,0
2015,sch,rea,Regular,Conway,113,Pine Tree Elementary School,20330,5,30 - 35,15,24,41,21,62,38,2517,30 , 35,0,62,0,0,0,0,0
2015,sch,rea,Regular,Conway,113,Pine Tree Elementary School,20330,6,25 - 30,14,41,31,14,45,55,2530,25 , 30,0,45,0,0,0,0,0
2015,sch,sci,Regular,Conway,113,Pine Tree Elementary School,20330,0,35 - 40,<10,58,39,<10,39,61,NULL,35 , 40,0,39,0,0,0,0,0
2015,sch,sci,Regular,Conway,113,Pine Tree Elementary School,20330,4,35 - 40,<10,58,39,<10,39,61,NULL,35 , 40,0,39,0,0,0,0,0
2015,sch,mat,Regular,Cornish,115,Cornish Elementary School,20175,0,65 - 70,17,45,<10,29,38,62,NULL,65 , 70,67.5,38,2565,20175,67.5,2565,38
2015,sch,mat,Regular,Cornish,115,Cornish Elementary School,20175,3, 0 - 10,* n < 11,* n < 11,* n < 11,* n < 11,* n < 11,* n < 11,* n < 11, 0 , 10,0,* n < 11,0,20175,0,0,0
2015,sch,mat,Regular,Cornish,115,Cornish Elementary School,20175,4,10 -15,<10,55,18,27,45,55,2494,10 ,15,0,45,0,20175,0,0,0
2015,sch,mat,Regular,Cornish,115,Cornish Elementary School,20175,5, 0 - 10,* n < 11,* n < 11,* n < 11,* n < 11,* n < 11,* n < 11,* n < 11, 0 , 10,0,* n < 11,0,20175,0,0,0
2015,sch,mat,Regular,Cornish,115,Cornish Elementary School,20175,6,15 - 20,13,63,13,13,25,75,2532,15 , 20,0,25,0,20175,0,0,0
2015,sch,mat,Regular,Cornish,115,Cornish Elementary School,20175,7,10 -15,<10,45,18,27,45,55,2559,10 ,15,0,45,0,20175,0,0,0
2015,sch,mat,Regular,Cornish,115,Cornish Elementary School,20175,8,10 -15,18,18,<10,64,64,36,2626,10 ,15,0,64,0,20175,0,0,0
2015,sch,rea,Regular,Cornish,115,Cornish Elementary School,20175,0,60 - 65,15,23,37,25,62,38,NULL,60 , 65,0,62,0,20175,0,0,0
2015,sch,rea,Regular,Cornish,115,Cornish Elementary School,20175,3, 0 - 10,* n < 11,* n < 11,* n < 11,* n < 11,* n < 11,* n < 11,* n < 11, 0 , 10,0,* n < 11,0,20175,0,0,0
2015,sch,rea,Regular,Cornish,115,Cornish Elementary School,20175,4,10 -15,<10,36,36,18,55,45,2477,10 ,15,0,55,0,20175,0,0,0
2015,sch,rea,Regular,Cornish,115,Cornish Elementary School,20175,5, 0 - 10,* n < 11,* n < 11,* n < 11,* n < 11,* n < 11,* n < 11,* n < 11, 0 , 10,0,* n < 11,0,20175,0,0,0
2015,sch,rea,Regular,Cornish,115,Cornish Elementary School,20175,6,10 -15,15,23,38,23,62,38,2554,10 ,15,0,62,0,20175,0,0,0
2015,sch,rea,Regular,Cornish,115,Cornish Elementary School,20175,7,10 -15,<10,<10,67,17,83,17,2607,10 ,15,0,83,0,20175,0,0,0
2015,sch,rea,Regular,Cornish,115,Cornish Elementary School,20175,8,10 -15,<10,<10,27,55,82,18,2643,10 ,15,0,82,0,20175,0,0,0
2015,sch,sci,Regular,Cornish,115,Cornish Elementary School,20175,0,20 - 25,18,41,41,<10,41,59,NULL,20 , 25,0,41,0,20175,0,0,0
2015,sch,sci,Regular,Cornish,115,Cornish Elementary School,20175,4,10 -15,18,45,36,<10,36,64,NULL,10 ,15,0,36,0,20175,0,0,0
2015,sch,sci,Regular,Cornish,115,Cornish Elementary School,20175,8,10 -15,18,36,45,<10,45,55,NULL,10 ,15,0,45,0,20175,0,0,0
2015,sch,mat,Regular,Croydon,117,Croydon Village School,21960,0,10 -15,21,36,36,<10,43,57,NULL,10 ,15,12.5,43,537.5,21960,12.5,537.5,43
2015,sch,mat,Regular,Croydon,117,Croydon Village School,21960,3, 0 - 10,* n < 11,* n < 11,* n < 11,* n < 11,* n < 11,* n < 11,* n < 11, 0 , 10,0,* n < 11,0,21960,0,0,0
2015,sch,mat,Regular,Croydon,117,Croydon Village School,21960,4, 0 - 10,* n < 11,* n < 11,* n < 11,* n < 11,* n < 11,* n < 11,* n < 11, 0 , 10,0,* n < 11,0,21960,0,0,0
2015,sch,rea,Regular,Croydon,117,Croydon Village School,21960,0,10 -15,14,29,29,29,57,43,NULL,10 ,15,0,57,0,21960,0,0,0
2015,sch,rea,Regular,Croydon,117,Croydon Village School,21960,3, 0 - 10,* n < 11,* n < 11,* n < 11,* n < 11,* n < 11,* n < 11,* n < 11, 0 , 10,0,* n < 11,0,21960,0,0,0
2015,sch,rea,Regular,Croydon,117,Croydon Village School,21960,4, 0 - 10,* n < 11,* n < 11,* n < 11,* n < 11,* n < 11,* n < 11,* n < 11, 0 , 10,0,* n < 11,0,21960,0,0,0
2015,sch,sci,Regular,Croydon,117,Croydon Village School,21960,0, 0 - 10,* n < 11,* n < 11,* n < 11,* n < 11,* n < 11,* n < 11,* n < 11, 0 , 10,0,* n < 11,0,21960,0,0,0
2015,sch,sci,Regular,Croydon,117,Croydon Village School,21960,4, 0 - 10,* n < 11,* n < 11,* n < 11,* n < 11,* n < 11,* n < 11,* n < 11, 0 , 10,0,* n < 11,0,21960,0,0,0
2015,sch,mat,Regular,CSI Charter School,723,CSI Charter School,28575,0,10 -15,36,36,27,<10,27,73,NULL,10 ,15,12.5,27,337.5,28575,12.5,337.5,27
2015,sch,mat,Regular,CSI Charter School,723,CSI Charter School,28575,11,10 -15,36,36,27,<10,27,73,2553,10 ,15,0,27,0,28575,0,0,0
2015,sch,rea,Regular,CSI Charter School,723,CSI Charter School,28575,0, 0 - 10,* n < 11,* n < 11,* n < 11,* n < 11,* n < 11,* n < 11,* n < 11, 0 , 10,0,* n < 11,0,28575,0,0,0
2015,sch,rea,Regular,CSI Charter School,723,CSI Charter School,28575,11, 0 - 10,* n < 11,* n < 11,* n < 11,* n < 11,* n < 11,* n < 11,* n < 11, 0 , 10,0,* n < 11,0,28575,0,0,0
2015,sch,sci,Regular,CSI Charter School,723,CSI Charter School,28575,0, 0 - 10,* n < 11,* n < 11,* n < 11,* n < 11,* n < 11,* n < 11,* n < 11, 0 , 10,0,* n < 11,0,28575,0,0,0
2015,sch,sci,Regular,CSI Charter School,723,CSI Charter School,28575,11, 0 - 10,* n < 11,* n < 11,* n < 11,* n < 11,* n < 11,* n < 11,* n < 11, 0 , 10,0,* n < 11,0,28575,0,0,0
2015,sch,mat,Regular,Deerfield,127,Deerfield Community School,22595,0,285 - 290,15,37,31,17,48,52,NULL,285 , 290,287.5,48,13800,22595,287.5,13800,48
2015,sch,mat,Regular,Deerfield,127,Deerfield Community School,22595,3,40 - 45,20,32,37,12,49,51,2434,40 , 45,0,49,0,22595,0,0,0
2015,sch,mat,Regular,Deerfield,127,Deerfield Community School,22595,4,60 - 65,15,55,21,10,31,69,2462,60 , 65,0,31,0,22595,0,0,0
2015,sch,mat,Regular,Deerfield,127,Deerfield Community School,22595,5,50 - 55,12,34,28,26,54,46,2535,50 , 55,0,54,0,22595,0,0,0
2015,sch,mat,Regular,Deerfield,127,Deerfield Community School,22595,6,45 - 50,18,29,36,18,53,47,2539,45 , 50,0,53,0,22595,0,0,0
2015,sch,mat,Regular,Deerfield,127,Deerfield Community School,22595,7,40 - 45,<10,33,43,19,62,38,2581,40 , 45,0,62,0,22595,0,0,0
2015,sch,mat,Regular,Deerfield,127,Deerfield Community School,22595,8,45 - 50,21,30,30,19,49,51,2580,45 , 50,0,49,0,22595,0,0,0
2015,sch,rea,Regular,Deerfield,127,Deerfield Community School,22595,0,285 - 290,11,23,45,21,66,34,NULL,285 , 290,0,66,0,22595,0,0,0
2015,sch,rea,Regular,Deerfield,127,Deerfield Community School,22595,3,40 - 45,<10,37,32,24,56,44,2446,40 , 45,0,56,0,22595,0,0,0
2015,sch,rea,Regular,Deerfield,127,Deerfield Community School,22595,4,60 - 65,26,23,28,23,51,49,2481,60 , 65,0,51,0,22595,0,0,0
2015,sch,rea,Regular,Deerfield,127,Deerfield Community School,22595,5,50 - 55,10,10,54,26,80,20,2544,50 , 55,0,80,0,22595,0,0,0
2015,sch,rea,Regular,Deerfield,127,Deerfield Community School,22595,6,45 - 50,<10,31,42,20,62,38,2559,45 , 50,0,62,0,22595,0,0,0
2015,sch,rea,Regular,Deerfield,127,Deerfield Community School,22595,7,40 - 45,<10,14,67,17,83,17,2596,40 , 45,0,83,0,22595,0,0,0
2015,sch,rea,Regular,Deerfield,127,Deerfield Community School,22595,8,45 - 50,<10,28,53,13,66,34,2600,45 , 50,0,66,0,22595,0,0,0
2015,sch,sci,Regular,Deerfield,127,Deerfield Community School,22595,0,105 - 110,10,47,39,<10,43,57,NULL,105 , 110,0,43,0,22595,0,0,0
2015,sch,sci,Regular,Deerfield,127,Deerfield Community School,22595,4,60 - 65,<10,48,39,<10,45,55,NULL,60 , 65,0,45,0,22595,0,0,0
2015,sch,sci,Regular,Deerfield,127,Deerfield Community School,22595,8,45 - 50,15,46,39,<10,39,61,NULL,45 , 50,0,39,0,22595,0,0,0
2015,sch,mat,Regular,Derry Cooperative,131,Derry Village School,20380,0,210 - 215,17,29,30,24,54,46,NULL,210 , 215,212.5,54,11475,0,0,0,0
2015,sch,mat,Regular,Derry Cooperative,131,Derry Village School,20380,3,70 - 75,15,24,45,16,61,39,2446,70 , 75,0,61,0,0,0,0,0
2015,sch,mat,Regular,Derry Cooperative,131,Derry Village School,20380,4,70 - 75,13,35,26,26,53,47,2496,70 , 75,0,53,0,0,0,0,0
2015,sch,mat,Regular,Derry Cooperative,131,Derry Village School,20380,5,65 - 70,23,29,18,30,48,52,2533,65 , 70,0,48,0,0,0,0,0
2015,sch,rea,Regular,Derry Cooperative,131,Derry Village School,20380,0,210 - 215,18,22,33,28,60,40,NULL,210 , 215,0,60,0,0,0,0,0
2015,sch,rea,Regular,Derry Cooperative,131,Derry Village School,20380,3,70 - 75,15,23,34,28,62,38,2447,70 , 75,0,62,0,0,0,0,0
2015,sch,rea,Regular,Derry Cooperative,131,Derry Village School,20380,4,70 - 75,22,18,29,31,60,40,2481,70 , 75,0,60,0,0,0,0,0
2015,sch,rea,Regular,Derry Cooperative,131,Derry Village School,20380,5,65 - 70,17,24,35,24,59,41,2517,65 , 70,0,59,0,0,0,0,0
2015,sch,sci,Regular,Derry Cooperative,131,Derry Village School,20380,0,70 - 75,11,49,39,<10,40,60,NULL,70 , 75,0,40,0,0,0,0,0
2015,sch,sci,Regular,Derry Cooperative,131,Derry Village School,20380,4,70 - 75,11,49,39,<10,40,60,NULL,70 , 75,0,40,0,0,0,0,0
2015,sch,mat,Regular,Derry Cooperative,131,East Derry Memorial Elementary School,20370,0,205 - 210,14,33,31,23,54,46,NULL,205 , 210,207.5,54,11205,20370,207.5,11205,54
2015,sch,mat,Regular,Derry Cooperative,131,East Derry Memorial Elementary School,20370,3,50 - 55,10,36,30,24,54,46,2457,50 , 55,0,54,0,20370,0,0,0
2015,sch,mat,Regular,Derry Cooperative,131,East Derry Memorial Elementary School,20370,4,75 - 80,10,41,34,15,49,51,2487,75 , 80,0,49,0,20370,0,0,0
2015,sch,mat,Regular,Derry Cooperative,131,East Derry Memorial Elementary School,20370,5,75 - 80,19,22,27,31,58,42,2531,75 , 80,0,58,0,20370,0,0,0
2015,sch,rea,Regular,Derry Cooperative,131,East Derry Memorial Elementary School,20370,0,205 - 210,15,20,36,30,65,35,NULL,205 , 210,0,65,0,20370,0,0,0
2015,sch,rea,Regular,Derry Cooperative,131,East Derry Memorial Elementary School,20370,3,50 - 55,10,14,40,36,76,24,2465,50 , 55,0,76,0,20370,0,0,0
2015,sch,rea,Regular,Derry Cooperative,131,East Derry Memorial Elementary School,20370,4,75 - 80,18,27,32,24,56,44,2481,75 , 80,0,56,0,20370,0,0,0
2015,sch,rea,Regular,Derry Cooperative,131,East Derry Memorial Elementary School,20370,5,75 - 80,14,17,37,32,68,32,2531,75 , 80,0,68,0,20370,0,0,0
2015,sch,sci,Regular,Derry Cooperative,131,East Derry Memorial Elementary School,20370,0,75 - 80,10,53,37,<10,37,63,NULL,75 , 80,0,37,0,20370,0,0,0
2015,sch,sci,Regular,Derry Cooperative,131,East Derry Memorial Elementary School,20370,4,75 - 80,10,53,37,<10,37,63,NULL,75 , 80,0,37,0,20370,0,0,0
2015,sch,mat,Regular,Derry Cooperative,131,Ernest P. Barka Elementary School,28465,0,290 - 295,27,37,24,13,37,63,NULL,290 , 295,292.5,37,10822.5,28465,292.5,10822.5,37
2015,sch,mat,Regular,Derry Cooperative,131,Ernest P. Barka Elementary School,28465,3,100 - 105,17,32,38,13,51,49,2435,100 , 105,0,51,0,28465,0,0,0
2015,sch,mat,Regular,Derry Cooperative,131,Ernest P. Barka Elementary School,28465,4,90 - 95,42,39,10,<10,19,81,2430,90 , 95,0,19,0,28465,0,0,0
2015,sch,mat,Regular,Derry Cooperative,131,Ernest P. Barka Elementary School,28465,5,100 - 105,22,39,22,17,39,61,2513,100 , 105,0,39,0,28465,0,0,0
2015,sch,rea,Regular,Derry Cooperative,131,Ernest P. Barka Elementary School,28465,0,290 - 295,17,25,34,24,58,42,NULL,290 , 295,0,58,0,28465,0,0,0
2015,sch,rea,Regular,Derry Cooperative,131,Ernest P. Barka Elementary School,28465,3,100 - 105,11,25,40,25,64,36,2448,100 , 105,0,64,0,28465,0,0,0
2015,sch,rea,Regular,Derry Cooperative,131,Ernest P. Barka Elementary School,28465,4,85 - 90,31,31,19,18,37,63,2458,85 , 90,0,37,0,28465,0,0,0
2015,sch,rea,Regular,Derry Cooperative,131,Ernest P. Barka Elementary School,28465,5,100 - 105,<10,20,43,28,71,29,2541,100 , 105,0,71,0,28465,0,0,0
2015,sch,sci,Regular,Derry Cooperative,131,Ernest P. Barka Elementary School,28465,0,90 - 95,14,46,39,<10,40,60,NULL,90 , 95,0,40,0,28465,0,0,0
2015,sch,sci,Regular,Derry Cooperative,131,Ernest P. Barka Elementary School,28465,4,90 - 95,14,46,39,<10,40,60,NULL,90 , 95,0,40,0,28465,0,0,0
2015,sch,mat,Regular,Derry Cooperative,131,Gilbert H. Hood Middle School,20420,0,665 - 670,30,36,19,15,34,66,NULL,665 , 670,667.5,34,22695,20420,667.5,22695,34
2015,sch,mat,Regular,Derry Cooperative,131,Gilbert H. Hood Middle School,20420,6,210 - 215,30,37,19,14,33,67,2513,210 , 215,0,33,0,20420,0,0,0
2015,sch,mat,Regular,Derry Cooperative,131,Gilbert H. Hood Middle School,20420,7,220 - 225,29,37,19,15,34,66,2539,220 , 225,0,34,0,20420,0,0,0
2015,sch,mat,Regular,Derry Cooperative,131,Gilbert H. Hood Middle School,20420,8,230 - 235,32,34,19,15,34,66,2549,230 , 235,0,34,0,20420,0,0,0
2015,sch,rea,Regular,Derry Cooperative,131,Gilbert H. Hood Middle School,20420,0,665 - 670,21,29,40,10,50,50,NULL,665 , 670,0,50,0,20420,0,0,0
2015,sch,rea,Regular,Derry Cooperative,131,Gilbert H. Hood Middle School,20420,6,210 - 215,27,36,29,<10,38,62,2504,210 , 215,0,38,0,20420,0,0,0
2015,sch,rea,Regular,Derry Cooperative,131,Gilbert H. Hood Middle School,20420,7,220 - 225,17,23,48,13,60,40,2562,220 , 225,0,60,0,20420,0,0,0
2015,sch,rea,Regular,Derry Cooperative,131,Gilbert H. Hood Middle School,20420,8,230 - 235,20,29,43,<10,51,49,2563,230 , 235,0,51,0,20420,0,0,0
2015,sch,sci,Regular,Derry Cooperative,131,Gilbert H. Hood Middle School,20420,0,235 - 240,24,53,23,<10,23,77,NULL,235 , 240,0,23,0,20420,0,0,0
2015,sch,sci,Regular,Derry Cooperative,131,Gilbert H. Hood Middle School,20420,8,235 - 240,24,53,23,<10,23,77,NULL,235 , 240,0,23,0,20420,0,0,0
2015,sch,mat,Regular,Derry Cooperative,131,Grinnell School,20390,0,195 - 200,25,37,23,15,38,62,NULL,195 , 200,197.5,38,7505,20390,197.5,7505,38
2015,sch,mat,Regular,Derry Cooperative,131,Grinnell School,20390,3,70 - 75,28,36,20,15,35,65,2417,70 , 75,0,35,0,20390,0,0,0
2015,sch,mat,Regular,Derry Cooperative,131,Grinnell School,20390,4,55 - 60,19,44,30,<10,37,63,2462,55 , 60,0,37,0,20390,0,0,0
2015,sch,mat,Regular,Derry Cooperative,131,Grinnell School,20390,5,65 - 70,25,32,21,22,43,57,2509,65 , 70,0,43,0,20390,0,0,0
2015,sch,rea,Regular,Derry Cooperative,131,Grinnell School,20390,0,195 - 200,28,25,29,18,47,53,NULL,195 , 200,0,47,0,20390,0,0,0
2015,sch,rea,Regular,Derry Cooperative,131,Grinnell School,20390,3,70 - 75,30,30,23,18,41,59,2416,70 , 75,0,41,0,20390,0,0,0
2015,sch,rea,Regular,Derry Cooperative,131,Grinnell School,20390,4,55 - 60,35,21,28,16,44,56,2445,55 , 60,0,44,0,20390,0,0,0
2015,sch,rea,Regular,Derry Cooperative,131,Grinnell School,20390,5,65 - 70,21,22,37,21,57,43,2511,65 , 70,0,57,0,20390,0,0,0
2015,sch,sci,Regular,Derry Cooperative,131,Grinnell School,20390,0,55 - 60,23,33,44,<10,44,56,NULL,55 , 60,0,44,0,20390,0,0,0
2015,sch,sci,Regular,Derry Cooperative,131,Grinnell School,20390,4,55 - 60,23,33,44,<10,44,56,NULL,55 , 60,0,44,0,20390,0,0,0
2015,sch,mat,Regular,Derry Cooperative,131,South Range Elementary School,20405,0,165 - 170,20,32,30,18,48,52,NULL,165 , 170,167.5,48,8040,20405,167.5,8040,48
2015,sch,mat,Regular,Derry Cooperative,131,South Range Elementary School,20405,3,55 - 60,23,30,37,11,47,53,2428,55 , 60,0,47,0,20405,0,0,0
2015,sch,mat,Regular,Derry Cooperative,131,South Range Elementary School,20405,4,55 - 60,12,40,30,18,47,53,2485,55 , 60,0,47,0,20405,0,0,0
2015,sch,mat,Regular,Derry Cooperative,131,South Range Elementary School,20405,5,50 - 55,25,25,24,25,49,51,2519,50 , 55,0,49,0,20405,0,0,0
2015,sch,rea,Regular,Derry Cooperative,131,South Range Elementary School,20405,0,165 - 170,18,23,31,28,59,41,NULL,165 , 170,0,59,0,20405,0,0,0
2015,sch,rea,Regular,Derry Cooperative,131,South Range Elementary School,20405,3,55 - 60,19,23,30,28,58,42,2438,55 , 60,0,58,0,20405,0,0,0
2015,sch,rea,Regular,Derry Cooperative,131,South Range Elementary School,20405,4,55 - 60,19,30,19,32,51,49,2485,55 , 60,0,51,0,20405,0,0,0
2015,sch,rea,Regular,Derry Cooperative,131,South Range Elementary School,20405,5,50 - 55,16,16,45,24,69,31,2531,50 , 55,0,69,0,20405,0,0,0
2015,sch,sci,Regular,Derry Cooperative,131,South Range Elementary School,20405,0,55 - 60,<10,47,46,<10,46,54,NULL,55 , 60,0,46,0,20405,0,0,0
2015,sch,sci,Regular,Derry Cooperative,131,South Range Elementary School,20405,4,55 - 60,<10,47,46,<10,46,54,NULL,55 , 60,0,46,0,20405,0,0,0
2015,sch,mat,Regular,Derry Cooperative,131,West Running Brook Middle School,27065,0,525 - 530,22,34,28,16,44,56,NULL,525 , 530,527.5,44,23210,0,0,0,0
2015,sch,mat,Regular,Derry Cooperative,131,West Running Brook Middle School,27065,6,165 - 170,18,37,28,17,45,55,2539,165 , 170,0,45,0,0,0,0,0
2015,sch,mat,Regular,Derry Cooperative,131,West Running Brook Middle School,27065,7,185 - 190,21,38,29,12,41,59,2547,185 , 190,0,41,0,0,0,0,0
2015,sch,mat,Regular,Derry Cooperative,131,West Running Brook Middle School,27065,8,170 - 175,27,27,27,19,47,53,2575,170 , 175,0,47,0,0,0,0,0
2015,sch,rea,Regular,Derry Cooperative,131,West Running Brook Middle School,27065,0,525 - 530,15,26,44,15,59,41,NULL,525 , 530,0,59,0,0,0,0,0
2015,sch,rea,Regular,Derry Cooperative,131,West Running Brook Middle School,27065,6,165 - 170,11,31,43,15,57,43,2540,165 , 170,0,57,0,0,0,0,0
2015,sch,rea,Regular,Derry Cooperative,131,West Running Brook Middle School,27065,7,185 - 190,16,28,43,12,55,45,2557,185 , 190,0,55,0,0,0,0,0
2015,sch,rea,Regular,Derry Cooperative,131,West Running Brook Middle School,27065,8,170 - 175,18,19,46,18,63,37,2584,170 , 175,0,63,0,0,0,0,0
2015,sch,sci,Regular,Derry Cooperative,131,West Running Brook Middle School,27065,0,170 - 175,18,49,33,<10,33,67,NULL,170 , 175,0,33,0,0,0,0,0
2015,sch,sci,Regular,Derry Cooperative,131,West Running Brook Middle School,27065,8,170 - 175,18,49,33,<10,33,67,NULL,170 , 175,0,33,0,0,0,0,0
2015,sch,mat,Regular,Dover,141,Dover Middle School,20435,0,"1,105 - 1,110",23,27,26,24,50,50,NULL,"1,105 "," 1,110",1107.5,50,55375,20435,1107.5,55375,50
2015,sch,mat,Regular,Dover,141,Dover Middle School,20435,5,300 - 305,29,33,28,11,38,62,2497,300 , 305,0,38,0,20435,0,0,0
2015,sch,mat,Regular,Dover,141,Dover Middle School,20435,6,260 - 265,21,28,25,25,50,50,2546,260 , 265,0,50,0,20435,0,0,0
2015,sch,mat,Regular,Dover,141,Dover Middle School,20435,7,255 - 260,18,25,32,26,58,42,2575,255 , 260,0,58,0,20435,0,0,0
2015,sch,mat,Regular,Dover,141,Dover Middle School,20435,8,280 - 285,25,20,21,34,55,45,2591,280 , 285,0,55,0,20435,0,0,0
2015,sch,rea,Regular,Dover,141,Dover Middle School,20435,0,"1,110 - 1,115",14,20,40,26,66,34,NULL,"1,110 "," 1,115",0,66,0,20435,0,0,0
2015,sch,rea,Regular,Dover,141,Dover Middle School,20435,5,305 - 310,19,21,39,22,60,40,2516,305 , 310,0,60,0,20435,0,0,0
2015,sch,rea,Regular,Dover,141,Dover Middle School,20435,6,265 - 270,10,21,36,33,69,31,2570,265 , 270,0,69,0,20435,0,0,0
2015,sch,rea,Regular,Dover,141,Dover Middle School,20435,7,255 - 260,<10,14,46,32,78,22,2605,255 , 260,0,78,0,20435,0,0,0
2015,sch,rea,Regular,Dover,141,Dover Middle School,20435,8,285 - 290,16,24,41,19,60,40,2585,285 , 290,0,60,0,20435,0,0,0
2015,sch,sci,Regular,Dover,141,Dover Middle School,20435,0,280 - 285,19,43,38,<10,38,62,NULL,280 , 285,0,38,0,20435,0,0,0
2015,sch,sci,Regular,Dover,141,Dover Middle School,20435,8,280 - 285,19,43,38,<10,38,62,NULL,280 , 285,0,38,0,20435,0,0,0
2015,sch,mat,Regular,Dover,141,Dover Senior High School,20455,0,310 - 315,39,23,21,17,38,62,NULL,310 , 315,312.5,38,11875,20455,312.5,11875,38
2015,sch,mat,Regular,Dover,141,Dover Senior High School,20455,11,310 - 315,39,23,21,17,38,62,2587,310 , 315,0,38,0,20455,0,0,0
2015,sch,rea,Regular,Dover,141,Dover Senior High School,20455,0,305 - 310,19,19,33,29,62,38,NULL,305 , 310,0,62,0,20455,0,0,0
2015,sch,rea,Regular,Dover,141,Dover Senior High School,20455,11,305 - 310,19,19,33,29,62,38,2606,305 , 310,0,62,0,20455,0,0,0
2015,sch,sci,Regular,Dover,141,Dover Senior High School,20455,0,300 - 305,24,40,35,<10,37,63,NULL,300 , 305,0,37,0,20455,0,0,0
2015,sch,sci,Regular,Dover,141,Dover Senior High School,20455,11,300 - 305,24,40,35,<10,37,63,NULL,300 , 305,0,37,0,20455,0,0,0
2015,sch,mat,Regular,Dover,141,Garrison School,20430,0,175 - 180,12,25,42,21,63,37,NULL,175 , 180,177.5,63,11182.5,20430,177.5,11182.5,63
2015,sch,mat,Regular,Dover,141,Garrison School,20430,3,85 - 90,20,33,33,15,48,52,2435,85 , 90,0,48,0,20430,0,0,0
2015,sch,mat,Regular,Dover,141,Garrison School,20430,4,85 - 90,<10,18,52,26,78,22,2518,85 , 90,0,78,0,20430,0,0,0
2015,sch,rea,Regular,Dover,141,Garrison School,20430,0,175 - 180,15,26,25,34,59,41,NULL,175 , 180,0,59,0,20430,0,0,0
2015,sch,rea,Regular,Dover,141,Garrison School,20430,3,85 - 90,25,25,23,27,50,50,2433,85 , 90,0,50,0,20430,0,0,0
2015,sch,rea,Regular,Dover,141,Garrison School,20430,4,85 - 90,<10,27,27,42,69,31,2512,85 , 90,0,69,0,20430,0,0,0
2015,sch,sci,Regular,Dover,141,Garrison School,20430,0,85 - 90,<10,38,63,<10,63,38,NULL,85 , 90,0,63,0,20430,0,0,0
2015,sch,sci,Regular,Dover,141,Garrison School,20430,4,85 - 90,<10,38,63,<10,63,38,NULL,85 , 90,0,63,0,20430,0,0,0
2015,sch,mat,Regular,Dover,141,Horne Street School,20445,0,210 - 215,20,29,34,17,52,48,NULL,210 , 215,212.5,52,11050,20445,212.5,11050,52
2015,sch,mat,Regular,Dover,141,Horne Street School,20445,3,105 - 110,14,30,41,15,56,44,2439,105 , 110,0,56,0,20445,0,0,0
2015,sch,mat,Regular,Dover,141,Horne Street School,20445,4,105 - 110,25,28,28,19,47,53,2472,105 , 110,0,47,0,20445,0,0,0
2015,sch,rea,Regular,Dover,141,Horne Street School,20445,0,210 - 215,22,24,29,25,54,46,NULL,210 , 215,0,54,0,20445,0,0,0
2015,sch,rea,Regular,Dover,141,Horne Street School,20445,3,100 - 105,17,26,31,26,57,43,2442,100 , 105,0,57,0,20445,0,0,0
2015,sch,rea,Regular,Dover,141,Horne Street School,20445,4,105 - 110,27,21,28,23,51,49,2472,105 , 110,0,51,0,20445,0,0,0
2015,sch,sci,Regular,Dover,141,Horne Street School,20445,0,105 - 110,25,36,38,<10,39,61,NULL,105 , 110,0,39,0,20445,0,0,0
2015,sch,sci,Regular,Dover,141,Horne Street School,20445,4,105 - 110,25,36,38,<10,39,61,NULL,105 , 110,0,39,0,20445,0,0,0
2015,sch,mat,Regular,Dover,141,Woodman Park School,20460,0,215 - 220,23,33,32,12,43,57,NULL,215 , 220,217.5,43,9352.5,20460,217.5,9352.5,43
2015,sch,mat,Regular,Dover,141,Woodman Park School,20460,3,115 - 120,22,27,37,14,51,49,2430,115 , 120,0,51,0,20460,0,0,0
2015,sch,mat,Regular,Dover,141,Woodman Park School,20460,4,95 - 100,25,41,25,<10,34,66,2454,95 , 100,0,34,0,20460,0,0,0
2015,sch,rea,Regular,Dover,141,Woodman Park School,20460,0,215 - 220,26,25,28,22,50,50,NULL,215 , 220,0,50,0,20460,0,0,0
2015,sch,rea,Regular,Dover,141,Woodman Park School,20460,3,115 - 120,17,31,29,24,53,47,2437,115 , 120,0,53,0,20460,0,0,0
2015,sch,rea,Regular,Dover,141,Woodman Park School,20460,4,95 - 100,36,18,27,20,46,54,2457,95 , 100,0,46,0,20460,0,0,0
2015,sch,sci,Regular,Dover,141,Woodman Park School,20460,0,95 - 100,15,43,41,<10,41,59,NULL,95 , 100,0,41,0,20460,0,0,0
2015,sch,sci,Regular,Dover,141,Woodman Park School,20460,4,95 - 100,15,43,41,<10,41,59,NULL,95 , 100,0,41,0,20460,0,0,0
2015,sch,mat,Regular,Dresden,142,Frances C. Richmond School,20825,0,380 - 385,<10,22,29,41,70,30,NULL,380 , 385,382.5,70,26775,20825,382.5,26775,70
2015,sch,mat,Regular,Dresden,142,Frances C. Richmond School,20825,6,85 - 90,<10,22,28,46,74,26,2596,85 , 90,0,74,0,20825,0,0,0
2015,sch,mat,Regular,Dresden,142,Frances C. Richmond School,20825,7,155 - 160,11,23,30,36,66,34,2598,155 , 160,0,66,0,20825,0,0,0
2015,sch,mat,Regular,Dresden,142,Frances C. Richmond School,20825,8,135 - 140,<10,21,29,43,73,27,2639,135 , 140,0,73,0,20825,0,0,0
2015,sch,rea,Regular,Dresden,142,Frances C. Richmond School,20825,0,380 - 385,<10,12,46,39,85,15,NULL,380 , 385,0,85,0,20825,0,0,0
2015,sch,rea,Regular,Dresden,142,Frances C. Richmond School,20825,6,85 - 90,<10,13,42,44,86,14,2599,85 , 90,0,86,0,20825,0,0,0
2015,sch,rea,Regular,Dresden,142,Frances C. Richmond School,20825,7,155 - 160,<10,14,47,33,81,19,2613,155 , 160,0,81,0,20825,0,0,0
2015,sch,rea,Regular,Dresden,142,Frances C. Richmond School,20825,8,135 - 140,<10,<10,47,43,90,10,2648,135 , 140,0,90,0,20825,0,0,0
2015,sch,sci,Regular,Dresden,142,Frances C. Richmond School,20825,0,135 - 140,<10,54,40,<10,40,60,NULL,135 , 140,0,40,0,20825,0,0,0
2015,sch,sci,Regular,Dresden,142,Frances C. Richmond School,20825,8,135 - 140,<10,54,40,<10,40,60,NULL,135 , 140,0,40,0,20825,0,0,0
2015,sch,mat,Regular,Dresden,142,Hanover High School,20820,0,130 - 135,10,16,30,45,75,25,NULL,130 , 135,132.5,75,9937.5,20820,132.5,9937.5,75
2015,sch,mat,Regular,Dresden,142,Hanover High School,20820,11,130 - 135,10,16,30,45,75,25,2693,130 , 135,0,75,0,20820,0,0,0
2015,sch,rea,Regular,Dresden,142,Hanover High School,20820,0,130 - 135,<10,13,37,50,87,13,NULL,130 , 135,0,87,0,20820,0,0,0
2015,sch,rea,Regular,Dresden,142,Hanover High School,20820,11,130 - 135,<10,13,37,50,87,13,2677,130 , 135,0,87,0,20820,0,0,0
2015,sch,sci,Regular,Dresden,142,Hanover High School,20820,0,140 - 145,<10,40,48,<10,53,47,NULL,140 , 145,0,53,0,20820,0,0,0
2015,sch,sci,Regular,Dresden,142,Hanover High School,20820,11,140 - 145,<10,40,48,<10,53,47,NULL,140 , 145,0,53,0,20820,0,0,0
2015,sch,mat,Regular,Dunbarton,149,Dunbarton Elementary School,20685,0,110 - 115,20,30,27,23,50,50,NULL,110 , 115,112.5,50,5625,20685,112.5,5625,50
2015,sch,mat,Regular,Dunbarton,149,Dunbarton Elementary School,20685,3,30 - 35,38,34,22,<10,28,72,2403,30 , 35,0,28,0,20685,0,0,0
2015,sch,mat,Regular,Dunbarton,149,Dunbarton Elementary School,20685,4,20 - 25,17,35,26,22,48,52,2487,20 , 25,0,48,0,20685,0,0,0
2015,sch,mat,Regular,Dunbarton,149,Dunbarton Elementary School,20685,5,30 - 35,19,26,29,26,55,45,2524,30 , 35,0,55,0,20685,0,0,0
2015,sch,mat,Regular,Dunbarton,149,Dunbarton Elementary School,20685,6,20 - 25,<10,25,33,42,75,25,2592,20 , 25,0,75,0,20685,0,0,0
2015,sch,rea,Regular,Dunbarton,149,Dunbarton Elementary School,20685,0,110 - 115,23,22,29,26,55,45,NULL,110 , 115,0,55,0,20685,0,0,0
2015,sch,rea,Regular,Dunbarton,149,Dunbarton Elementary School,20685,3,30 - 35,41,22,19,19,38,63,2389,30 , 35,0,38,0,20685,0,0,0
2015,sch,rea,Regular,Dunbarton,149,Dunbarton Elementary School,20685,4,20 - 25,26,39,17,17,35,65,2457,20 , 25,0,35,0,20685,0,0,0
2015,sch,rea,Regular,Dunbarton,149,Dunbarton Elementary School,20685,5,30 - 35,13,19,32,35,68,32,2541,30 , 35,0,68,0,20685,0,0,0
2015,sch,rea,Regular,Dunbarton,149,Dunbarton Elementary School,20685,6,20 - 25,<10,<10,50,33,83,17,2575,20 , 25,0,83,0,20685,0,0,0
2015,sch,sci,Regular,Dunbarton,149,Dunbarton Elementary School,20685,0,20 - 25,<10,39,61,<10,61,39,NULL,20 , 25,0,61,0,20685,0,0,0
2015,sch,sci,Regular,Dunbarton,149,Dunbarton Elementary School,20685,4,20 - 25,<10,39,61,<10,61,39,NULL,20 , 25,0,61,0,20685,0,0,0
2015,sch,mat,Regular,East Kingston,153,East Kingston Elementary School,20565,0,75 - 80,10,29,35,26,60,40,NULL,75 , 80,77.5,60,4650,20565,77.5,4650,60
2015,sch,mat,Regular,East Kingston,153,East Kingston Elementary School,20565,3,20 - 25,19,24,29,29,57,43,2445,20 , 25,0,57,0,20565,0,0,0
2015,sch,mat,Regular,East Kingston,153,East Kingston Elementary School,20565,4,30 - 35,12,35,41,12,53,47,2486,30 , 35,0,53,0,20565,0,0,0
2015,sch,mat,Regular,East Kingston,153,East Kingston Elementary School,20565,5,20 - 25,<10,26,30,43,74,26,2558,20 , 25,0,74,0,20565,0,0,0
2015,sch,rea,Regular,East Kingston,153,East Kingston Elementary School,20565,0,75 - 80,21,15,35,29,64,36,NULL,75 , 80,0,64,0,20565,0,0,0
2015,sch,rea,Regular,East Kingston,153,East Kingston Elementary School,20565,3,20 - 25,29,10,38,24,62,38,2433,20 , 25,0,62,0,20565,0,0,0
2015,sch,rea,Regular,East Kingston,153,East Kingston Elementary School,20565,4,30 - 35,18,12,38,32,71,29,2491,30 , 35,0,71,0,20565,0,0,0
2015,sch,rea,Regular,East Kingston,153,East Kingston Elementary School,20565,5,20 - 25,17,26,26,30,57,43,2530,20 , 25,0,57,0,20565,0,0,0
2015,sch,sci,Regular,East Kingston,153,East Kingston Elementary School,20565,0,30 - 35,<10,39,55,<10,58,42,NULL,30 , 35,0,58,0,20565,0,0,0
2015,sch,sci,Regular,East Kingston,153,East Kingston Elementary School,20565,4,30 - 35,<10,39,55,<10,58,42,NULL,30 , 35,0,58,0,20565,0,0,0
2015,sch,mat,Regular,Epping,165,Epping Elementary School,26510,0,225 - 230,13,24,55,<10,63,37,NULL,225 , 230,227.5,63,14332.5,26510,227.5,14332.5,63
2015,sch,mat,Regular,Epping,165,Epping Elementary School,26510,3,75 - 80,12,21,68,<10,68,32,NULL,75 , 80,0,68,0,26510,0,0,0
2015,sch,mat,Regular,Epping,165,Epping Elementary School,26510,4,75 - 80,<10,36,39,16,55,45,2488,75 , 80,0,55,0,26510,0,0,0
2015,sch,mat,Regular,Epping,165,Epping Elementary School,26510,5,75 - 80,18,16,59,<10,66,34,NULL,75 , 80,0,66,0,26510,0,0,0
2015,sch,rea,Regular,Epping,165,Epping Elementary School,26510,0,145 - 150,17,32,34,17,51,49,NULL,145 , 150,0,51,0,26510,0,0,0
2015,sch,rea,Regular,Epping,165,Epping Elementary School,26510,3,75 - 80,12,27,35,27,61,39,2446,75 , 80,0,61,0,26510,0,0,0
2015,sch,rea,Regular,Epping,165,Epping Elementary School,26510,5,70 - 75,22,38,34,<10,41,59,NULL,70 , 75,0,41,0,26510,0,0,0
2015,sch,sci,Regular,Epping,165,Epping Elementary School,26510,0,20 - 25,15,50,25,10,35,65,NULL,20 , 25,0,35,0,26510,0,0,0
2015,sch,sci,Regular,Epping,165,Epping Elementary School,26510,4,20 - 25,15,50,25,10,35,65,NULL,20 , 25,0,35,0,26510,0,0,0
2015,sch,mat,Regular,Epping,165,Epping High School ,20515,0,55 - 60,29,29,38,<10,41,59,NULL,55 , 60,57.5,41,2357.5,20515,57.5,2357.5,41
2015,sch,mat,Regular,Epping,165,Epping High School ,20515,11,55 - 60,29,29,38,<10,41,59,2589,55 , 60,0,41,0,20515,0,0,0
2015,sch,rea,Regular,Epping,165,Epping High School ,20515,0,55 - 60,26,36,26,12,38,62,NULL,55 , 60,0,38,0,20515,0,0,0
2015,sch,rea,Regular,Epping,165,Epping High School ,20515,11,55 - 60,26,36,26,12,38,62,2559,55 , 60,0,38,0,20515,0,0,0
2015,sch,mat,Regular,Epping,165,Epping Middle School,26505,0,220 - 225,13,42,33,11,44,56,NULL,220 , 225,222.5,44,9790,26505,222.5,9790,44
2015,sch,mat,Regular,Epping,165,Epping Middle School,26505,6,80 - 85,13,28,49,11,60,40,NULL,80 , 85,0,60,0,26505,0,0,0
2015,sch,mat,Regular,Epping,165,Epping Middle School,26505,7,60 - 65,<10,69,24,<10,27,73,NULL,60 , 65,0,27,0,26505,0,0,0
2015,sch,mat,Regular,Epping,165,Epping Middle School,26505,8,80 - 85,22,37,26,16,41,59,2560,80 , 85,0,41,0,26505,0,0,0
2015,sch,rea,Regular,Epping,165,Epping Middle School,26505,0,220 - 225,16,37,39,<10,47,53,NULL,220 , 225,0,47,0,26505,0,0,0
2015,sch,rea,Regular,Epping,165,Epping Middle School,26505,6,80 - 85,<10,58,33,<10,35,65,NULL,80 , 85,0,35,0,26505,0,0,0
2015,sch,rea,Regular,Epping,165,Epping Middle School,26505,7,55 - 60,24,29,41,<10,47,53,NULL,55 , 60,0,47,0,26505,0,0,0
2015,sch,rea,Regular,Epping,165,Epping Middle School,26505,8,80 - 85,19,23,44,14,58,42,2577,80 , 85,0,58,0,26505,0,0,0
2015,sch,sci,Regular,Epping,165,Epping Middle School,26505,0,75 - 80,<10,33,61,<10,66,34,NULL,75 , 80,0,66,0,26505,0,0,0
2015,sch,sci,Regular,Epping,165,Epping Middle School,26505,8,75 - 80,<10,33,61,<10,66,34,NULL,75 , 80,0,66,0,26505,0,0,0
2015,sch,mat,Regular,Epsom,167,Epsom Central School,22600,0,270 - 275,22,38,26,14,39,61,NULL,270 , 275,272.5,39,10627.5,22600,272.5,10627.5,39
2015,sch,mat,Regular,Epsom,167,Epsom Central School,22600,3,35 - 40,11,49,30,11,41,59,2436,35 , 40,0,41,0,22600,0,0,0
2015,sch,mat,Regular,Epsom,167,Epsom Central School,22600,4,50 - 55,10,48,29,13,42,58,2480,50 , 55,0,42,0,22600,0,0,0
2015,sch,mat,Regular,Epsom,167,Epsom Central School,22600,5,40 - 45,38,35,23,<10,28,73,2474,40 , 45,0,28,0,22600,0,0,0
2015,sch,mat,Regular,Epsom,167,Epsom Central School,22600,6,50 - 55,24,33,29,14,43,57,2525,50 , 55,0,43,0,22600,0,0,0
2015,sch,mat,Regular,Epsom,167,Epsom Central School,22600,7,40 - 45,23,34,23,20,43,57,2550,40 , 45,0,43,0,22600,0,0,0
2015,sch,mat,Regular,Epsom,167,Epsom Central School,22600,8,50 - 55,30,32,20,18,38,62,2555,50 , 55,0,38,0,22600,0,0,0
2015,sch,rea,Regular,Epsom,167,Epsom Central School,22600,0,270 - 275,11,23,37,29,66,34,NULL,270 , 275,0,66,0,22600,0,0,0
2015,sch,rea,Regular,Epsom,167,Epsom Central School,22600,3,35 - 40,<10,16,38,43,81,19,2475,35 , 40,0,81,0,22600,0,0,0
2015,sch,rea,Regular,Epsom,167,Epsom Central School,22600,4,50 - 55,13,27,19,40,60,40,2500,50 , 55,0,60,0,22600,0,0,0
2015,sch,rea,Regular,Epsom,167,Epsom Central School,22600,5,40 - 45,18,25,35,23,58,43,2520,40 , 45,0,58,0,22600,0,0,0
2015,sch,rea,Regular,Epsom,167,Epsom Central School,22600,6,50 - 55,12,18,51,20,71,29,2559,50 , 55,0,71,0,22600,0,0,0
2015,sch,rea,Regular,Epsom,167,Epsom Central School,22600,7,45 - 50,<10,20,49,24,73,27,2600,45 , 50,0,73,0,22600,0,0,0
2015,sch,rea,Regular,Epsom,167,Epsom Central School,22600,8,45 - 50,12,29,33,27,59,41,2593,45 , 50,0,59,0,22600,0,0,0
2015,sch,sci,Regular,Epsom,167,Epsom Central School,22600,0,100 - 105,23,38,38,<10,39,61,NULL,100 , 105,0,39,0,22600,0,0,0
2015,sch,sci,Regular,Epsom,167,Epsom Central School,22600,4,50 - 55,<10,35,60,<10,60,40,NULL,50 , 55,0,60,0,22600,0,0,0
2015,sch,sci,Regular,Epsom,167,Epsom Central School,22600,8,50 - 55,40,42,16,<10,18,82,NULL,50 , 55,0,18,0,22600,0,0,0
2015,sch,mat,Regular,Errol,171,Errol Consolidated Elementary School,20735,0, 0 - 10,* n < 11,* n < 11,* n < 11,* n < 11,* n < 11,* n < 11,* n < 11, 0 , 10,0,* n < 11,0,20735,0,0,0
2015,sch,mat,Regular,Errol,171,Errol Consolidated Elementary School,20735,3, 0 - 10,* n < 11,* n < 11,* n < 11,* n < 11,* n < 11,* n < 11,* n < 11, 0 , 10,0,* n < 11,0,20735,0,0,0
2015,sch,mat,Regular,Errol,171,Errol Consolidated Elementary School,20735,4, 0 - 10,* n < 11,* n < 11,* n < 11,* n < 11,* n < 11,* n < 11,* n < 11, 0 , 10,0,* n < 11,0,20735,0,0,0
2015,sch,mat,Regular,Errol,171,Errol Consolidated Elementary School,20735,7, 0 - 10,* n < 11,* n < 11,* n < 11,* n < 11,* n < 11,* n < 11,* n < 11, 0 , 10,0,* n < 11,0,20735,0,0,0
2015,sch,mat,Regular,Errol,171,Errol Consolidated Elementary School,20735,8, 0 - 10,* n < 11,* n < 11,* n < 11,* n < 11,* n < 11,* n < 11,* n < 11, 0 , 10,0,* n < 11,0,20735,0,0,0
2015,sch,rea,Regular,Errol,171,Errol Consolidated Elementary School,20735,0, 0 - 10,* n < 11,* n < 11,* n < 11,* n < 11,* n < 11,* n < 11,* n < 11, 0 , 10,0,* n < 11,0,20735,0,0,0
2015,sch,rea,Regular,Errol,171,Errol Consolidated Elementary School,20735,3, 0 - 10,* n < 11,* n < 11,* n < 11,* n < 11,* n < 11,* n < 11,* n < 11, 0 , 10,0,* n < 11,0,20735,0,0,0
2015,sch,rea,Regular,Errol,171,Errol Consolidated Elementary School,20735,4, 0 - 10,* n < 11,* n < 11,* n < 11,* n < 11,* n < 11,* n < 11,* n < 11, 0 , 10,0,* n < 11,0,20735,0,0,0
2015,sch,rea,Regular,Errol,171,Errol Consolidated Elementary School,20735,7, 0 - 10,* n < 11,* n < 11,* n < 11,* n < 11,* n < 11,* n < 11,* n < 11, 0 , 10,0,* n < 11,0,20735,0,0,0
2015,sch,rea,Regular,Errol,171,Errol Consolidated Elementary School,20735,8, 0 - 10,* n < 11,* n < 11,* n < 11,* n < 11,* n < 11,* n < 11,* n < 11, 0 , 10,0,* n < 11,0,20735,0,0,0
2015,sch,sci,Regular,Errol,171,Errol Consolidated Elementary School,20735,0, 0 - 10,* n < 11,* n < 11,* n < 11,* n < 11,* n < 11,* n < 11,* n < 11, 0 , 10,0,* n < 11,0,20735,0,0,0
2015,sch,sci,Regular,Errol,171,Errol Consolidated Elementary School,20735,4, 0 - 10,* n < 11,* n < 11,* n < 11,* n < 11,* n < 11,* n < 11,* n < 11, 0 , 10,0,* n < 11,0,20735,0,0,0
2015,sch,sci,Regular,Errol,171,Errol Consolidated Elementary School,20735,8, 0 - 10,* n < 11,* n < 11,* n < 11,* n < 11,* n < 11,* n < 11,* n < 11, 0 , 10,0,* n < 11,0,20735,0,0,0
2015,sch,mat,Regular,Exeter,173,Lincoln Street Elementary School,20595,0,500 - 505,11,24,37,28,65,35,NULL,500 , 505,502.5,65,32662.5,20595,502.5,32662.5,65
2015,sch,mat,Regular,Exeter,173,Lincoln Street Elementary School,20595,3,160 - 165,12,19,41,28,69,31,2461,160 , 165,0,69,0,20595,0,0,0
2015,sch,mat,Regular,Exeter,173,Lincoln Street Elementary School,20595,4,175 - 180,11,31,38,19,57,43,2488,175 , 180,0,57,0,20595,0,0,0
2015,sch,mat,Regular,Exeter,173,Lincoln Street Elementary School,20595,5,160 - 165,<10,21,31,39,70,30,2557,160 , 165,0,70,0,20595,0,0,0
2015,sch,rea,Regular,Exeter,173,Lincoln Street Elementary School,20595,0,495 - 500,<10,13,30,47,78,22,NULL,495 , 500,0,78,0,20595,0,0,0
2015,sch,rea,Regular,Exeter,173,Lincoln Street Elementary School,20595,3,160 - 165,11,17,30,42,72,28,2467,160 , 165,0,72,0,20595,0,0,0
2015,sch,rea,Regular,Exeter,173,Lincoln Street Elementary School,20595,4,170 - 175,10,16,27,47,74,26,2519,170 , 175,0,74,0,20595,0,0,0
2015,sch,rea,Regular,Exeter,173,Lincoln Street Elementary School,20595,5,160 - 165,<10,<10,35,53,88,12,2581,160 , 165,0,88,0,20595,0,0,0
2015,sch,sci,Regular,Exeter,173,Lincoln Street Elementary School,20595,0,175 - 180,<10,25,66,<10,70,30,NULL,175 , 180,0,70,0,20595,0,0,0
2015,sch,sci,Regular,Exeter,173,Lincoln Street Elementary School,20595,4,175 - 180,<10,25,66,<10,70,30,NULL,175 , 180,0,70,0,20595,0,0,0
2015,sch,mat,Regular,Exeter Region Cooperative,172,Cooperative Middle School,20590,0,"1,255 - 1,260",17,31,27,25,53,47,NULL,"1,255 "," 1,260",1257.5,53,66647.5,20590,1257.5,66647.5,53
2015,sch,mat,Regular,Exeter Region Cooperative,172,Cooperative Middle School,20590,6,435 - 440,12,32,32,24,56,44,2559,435 , 440,0,56,0,20590,0,0,0
2015,sch,mat,Regular,Exeter Region Cooperative,172,Cooperative Middle School,20590,7,375 - 380,13,26,31,30,61,39,2581,375 , 380,0,61,0,20590,0,0,0
2015,sch,mat,Regular,Exeter Region Cooperative,172,Cooperative Middle School,20590,8,440 - 445,25,33,20,22,42,58,2569,440 , 445,0,42,0,20590,0,0,0
2015,sch,rea,Regular,Exeter Region Cooperative,172,Cooperative Middle School,20590,0,"1,250 - 1,255",12,25,45,18,63,37,NULL,"1,250 "," 1,255",0,63,0,20590,0,0,0
2015,sch,rea,Regular,Exeter Region Cooperative,172,Cooperative Middle School,20590,6,435 - 440,11,26,43,20,63,37,2553,435 , 440,0,63,0,20590,0,0,0
2015,sch,rea,Regular,Exeter Region Cooperative,172,Cooperative Middle School,20590,7,375 - 380,13,23,44,20,64,36,2577,375 , 380,0,64,0,20590,0,0,0
2015,sch,rea,Regular,Exeter Region Cooperative,172,Cooperative Middle School,20590,8,435 - 440,12,25,48,15,64,36,2586,435 , 440,0,64,0,20590,0,0,0
2015,sch,sci,Regular,Exeter Region Cooperative,172,Cooperative Middle School,20590,0,450 - 455,18,54,27,<10,28,72,NULL,450 , 455,0,28,0,20590,0,0,0
2015,sch,sci,Regular,Exeter Region Cooperative,172,Cooperative Middle School,20590,8,450 - 455,18,54,27,<10,28,72,NULL,450 , 455,0,28,0,20590,0,0,0
2015,sch,mat,Regular,Exeter Region Cooperative,172,Exeter High School,20600,0,265 - 270,32,24,25,20,45,55,NULL,265 , 270,267.5,45,12037.5,20600,267.5,12037.5,45
2015,sch,mat,Regular,Exeter Region Cooperative,172,Exeter High School,20600,11,265 - 270,32,24,25,20,45,55,2597,265 , 270,0,45,0,20600,0,0,0
2015,sch,rea,Regular,Exeter Region Cooperative,172,Exeter High School,20600,0,285 - 290,21,24,34,21,55,45,NULL,285 , 290,0,55,0,20600,0,0,0
2015,sch,rea,Regular,Exeter Region Cooperative,172,Exeter High School,20600,11,285 - 290,21,24,34,21,55,45,2587,285 , 290,0,55,0,20600,0,0,0
2015,sch,sci,Regular,Exeter Region Cooperative,172,Exeter High School,20600,0,420 - 425,13,35,48,<10,51,49,NULL,420 , 425,0,51,0,20600,0,0,0
2015,sch,sci,Regular,Exeter Region Cooperative,172,Exeter High School,20600,11,420 - 425,13,35,48,<10,51,49,NULL,420 , 425,0,51,0,20600,0,0,0
2015,sch,mat,Regular,Fall Mountain Regional,174,Acworth Elementary School,22960,0, 0 - 10,* n < 11,* n < 11,* n < 11,* n < 11,* n < 11,* n < 11,* n < 11, 0 , 10,0,* n < 11,0,22960,0,0,0
2015,sch,mat,Regular,Fall Mountain Regional,174,Acworth Elementary School,22960,3, 0 - 10,* n < 11,* n < 11,* n < 11,* n < 11,* n < 11,* n < 11,* n < 11, 0 , 10,0,* n < 11,0,22960,0,0,0
2015,sch,mat,Regular,Fall Mountain Regional,174,Acworth Elementary School,22960,4, 0 - 10,* n < 11,* n < 11,* n < 11,* n < 11,* n < 11,* n < 11,* n < 11, 0 , 10,0,* n < 11,0,22960,0,0,0
2015,sch,rea,Regular,Fall Mountain Regional,174,Acworth Elementary School,22960,0, 0 - 10,* n < 11,* n < 11,* n < 11,* n < 11,* n < 11,* n < 11,* n < 11, 0 , 10,0,* n < 11,0,22960,0,0,0
2015,sch,rea,Regular,Fall Mountain Regional,174,Acworth Elementary School,22960,3, 0 - 10,* n < 11,* n < 11,* n < 11,* n < 11,* n < 11,* n < 11,* n < 11, 0 , 10,0,* n < 11,0,22960,0,0,0
2015,sch,rea,Regular,Fall Mountain Regional,174,Acworth Elementary School,22960,4, 0 - 10,* n < 11,* n < 11,* n < 11,* n < 11,* n < 11,* n < 11,* n < 11, 0 , 10,0,* n < 11,0,22960,0,0,0
2015,sch,sci,Regular,Fall Mountain Regional,174,Acworth Elementary School,22960,0, 0 - 10,* n < 11,* n < 11,* n < 11,* n < 11,* n < 11,* n < 11,* n < 11, 0 , 10,0,* n < 11,0,22960,0,0,0
2015,sch,sci,Regular,Fall Mountain Regional,174,Acworth Elementary School,22960,4, 0 - 10,* n < 11,* n < 11,* n < 11,* n < 11,* n < 11,* n < 11,* n < 11, 0 , 10,0,* n < 11,0,22960,0,0,0
2015,sch,mat,Regular,Fall Mountain Regional,174,Alstead Primary School,22965,0,20 - 25,<10,32,45,18,64,36,NULL,20 , 25,22.5,64,1440,22965,22.5,1440,64
2015,sch,mat,Regular,Fall Mountain Regional,174,Alstead Primary School,22965,3, 0 - 10,* n < 11,* n < 11,* n < 11,* n < 11,* n < 11,* n < 11,* n < 11, 0 , 10,0,* n < 11,0,22965,0,0,0
2015,sch,mat,Regular,Fall Mountain Regional,174,Alstead Primary School,22965,4,10 -15,<10,31,54,<10,62,38,2495,10 ,15,0,62,0,22965,0,0,0
2015,sch,rea,Regular,Fall Mountain Regional,174,Alstead Primary School,22965,0,20 - 25,<10,27,27,36,64,36,NULL,20 , 25,0,64,0,22965,0,0,0
2015,sch,rea,Regular,Fall Mountain Regional,174,Alstead Primary School,22965,3, 0 - 10,* n < 11,* n < 11,* n < 11,* n < 11,* n < 11,* n < 11,* n < 11, 0 , 10,0,* n < 11,0,22965,0,0,0
2015,sch,rea,Regular,Fall Mountain Regional,174,Alstead Primary School,22965,4,10 -15,15,31,23,31,54,46,2488,10 ,15,0,54,0,22965,0,0,0
2015,sch,sci,Regular,Fall Mountain Regional,174,Alstead Primary School,22965,0,10 -15,<10,54,38,<10,38,62,NULL,10 ,15,0,38,0,22965,0,0,0
2015,sch,sci,Regular,Fall Mountain Regional,174,Alstead Primary School,22965,4,10 -15,<10,54,38,<10,38,62,NULL,10 ,15,0,38,0,22965,0,0,0
2015,sch,mat,Regular,Fall Mountain Regional,174,Charlestown Middle School,22975,0,135 - 140,15,40,27,18,45,55,NULL,135 , 140,137.5,45,6187.5,22975,137.5,6187.5,45
2015,sch,mat,Regular,Fall Mountain Regional,174,Charlestown Middle School,22975,6,55 - 60,11,45,29,15,44,56,2545,55 , 60,0,44,0,22975,0,0,0
2015,sch,mat,Regular,Fall Mountain Regional,174,Charlestown Middle School,22975,7,40 - 45,16,40,28,16,44,56,2555,40 , 45,0,44,0,22975,0,0,0
2015,sch,mat,Regular,Fall Mountain Regional,174,Charlestown Middle School,22975,8,40 - 45,20,33,23,25,48,53,2588,40 , 45,0,48,0,22975,0,0,0
2015,sch,rea,Regular,Fall Mountain Regional,174,Charlestown Middle School,22975,0,135 - 140,<10,39,39,17,55,45,NULL,135 , 140,0,55,0,22975,0,0,0
2015,sch,rea,Regular,Fall Mountain Regional,174,Charlestown Middle School,22975,6,55 - 60,<10,44,45,11,56,44,2550,55 , 60,0,56,0,22975,0,0,0
2015,sch,rea,Regular,Fall Mountain Regional,174,Charlestown Middle School,22975,7,40 - 45,12,40,33,14,48,52,2556,40 , 45,0,48,0,22975,0,0,0
2015,sch,rea,Regular,Fall Mountain Regional,174,Charlestown Middle School,22975,8,40 - 45,<10,33,35,28,63,38,2614,40 , 45,0,63,0,22975,0,0,0
2015,sch,sci,Regular,Fall Mountain Regional,174,Charlestown Middle School,22975,0,40 - 45,18,58,25,<10,25,75,NULL,40 , 45,0,25,0,22975,0,0,0
2015,sch,sci,Regular,Fall Mountain Regional,174,Charlestown Middle School,22975,8,40 - 45,18,58,25,<10,25,75,NULL,40 , 45,0,25,0,22975,0,0,0
2015,sch,mat,Regular,Fall Mountain Regional,174,Charlestown Primary School,22985,0,80 - 85,20,43,26,11,37,63,NULL,80 , 85,82.5,37,3052.5,22985,82.5,3052.5,37
2015,sch,mat,Regular,Fall Mountain Regional,174,Charlestown Primary School,22985,3,30 - 35,21,42,30,<10,36,64,2420,30 , 35,0,36,0,22985,0,0,0
2015,sch,mat,Regular,Fall Mountain Regional,174,Charlestown Primary School,22985,4,20 - 25,21,33,25,21,46,54,2470,20 , 25,0,46,0,22985,0,0,0
2015,sch,mat,Regular,Fall Mountain Regional,174,Charlestown Primary School,22985,5,20 - 25,17,54,21,<10,29,71,2500,20 , 25,0,29,0,22985,0,0,0
2015,sch,rea,Regular,Fall Mountain Regional,174,Charlestown Primary School,22985,0,80 - 85,28,31,31,10,41,59,NULL,80 , 85,0,41,0,22985,0,0,0
2015,sch,rea,Regular,Fall Mountain Regional,174,Charlestown Primary School,22985,3,30 - 35,21,52,21,<10,27,73,2402,30 , 35,0,27,0,22985,0,0,0
2015,sch,rea,Regular,Fall Mountain Regional,174,Charlestown Primary School,22985,4,20 - 25,50,17,21,13,33,67,2433,20 , 25,0,33,0,22985,0,0,0
2015,sch,rea,Regular,Fall Mountain Regional,174,Charlestown Primary School,22985,5,20 - 25,17,17,54,13,67,33,2507,20 , 25,0,67,0,22985,0,0,0
2015,sch,sci,Regular,Fall Mountain Regional,174,Charlestown Primary School,22985,0,20 - 25,13,54,33,<10,33,67,NULL,20 , 25,0,33,0,22985,0,0,0
2015,sch,sci,Regular,Fall Mountain Regional,174,Charlestown Primary School,22985,4,20 - 25,13,54,33,<10,33,67,NULL,20 , 25,0,33,0,22985,0,0,0
2015,sch,mat,Regular,Fall Mountain Regional,174,Fall Mountain Regional High School,22990,0,130 - 135,47,27,18,<10,26,74,NULL,130 , 135,132.5,26,3445,22990,132.5,3445,26
2015,sch,mat,Regular,Fall Mountain Regional,174,Fall Mountain Regional High School,22990,11,130 - 135,47,27,18,<10,26,74,2552,130 , 135,0,26,0,22990,0,0,0
2015,sch,rea,Regular,Fall Mountain Regional,174,Fall Mountain Regional High School,22990,0,130 - 135,22,31,31,16,47,53,NULL,130 , 135,0,47,0,22990,0,0,0
2015,sch,rea,Regular,Fall Mountain Regional,174,Fall Mountain Regional High School,22990,11,130 - 135,22,31,31,16,47,53,2583,130 , 135,0,47,0,22990,0,0,0
2015,sch,sci,Regular,Fall Mountain Regional,174,Fall Mountain Regional High School,22990,0,130 - 135,25,47,26,<10,28,72,NULL,130 , 135,0,28,0,22990,0,0,0
2015,sch,sci,Regular,Fall Mountain Regional,174,Fall Mountain Regional High School,22990,11,130 - 135,25,47,26,<10,28,72,NULL,130 , 135,0,28,0,22990,0,0,0
2015,sch,mat,Regular,Fall Mountain Regional,174,N. Charlestown Community School,22980,0,45 - 50,17,32,43,<10,51,49,NULL,45 , 50,47.5,51,2422.5,0,0,0,0
2015,sch,mat,Regular,Fall Mountain Regional,174,N. Charlestown Community School,22980,3,15 - 20,19,31,31,19,50,50,2436,15 , 20,0,50,0,0,0,0,0
2015,sch,mat,Regular,Fall Mountain Regional,174,N. Charlestown Community School,22980,4,15 - 20,<10,29,59,<10,65,35,2500,15 , 20,0,65,0,0,0,0,0
2015,sch,mat,Regular,Fall Mountain Regional,174,N. Charlestown Community School,22980,5,10 -15,29,36,36,<10,36,64,2494,10 ,15,0,36,0,0,0,0,0
2015,sch,rea,Regular,Fall Mountain Regional,174,N. Charlestown Community School,22980,0,45 - 50,15,30,36,19,55,45,NULL,45 , 50,0,55,0,0,0,0,0
2015,sch,rea,Regular,Fall Mountain Regional,174,N. Charlestown Community School,22980,3,15 - 20,13,38,25,25,50,50,2435,15 , 20,0,50,0,0,0,0,0
2015,sch,rea,Regular,Fall Mountain Regional,174,N. Charlestown Community School,22980,4,15 - 20,12,24,47,18,65,35,2486,15 , 20,0,65,0,0,0,0,0
2015,sch,rea,Regular,Fall Mountain Regional,174,N. Charlestown Community School,22980,5,10 -15,21,29,36,14,50,50,2499,10 ,15,0,50,0,0,0,0,0
2015,sch,sci,Regular,Fall Mountain Regional,174,N. Charlestown Community School,22980,0,15 - 20,<10,47,41,<10,47,53,NULL,15 , 20,0,47,0,0,0,0,0
2015,sch,sci,Regular,Fall Mountain Regional,174,N. Charlestown Community School,22980,4,15 - 20,<10,47,41,<10,47,53,NULL,15 , 20,0,47,0,0,0,0,0
2015,sch,mat,Regular,Fall Mountain Regional,174,North Walpole School,23005,0,55 - 60,<10,17,44,32,76,24,NULL,55 , 60,57.5,76,4370,23005,57.5,4370,76
2015,sch,mat,Regular,Fall Mountain Regional,174,North Walpole School,23005,3,35 - 40,<10,18,39,37,76,24,2476,35 , 40,0,76,0,23005,0,0,0
2015,sch,mat,Regular,Fall Mountain Regional,174,North Walpole School,23005,4,20 - 25,10,14,52,24,76,24,2507,20 , 25,0,76,0,23005,0,0,0
2015,sch,rea,Regular,Fall Mountain Regional,174,North Walpole School,23005,0,55 - 60,<10,17,41,36,76,24,NULL,55 , 60,0,76,0,23005,0,0,0
2015,sch,rea,Regular,Fall Mountain Regional,174,North Walpole School,23005,3,35 - 40,<10,16,42,37,79,21,2474,35 , 40,0,79,0,23005,0,0,0
2015,sch,rea,Regular,Fall Mountain Regional,174,North Walpole School,23005,4,20 - 25,10,19,38,33,71,29,2508,20 , 25,0,71,0,23005,0,0,0
2015,sch,sci,Regular,Fall Mountain Regional,174,North Walpole School,23005,0,20 - 25,<10,29,67,<10,67,33,NULL,20 , 25,0,67,0,23005,0,0,0
2015,sch,sci,Regular,Fall Mountain Regional,174,North Walpole School,23005,4,20 - 25,<10,29,67,<10,67,33,NULL,20 , 25,0,67,0,23005,0,0,0
2015,sch,mat,Regular,Fall Mountain Regional,174,Sarah Porter School,22995,0,15 - 20,33,33,33,<10,33,67,NULL,15 , 20,17.5,33,577.5,22995,17.5,577.5,33
2015,sch,mat,Regular,Fall Mountain Regional,174,Sarah Porter School,22995,3, 0 - 10,* n < 11,* n < 11,* n < 11,* n < 11,* n < 11,* n < 11,* n < 11, 0 , 10,0,* n < 11,0,22995,0,0,0
2015,sch,mat,Regular,Fall Mountain Regional,174,Sarah Porter School,22995,4, 0 - 10,* n < 11,* n < 11,* n < 11,* n < 11,* n < 11,* n < 11,* n < 11, 0 , 10,0,* n < 11,0,22995,0,0,0
2015,sch,rea,Regular,Fall Mountain Regional,174,Sarah Porter School,22995,0,15 - 20,20,47,20,13,33,67,NULL,15 , 20,0,33,0,22995,0,0,0
2015,sch,rea,Regular,Fall Mountain Regional,174,Sarah Porter School,22995,3, 0 - 10,* n < 11,* n < 11,* n < 11,* n < 11,* n < 11,* n < 11,* n < 11, 0 , 10,0,* n < 11,0,22995,0,0,0
2015,sch,rea,Regular,Fall Mountain Regional,174,Sarah Porter School,22995,4, 0 - 10,* n < 11,* n < 11,* n < 11,* n < 11,* n < 11,* n < 11,* n < 11, 0 , 10,0,* n < 11,0,22995,0,0,0
2015,sch,sci,Regular,Fall Mountain Regional,174,Sarah Porter School,22995,0, 0 - 10,* n < 11,* n < 11,* n < 11,* n < 11,* n < 11,* n < 11,* n < 11, 0 , 10,0,* n < 11,0,22995,0,0,0
2015,sch,sci,Regular,Fall Mountain Regional,174,Sarah Porter School,22995,4, 0 - 10,* n < 11,* n < 11,* n < 11,* n < 11,* n < 11,* n < 11,* n < 11, 0 , 10,0,* n < 11,0,22995,0,0,0
2015,sch,mat,Regular,Fall Mountain Regional,174,Vilas Elementary School,22970,0,95 - 100,27,40,20,13,33,67,NULL,95 , 100,97.5,33,3217.5,22970,97.5,3217.5,33
2015,sch,mat,Regular,Fall Mountain Regional,174,Vilas Elementary School,22970,5,20 - 25,21,38,21,21,42,58,2517,20 , 25,0,42,0,22970,0,0,0
2015,sch,mat,Regular,Fall Mountain Regional,174,Vilas Elementary School,22970,6,20 - 25,29,48,19,<10,24,76,2493,20 , 25,0,24,0,22970,0,0,0
2015,sch,mat,Regular,Fall Mountain Regional,174,Vilas Elementary School,22970,7,25 - 30,32,36,24,<10,32,68,2528,25 , 30,0,32,0,22970,0,0,0
2015,sch,mat,Regular,Fall Mountain Regional,174,Vilas Elementary School,22970,8,25 - 30,26,41,15,19,33,67,2559,25 , 30,0,33,0,22970,0,0,0
2015,sch,rea,Regular,Fall Mountain Regional,174,Vilas Elementary School,22970,0,95 - 100,18,15,39,28,67,33,NULL,95 , 100,0,67,0,22970,0,0,0
2015,sch,rea,Regular,Fall Mountain Regional,174,Vilas Elementary School,22970,5,20 - 25,13,13,29,46,75,25,2548,20 , 25,0,75,0,22970,0,0,0
2015,sch,rea,Regular,Fall Mountain Regional,174,Vilas Elementary School,22970,6,20 - 25,19,14,57,10,67,33,2542,20 , 25,0,67,0,22970,0,0,0
2015,sch,rea,Regular,Fall Mountain Regional,174,Vilas Elementary School,22970,7,25 - 30,20,20,32,28,60,40,2576,25 , 30,0,60,0,22970,0,0,0
2015,sch,rea,Regular,Fall Mountain Regional,174,Vilas Elementary School,22970,8,25 - 30,19,15,41,26,67,33,2593,25 , 30,0,67,0,22970,0,0,0
2015,sch,sci,Regular,Fall Mountain Regional,174,Vilas Elementary School,22970,0,25 - 30,30,52,19,<10,19,81,NULL,25 , 30,0,19,0,22970,0,0,0
2015,sch,sci,Regular,Fall Mountain Regional,174,Vilas Elementary School,22970,8,25 - 30,30,52,19,<10,19,81,NULL,25 , 30,0,19,0,22970,0,0,0
2015,sch,mat,Regular,Fall Mountain Regional,174,Walpole Elementary School,23015,0,140 - 145,10,31,33,26,60,40,NULL,140 , 145,142.5,60,8550,23015,142.5,8550,60
2015,sch,mat,Regular,Fall Mountain Regional,174,Walpole Elementary School,23015,5,35 - 40,<10,24,38,30,68,32,2551,35 , 40,0,68,0,23015,0,0,0
2015,sch,mat,Regular,Fall Mountain Regional,174,Walpole Elementary School,23015,6,35 - 40,14,37,29,20,49,51,2554,35 , 40,0,49,0,23015,0,0,0
2015,sch,mat,Regular,Fall Mountain Regional,174,Walpole Elementary School,23015,7,30 - 35,<10,26,29,38,68,32,2615,30 , 35,0,68,0,23015,0,0,0
2015,sch,mat,Regular,Fall Mountain Regional,174,Walpole Elementary School,23015,8,35 - 40,11,34,37,18,55,45,2589,35 , 40,0,55,0,23015,0,0,0
2015,sch,rea,Regular,Fall Mountain Regional,174,Walpole Elementary School,23015,0,140 - 145,<10,15,54,25,79,21,NULL,140 , 145,0,79,0,23015,0,0,0
2015,sch,rea,Regular,Fall Mountain Regional,174,Walpole Elementary School,23015,5,35 - 40,<10,<10,50,45,>90,<10,2583,35 , 40,0,90,0,23015,0,0,0
2015,sch,rea,Regular,Fall Mountain Regional,174,Walpole Elementary School,23015,6,30 - 35,<10,30,39,21,61,39,2557,30 , 35,0,61,0,23015,0,0,0
2015,sch,rea,Regular,Fall Mountain Regional,174,Walpole Elementary School,23015,7,30 - 35,<10,12,56,24,79,21,2604,30 , 35,0,79,0,23015,0,0,0
2015,sch,rea,Regular,Fall Mountain Regional,174,Walpole Elementary School,23015,8,35 - 40,<10,16,68,11,78,22,2597,35 , 40,0,78,0,23015,0,0,0
2015,sch,sci,Regular,Fall Mountain Regional,174,Walpole Elementary School,23015,0,35 - 40,11,37,50,<10,53,47,NULL,35 , 40,0,53,0,23015,0,0,0
2015,sch,sci,Regular,Fall Mountain Regional,174,Walpole Elementary School,23015,8,35 - 40,11,37,50,<10,53,47,NULL,35 , 40,0,53,0,23015,0,0,0
2015,sch,mat,Regular,Farmington,175,Farmington Senior High School,22050,0,85 - 90,58,26,13,<10,16,84,NULL,85 , 90,87.5,16,1400,22050,87.5,1400,16
2015,sch,mat,Regular,Farmington,175,Farmington Senior High School,22050,11,85 - 90,58,26,13,<10,16,84,2520,85 , 90,0,16,0,22050,0,0,0
2015,sch,rea,Regular,Farmington,175,Farmington Senior High School,22050,0,85 - 90,47,24,24,<10,29,71,NULL,85 , 90,0,29,0,22050,0,0,0
2015,sch,rea,Regular,Farmington,175,Farmington Senior High School,22050,11,85 - 90,47,24,24,<10,29,71,2520,85 , 90,0,29,0,22050,0,0,0
2015,sch,sci,Regular,Farmington,175,Farmington Senior High School,22050,0,85 - 90,41,48,12,<10,12,88,NULL,85 , 90,0,12,0,22050,0,0,0
2015,sch,sci,Regular,Farmington,175,Farmington Senior High School,22050,11,85 - 90,41,48,12,<10,12,88,NULL,85 , 90,0,12,0,22050,0,0,0
2015,sch,mat,Regular,Farmington,175,Henry Wilson Memorial School,22055,0,440 - 445,28,37,25,10,35,65,NULL,440 , 445,442.5,35,15487.5,22055,442.5,15487.5,35
2015,sch,mat,Regular,Farmington,175,Henry Wilson Memorial School,22055,4,90 - 95,31,33,27,<10,36,64,2453,90 , 95,0,36,0,22055,0,0,0
2015,sch,mat,Regular,Farmington,175,Henry Wilson Memorial School,22055,5,90 - 95,31,43,19,<10,26,74,2489,90 , 95,0,26,0,22055,0,0,0
2015,sch,mat,Regular,Farmington,175,Henry Wilson Memorial School,22055,6,75 - 80,30,33,29,<10,37,63,2511,75 , 80,0,37,0,22055,0,0,0
2015,sch,mat,Regular,Farmington,175,Henry Wilson Memorial School,22055,7,95 - 100,22,32,25,20,45,55,2539,95 , 100,0,45,0,22055,0,0,0
2015,sch,mat,Regular,Farmington,175,Henry Wilson Memorial School,22055,8,85 - 90,28,42,26,<10,29,71,2536,85 , 90,0,29,0,22055,0,0,0
2015,sch,rea,Regular,Farmington,175,Henry Wilson Memorial School,22055,0,435 - 440,25,29,35,11,46,54,NULL,435 , 440,0,46,0,22055,0,0,0
2015,sch,rea,Regular,Farmington,175,Henry Wilson Memorial School,22055,4,85 - 90,42,19,26,13,39,61,2440,85 , 90,0,39,0,22055,0,0,0
2015,sch,rea,Regular,Farmington,175,Henry Wilson Memorial School,22055,5,90 - 95,26,32,30,12,42,58,2487,90 , 95,0,42,0,22055,0,0,0
2015,sch,rea,Regular,Farmington,175,Henry Wilson Memorial School,22055,6,75 - 80,25,30,34,11,45,55,2511,75 , 80,0,45,0,22055,0,0,0
2015,sch,rea,Regular,Farmington,175,Henry Wilson Memorial School,22055,7,95 - 100,19,23,46,11,57,43,2548,95 , 100,0,57,0,22055,0,0,0
2015,sch,rea,Regular,Farmington,175,Henry Wilson Memorial School,22055,8,85 - 90,13,44,36,<10,44,56,2556,85 , 90,0,44,0,22055,0,0,0
2015,sch,sci,Regular,Farmington,175,Henry Wilson Memorial School,22055,0,175 - 180,26,55,17,<10,19,81,NULL,175 , 180,0,19,0,22055,0,0,0
2015,sch,sci,Regular,Farmington,175,Henry Wilson Memorial School,22055,4,90 - 95,26,52,21,<10,22,78,NULL,90 , 95,0,22,0,22055,0,0,0
2015,sch,sci,Regular,Farmington,175,Henry Wilson Memorial School,22055,8,85 - 90,27,58,12,<10,15,85,NULL,85 , 90,0,15,0,22055,0,0,0
2015,sch,mat,Regular,Farmington,175,Valley View Community School,27980,0,70 - 75,21,21,41,16,57,43,NULL,70 , 75,72.5,57,4132.5,27980,72.5,4132.5,57
2015,sch,mat,Regular,Farmington,175,Valley View Community School,27980,3,70 - 75,21,21,41,16,57,43,2438,70 , 75,0,57,0,27980,0,0,0
2015,sch,rea,Regular,Farmington,175,Valley View Community School,27980,0,65 - 70,13,26,28,33,61,39,NULL,65 , 70,0,61,0,27980,0,0,0
2015,sch,rea,Regular,Farmington,175,Valley View Community School,27980,3,65 - 70,13,26,28,33,61,39,2453,65 , 70,0,61,0,27980,0,0,0
2015,sch,mat,Regular,Franklin,185,Franklin High School,20660,0,65 - 70,54,36,10,<10,10,90,NULL,65 , 70,67.5,10,675,20660,67.5,675,10
2015,sch,mat,Regular,Franklin,185,Franklin High School,20660,11,65 - 70,54,36,10,<10,10,90,2511,65 , 70,0,10,0,20660,0,0,0
2015,sch,rea,Regular,Franklin,185,Franklin High School,20660,0,70 - 75,27,23,33,17,50,50,NULL,70 , 75,0,50,0,20660,0,0,0
2015,sch,rea,Regular,Franklin,185,Franklin High School,20660,11,70 - 75,27,23,33,17,50,50,2568,70 , 75,0,50,0,20660,0,0,0
2015,sch,sci,Regular,Franklin,185,Franklin High School,20660,0,65 - 70,32,43,25,<10,25,75,NULL,65 , 70,0,25,0,20660,0,0,0
2015,sch,sci,Regular,Franklin,185,Franklin High School,20660,11,65 - 70,32,43,25,<10,25,75,NULL,65 , 70,0,25,0,20660,0,0,0
2015,sch,mat,Regular,Franklin,185,Franklin Middle School,26755,0,325 - 330,32,36,21,10,31,69,NULL,325 , 330,327.5,31,10152.5,26755,327.5,10152.5,31
2015,sch,mat,Regular,Franklin,185,Franklin Middle School,26755,5,80 - 85,21,54,21,<10,26,74,2485,80 , 85,0,26,0,26755,0,0,0
2015,sch,mat,Regular,Franklin,185,Franklin Middle School,26755,6,75 - 80,23,39,22,16,38,62,2529,75 , 80,0,38,0,26755,0,0,0
2015,sch,mat,Regular,Franklin,185,Franklin Middle School,26755,7,75 - 80,37,32,21,10,31,69,2521,75 , 80,0,31,0,26755,0,0,0
2015,sch,mat,Regular,Franklin,185,Franklin Middle School,26755,8,90 - 95,47,21,21,11,32,68,2515,90 , 95,0,32,0,26755,0,0,0
2015,sch,rea,Regular,Franklin,185,Franklin Middle School,26755,0,325 - 330,25,31,33,11,44,56,NULL,325 , 330,0,44,0,26755,0,0,0
2015,sch,rea,Regular,Franklin,185,Franklin Middle School,26755,5,80 - 85,24,28,30,17,48,52,2495,80 , 85,0,48,0,26755,0,0,0
2015,sch,rea,Regular,Franklin,185,Franklin Middle School,26755,6,75 - 80,19,27,43,10,53,47,2526,75 , 80,0,53,0,26755,0,0,0
2015,sch,rea,Regular,Franklin,185,Franklin Middle School,26755,7,75 - 80,21,36,36,<10,44,56,2537,75 , 80,0,44,0,26755,0,0,0
2015,sch,rea,Regular,Franklin,185,Franklin Middle School,26755,8,90 - 95,33,32,24,10,34,66,2534,90 , 95,0,34,0,26755,0,0,0
2015,sch,sci,Regular,Franklin,185,Franklin Middle School,26755,0,90 - 95,38,46,17,<10,17,83,NULL,90 , 95,0,17,0,26755,0,0,0
2015,sch,sci,Regular,Franklin,185,Franklin Middle School,26755,8,90 - 95,38,46,17,<10,17,83,NULL,90 , 95,0,17,0,26755,0,0,0
2015,sch,mat,Regular,Franklin,185,Paul A. Smith School,20650,0,155 - 160,27,40,26,<10,32,68,NULL,155 , 160,157.5,32,5040,20650,157.5,5040,32
2015,sch,mat,Regular,Franklin,185,Paul A. Smith School,20650,3,85 - 90,29,39,25,<10,32,68,2411,85 , 90,0,32,0,20650,0,0,0
2015,sch,mat,Regular,Franklin,185,Paul A. Smith School,20650,4,70 - 75,26,41,27,<10,33,67,2453,70 , 75,0,33,0,20650,0,0,0
2015,sch,rea,Regular,Franklin,185,Paul A. Smith School,20650,0,150 - 155,38,31,20,11,31,69,NULL,150 , 155,0,31,0,20650,0,0,0
2015,sch,rea,Regular,Franklin,185,Paul A. Smith School,20650,3,80 - 85,39,31,20,10,30,70,2389,80 , 85,0,30,0,20650,0,0,0
2015,sch,rea,Regular,Franklin,185,Paul A. Smith School,20650,4,70 - 75,37,30,20,13,33,67,2447,70 , 75,0,33,0,20650,0,0,0
2015,sch,sci,Regular,Franklin,185,Paul A. Smith School,20650,0,70 - 75,16,54,30,<10,30,70,NULL,70 , 75,0,30,0,20650,0,0,0
2015,sch,sci,Regular,Franklin,185,Paul A. Smith School,20650,4,70 - 75,16,54,30,<10,30,70,NULL,70 , 75,0,30,0,20650,0,0,0
2015,sch,mat,Regular,Freedom,187,Freedom Elementary School,20350,0,25 - 30,11,46,32,11,43,57,NULL,25 , 30,27.5,43,1182.5,20350,27.5,1182.5,43
2015,sch,mat,Regular,Freedom,187,Freedom Elementary School,20350,3, 0 - 10,* n < 11,* n < 11,* n < 11,* n < 11,* n < 11,* n < 11,* n < 11, 0 , 10,0,* n < 11,0,20350,0,0,0
2015,sch,mat,Regular,Freedom,187,Freedom Elementary School,20350,4,10 -15,<10,45,45,<10,45,55,2475,10 ,15,0,45,0,20350,0,0,0
2015,sch,mat,Regular,Freedom,187,Freedom Elementary School,20350,5, 0 - 10,* n < 11,* n < 11,* n < 11,* n < 11,* n < 11,* n < 11,* n < 11, 0 , 10,0,* n < 11,0,20350,0,0,0
2015,sch,mat,Regular,Freedom,187,Freedom Elementary School,20350,6, 0 - 10,* n < 11,* n < 11,* n < 11,* n < 11,* n < 11,* n < 11,* n < 11, 0 , 10,0,* n < 11,0,20350,0,0,0
2015,sch,rea,Regular,Freedom,187,Freedom Elementary School,20350,0,25 - 30,14,18,46,21,68,32,NULL,25 , 30,0,68,0,20350,0,0,0
2015,sch,rea,Regular,Freedom,187,Freedom Elementary School,20350,3, 0 - 10,* n < 11,* n < 11,* n < 11,* n < 11,* n < 11,* n < 11,* n < 11, 0 , 10,0,* n < 11,0,20350,0,0,0
2015,sch,rea,Regular,Freedom,187,Freedom Elementary School,20350,4,10 -15,18,27,27,27,55,45,2486,10 ,15,0,55,0,20350,0,0,0
2015,sch,rea,Regular,Freedom,187,Freedom Elementary School,20350,5, 0 - 10,* n < 11,* n < 11,* n < 11,* n < 11,* n < 11,* n < 11,* n < 11, 0 , 10,0,* n < 11,0,20350,0,0,0
2015,sch,rea,Regular,Freedom,187,Freedom Elementary School,20350,6, 0 - 10,* n < 11,* n < 11,* n < 11,* n < 11,* n < 11,* n < 11,* n < 11, 0 , 10,0,* n < 11,0,20350,0,0,0
2015,sch,sci,Regular,Freedom,187,Freedom Elementary School,20350,0,10 -15,<10,36,64,<10,64,36,NULL,10 ,15,0,64,0,20350,0,0,0
2015,sch,sci,Regular,Freedom,187,Freedom Elementary School,20350,4,10 -15,<10,36,64,<10,64,36,NULL,10 ,15,0,64,0,20350,0,0,0
2015,sch,mat,Regular,Fremont,189,Ellis School,20525,0,280 - 285,23,39,23,15,38,62,NULL,280 , 285,282.5,38,10735,20525,282.5,10735,38
2015,sch,mat,Regular,Fremont,189,Ellis School,20525,3,35 - 40,38,28,28,<10,33,67,2402,35 , 40,0,33,0,20525,0,0,0
2015,sch,mat,Regular,Fremont,189,Ellis School,20525,4,40 - 45,23,44,23,<10,33,67,2457,40 , 45,0,33,0,20525,0,0,0
2015,sch,mat,Regular,Fremont,189,Ellis School,20525,5,50 - 55,27,49,18,<10,24,76,2482,50 , 55,0,24,0,20525,0,0,0
2015,sch,mat,Regular,Fremont,189,Ellis School,20525,6,45 - 50,20,51,16,12,29,71,2521,45 , 50,0,29,0,20525,0,0,0
2015,sch,mat,Regular,Fremont,189,Ellis School,20525,7,50 - 55,11,35,28,26,54,46,2580,50 , 55,0,54,0,20525,0,0,0
2015,sch,mat,Regular,Fremont,189,Ellis School,20525,8,40 - 45,23,23,23,32,55,45,2599,40 , 45,0,55,0,20525,0,0,0
2015,sch,rea,Regular,Fremont,189,Ellis School,20525,0,280 - 285,15,30,39,16,56,44,NULL,280 , 285,0,56,0,20525,0,0,0
2015,sch,rea,Regular,Fremont,189,Ellis School,20525,3,40 - 45,33,25,33,10,43,58,2398,40 , 45,0,43,0,20525,0,0,0
2015,sch,rea,Regular,Fremont,189,Ellis School,20525,4,40 - 45,12,23,37,28,65,35,2491,40 , 45,0,65,0,20525,0,0,0
2015,sch,rea,Regular,Fremont,189,Ellis School,20525,5,50 - 55,15,38,31,15,46,54,2504,50 , 55,0,46,0,20525,0,0,0
2015,sch,rea,Regular,Fremont,189,Ellis School,20525,6,45 - 50,10,47,35,<10,43,57,2531,45 , 50,0,43,0,20525,0,0,0
2015,sch,rea,Regular,Fremont,189,Ellis School,20525,7,50 - 55,<10,17,57,19,76,24,2588,50 , 55,0,76,0,20525,0,0,0
2015,sch,rea,Regular,Fremont,189,Ellis School,20525,8,40 - 45,14,27,41,18,59,41,2596,40 , 45,0,59,0,20525,0,0,0
2015,sch,sci,Regular,Fremont,189,Ellis School,20525,0,90 - 95,12,40,47,<10,48,52,NULL,90 , 95,0,48,0,20525,0,0,0
2015,sch,sci,Regular,Fremont,189,Ellis School,20525,4,40 - 45,<10,34,61,<10,64,36,NULL,40 , 45,0,64,0,20525,0,0,0
2015,sch,sci,Regular,Fremont,189,Ellis School,20525,8,45 - 50,22,46,33,<10,33,67,NULL,45 , 50,0,33,0,20525,0,0,0
2015,sch,mat,Regular,Gate City Charter School For the Arts,742,Gate City Charter School for the Arts,29151,0,60 - 65,17,39,23,20,44,56,NULL,60 , 65,62.5,44,2750,29151,62.5,2750,44
2015,sch,mat,Regular,Gate City Charter School For the Arts,742,Gate City Charter School for the Arts,29151,3,15 - 20,18,29,35,18,53,47,2444,15 , 20,0,53,0,29151,0,0,0
2015,sch,mat,Regular,Gate City Charter School For the Arts,742,Gate City Charter School for the Arts,29151,4,15 - 20,25,31,31,13,44,56,2475,15 , 20,0,44,0,29151,0,0,0
2015,sch,mat,Regular,Gate City Charter School For the Arts,742,Gate City Charter School for the Arts,29151,5,15 - 20,16,47,11,26,37,63,2513,15 , 20,0,37,0,29151,0,0,0
2015,sch,mat,Regular,Gate City Charter School For the Arts,742,Gate City Charter School for the Arts,29151,6,10 -15,<10,50,17,25,42,58,2556,10 ,15,0,42,0,29151,0,0,0
2015,sch,rea,Regular,Gate City Charter School For the Arts,742,Gate City Charter School for the Arts,29151,0,35 - 40,<10,28,33,33,67,33,NULL,35 , 40,0,67,0,29151,0,0,0
2015,sch,rea,Regular,Gate City Charter School For the Arts,742,Gate City Charter School for the Arts,29151,3,15 - 20,<10,22,22,50,72,28,2478,15 , 20,0,72,0,29151,0,0,0
2015,sch,rea,Regular,Gate City Charter School For the Arts,742,Gate City Charter School for the Arts,29151,5,15 - 20,<10,33,44,17,61,39,2516,15 , 20,0,61,0,29151,0,0,0
2015,sch,sci,Regular,Gate City Charter School For the Arts,742,Gate City Charter School for the Arts,29151,0,15 - 20,<10,41,59,<10,59,41,NULL,15 , 20,0,59,0,29151,0,0,0
2015,sch,sci,Regular,Gate City Charter School For the Arts,742,Gate City Charter School for the Arts,29151,4,15 - 20,<10,41,59,<10,59,41,NULL,15 , 20,0,59,0,29151,0,0,0
2015,sch,mat,Regular,Gilford,191,Gilford Elementary School,21245,0,125 - 130,<10,30,39,25,64,36,NULL,125 , 130,127.5,64,8160,21245,127.5,8160,64
2015,sch,mat,Regular,Gilford,191,Gilford Elementary School,21245,3,65 - 70,<10,23,46,23,69,31,2464,65 , 70,0,69,0,21245,0,0,0
2015,sch,mat,Regular,Gilford,191,Gilford Elementary School,21245,4,60 - 65,<10,38,31,27,58,42,2501,60 , 65,0,58,0,21245,0,0,0
2015,sch,rea,Regular,Gilford,191,Gilford Elementary School,21245,0,125 - 130,14,22,33,31,64,36,NULL,125 , 130,0,64,0,21245,0,0,0
2015,sch,rea,Regular,Gilford,191,Gilford Elementary School,21245,3,65 - 70,11,17,38,34,72,28,2460,65 , 70,0,72,0,21245,0,0,0
2015,sch,rea,Regular,Gilford,191,Gilford Elementary School,21245,4,60 - 65,17,27,28,28,56,44,2484,60 , 65,0,56,0,21245,0,0,0
2015,sch,sci,Regular,Gilford,191,Gilford Elementary School,21245,0,60 - 65,<10,52,44,<10,44,56,NULL,60 , 65,0,44,0,21245,0,0,0
2015,sch,sci,Regular,Gilford,191,Gilford Elementary School,21245,4,60 - 65,<10,52,44,<10,44,56,NULL,60 , 65,0,44,0,21245,0,0,0
2015,sch,mat,Regular,Gilford,191,Gilford High School,21240,0,100 - 105,26,32,24,18,42,58,NULL,100 , 105,102.5,42,4305,21240,102.5,4305,42
2015,sch,mat,Regular,Gilford,191,Gilford High School,21240,11,100 - 105,26,32,24,18,42,58,2605,100 , 105,0,42,0,21240,0,0,0
2015,sch,rea,Regular,Gilford,191,Gilford High School,21240,0,105 - 110,<10,25,37,30,67,33,NULL,105 , 110,0,67,0,21240,0,0,0
2015,sch,rea,Regular,Gilford,191,Gilford High School,21240,11,105 - 110,<10,25,37,30,67,33,2617,105 , 110,0,67,0,21240,0,0,0
2015,sch,sci,Regular,Gilford,191,Gilford High School,21240,0,115 - 120,<10,50,40,<10,41,59,NULL,115 , 120,0,41,0,21240,0,0,0
2015,sch,sci,Regular,Gilford,191,Gilford High School,21240,11,115 - 120,<10,50,40,<10,41,59,NULL,115 , 120,0,41,0,21240,0,0,0
2015,sch,mat,Regular,Gilford,191,Gilford Middle School,26995,0,310 - 315,21,34,27,18,45,55,NULL,310 , 315,312.5,45,14062.5,26995,312.5,14062.5,45
2015,sch,mat,Regular,Gilford,191,Gilford Middle School,26995,5,75 - 80,22,35,32,10,43,57,2507,75 , 80,0,43,0,26995,0,0,0
2015,sch,mat,Regular,Gilford,191,Gilford Middle School,26995,6,90 - 95,20,34,24,23,47,53,2542,90 , 95,0,47,0,26995,0,0,0
2015,sch,mat,Regular,Gilford,191,Gilford Middle School,26995,7,75 - 80,21,38,23,18,42,58,2560,75 , 80,0,42,0,26995,0,0,0
2015,sch,mat,Regular,Gilford,191,Gilford Middle School,26995,8,60 - 65,22,30,28,20,48,52,2586,60 , 65,0,48,0,26995,0,0,0
2015,sch,rea,Regular,Gilford,191,Gilford Middle School,26995,0,310 - 315,11,26,43,21,64,36,NULL,310 , 315,0,64,0,26995,0,0,0
2015,sch,rea,Regular,Gilford,191,Gilford Middle School,26995,5,75 - 80,17,25,38,21,58,42,2519,75 , 80,0,58,0,26995,0,0,0
2015,sch,rea,Regular,Gilford,191,Gilford Middle School,26995,6,90 - 95,10,29,45,16,61,39,2547,90 , 95,0,61,0,26995,0,0,0
2015,sch,rea,Regular,Gilford,191,Gilford Middle School,26995,7,75 - 80,<10,27,40,23,64,36,2588,75 , 80,0,64,0,26995,0,0,0
2015,sch,rea,Regular,Gilford,191,Gilford Middle School,26995,8,60 - 65,<10,20,50,23,73,27,2609,60 , 65,0,73,0,26995,0,0,0
2015,sch,sci,Regular,Gilford,191,Gilford Middle School,26995,0,60 - 65,<10,64,28,<10,28,72,NULL,60 , 65,0,28,0,26995,0,0,0
2015,sch,sci,Regular,Gilford,191,Gilford Middle School,26995,8,60 - 65,<10,64,28,<10,28,72,NULL,60 , 65,0,28,0,26995,0,0,0
2015,sch,mat,Regular,Gilmanton,195,Gilmanton Elementary School,21250,0,260 - 265,<10,39,38,16,53,47,NULL,260 , 265,262.5,53,13912.5,21250,262.5,13912.5,53
2015,sch,mat,Regular,Gilmanton,195,Gilmanton Elementary School,21250,3,50 - 55,<10,34,49,11,60,40,2443,50 , 55,0,60,0,21250,0,0,0
2015,sch,mat,Regular,Gilmanton,195,Gilmanton Elementary School,21250,4,40 - 45,<10,44,49,<10,56,44,2495,40 , 45,0,56,0,21250,0,0,0
2015,sch,mat,Regular,Gilmanton,195,Gilmanton Elementary School,21250,5,40 - 45,<10,33,40,26,65,35,2544,40 , 45,0,65,0,21250,0,0,0
2015,sch,mat,Regular,Gilmanton,195,Gilmanton Elementary School,21250,6,35 - 40,11,50,25,14,39,61,2534,35 , 40,0,39,0,21250,0,0,0
2015,sch,mat,Regular,Gilmanton,195,Gilmanton Elementary School,21250,7,40 - 45,14,33,30,23,53,47,2563,40 , 45,0,53,0,21250,0,0,0
2015,sch,mat,Regular,Gilmanton,195,Gilmanton Elementary School,21250,8,45 - 50,13,44,29,13,42,58,2569,45 , 50,0,42,0,21250,0,0,0
2015,sch,rea,Regular,Gilmanton,195,Gilmanton Elementary School,21250,0,260 - 265,<10,18,44,34,78,22,NULL,260 , 265,0,78,0,21250,0,0,0
2015,sch,rea,Regular,Gilmanton,195,Gilmanton Elementary School,21250,3,50 - 55,<10,21,36,42,77,23,2477,50 , 55,0,77,0,21250,0,0,0
2015,sch,rea,Regular,Gilmanton,195,Gilmanton Elementary School,21250,4,40 - 45,<10,15,29,54,83,17,2531,40 , 45,0,83,0,21250,0,0,0
2015,sch,rea,Regular,Gilmanton,195,Gilmanton Elementary School,21250,5,40 - 45,<10,19,35,44,79,21,2565,40 , 45,0,79,0,21250,0,0,0
2015,sch,rea,Regular,Gilmanton,195,Gilmanton Elementary School,21250,6,35 - 40,<10,19,53,25,78,22,2572,35 , 40,0,78,0,21250,0,0,0
2015,sch,rea,Regular,Gilmanton,195,Gilmanton Elementary School,21250,7,40 - 45,14,<10,56,21,77,23,2597,40 , 45,0,77,0,21250,0,0,0
2015,sch,rea,Regular,Gilmanton,195,Gilmanton Elementary School,21250,8,45 - 50,<10,22,60,16,76,24,2614,45 , 50,0,76,0,21250,0,0,0
2015,sch,sci,Regular,Gilmanton,195,Gilmanton Elementary School,21250,0,85 - 90,<10,51,46,<10,46,54,NULL,85 , 90,0,46,0,21250,0,0,0
2015,sch,sci,Regular,Gilmanton,195,Gilmanton Elementary School,21250,4,40 - 45,<10,37,63,<10,63,37,NULL,40 , 45,0,63,0,21250,0,0,0
2015,sch,sci,Regular,Gilmanton,195,Gilmanton Elementary School,21250,8,45 - 50,<10,63,30,<10,30,70,NULL,45 , 50,0,30,0,21250,0,0,0
2015,sch,mat,Regular,Goffstown,199,Bartlett Elementary School,20695,0,90 - 95,18,33,31,18,49,51,NULL,90 , 95,92.5,49,4532.5,20695,92.5,4532.5,49
2015,sch,mat,Regular,Goffstown,199,Bartlett Elementary School,20695,3,50 - 55,13,25,38,25,62,38,2452,50 , 55,0,62,0,20695,0,0,0
2015,sch,mat,Regular,Goffstown,199,Bartlett Elementary School,20695,4,40 - 45,24,44,22,10,32,68,2457,40 , 45,0,32,0,20695,0,0,0
2015,sch,rea,Regular,Goffstown,199,Bartlett Elementary School,20695,0,90 - 95,16,22,20,41,62,38,NULL,90 , 95,0,62,0,20695,0,0,0
2015,sch,rea,Regular,Goffstown,199,Bartlett Elementary School,20695,3,50 - 55,<10,21,21,51,72,28,2483,50 , 55,0,72,0,20695,0,0,0
2015,sch,rea,Regular,Goffstown,199,Bartlett Elementary School,20695,4,40 - 45,27,24,20,29,49,51,2468,40 , 45,0,49,0,20695,0,0,0
2015,sch,sci,Regular,Goffstown,199,Bartlett Elementary School,20695,0,40 - 45,10,46,44,<10,44,56,NULL,40 , 45,0,44,0,20695,0,0,0
2015,sch,sci,Regular,Goffstown,199,Bartlett Elementary School,20695,4,40 - 45,10,46,44,<10,44,56,NULL,40 , 45,0,44,0,20695,0,0,0
2015,sch,mat,Regular,Goffstown,199,Goffstown High School,20700,0,285 - 290,35,28,24,12,37,63,NULL,285 , 290,287.5,37,10637.5,20700,287.5,10637.5,37
2015,sch,mat,Regular,Goffstown,199,Goffstown High School,20700,11,285 - 290,35,28,24,12,37,63,2586,285 , 290,0,37,0,20700,0,0,0
2015,sch,rea,Regular,Goffstown,199,Goffstown High School,20700,0,280 - 285,<10,27,37,29,66,34,NULL,280 , 285,0,66,0,20700,0,0,0
2015,sch,rea,Regular,Goffstown,199,Goffstown High School,20700,11,280 - 285,<10,27,37,29,66,34,2626,280 , 285,0,66,0,20700,0,0,0
2015,sch,sci,Regular,Goffstown,199,Goffstown High School,20700,0,275 - 280,16,34,46,<10,49,51,NULL,275 , 280,0,49,0,20700,0,0,0
2015,sch,sci,Regular,Goffstown,199,Goffstown High School,20700,11,275 - 280,16,34,46,<10,49,51,NULL,275 , 280,0,49,0,20700,0,0,0
2015,sch,mat,Regular,Goffstown,199,Maple Avenue School,20690,0,225 - 230,<10,26,34,32,66,34,NULL,225 , 230,227.5,66,15015,20690,227.5,15015,66
2015,sch,mat,Regular,Goffstown,199,Maple Avenue School,20690,3,120 - 125,<10,24,31,38,69,31,2474,120 , 125,0,69,0,20690,0,0,0
2015,sch,mat,Regular,Goffstown,199,Maple Avenue School,20690,4,105 - 110,<10,29,38,26,64,36,2503,105 , 110,0,64,0,20690,0,0,0
2015,sch,rea,Regular,Goffstown,199,Maple Avenue School,20690,0,225 - 230,<10,17,28,46,74,26,NULL,225 , 230,0,74,0,20690,0,0,0
2015,sch,rea,Regular,Goffstown,199,Maple Avenue School,20690,3,120 - 125,<10,17,27,51,79,21,2492,120 , 125,0,79,0,20690,0,0,0
2015,sch,rea,Regular,Goffstown,199,Maple Avenue School,20690,4,105 - 110,13,17,30,40,70,30,2506,105 , 110,0,70,0,20690,0,0,0
2015,sch,sci,Regular,Goffstown,199,Maple Avenue School,20690,0,105 - 110,<10,40,53,<10,53,47,NULL,105 , 110,0,53,0,20690,0,0,0
2015,sch,sci,Regular,Goffstown,199,Maple Avenue School,20690,4,105 - 110,<10,40,53,<10,53,47,NULL,105 , 110,0,53,0,20690,0,0,0
2015,sch,mat,Regular,Goffstown,199,Mountain View Middle School,26820,0,845 - 850,15,25,30,30,60,40,NULL,845 , 850,847.5,60,50850,26820,847.5,50850,60
2015,sch,mat,Regular,Goffstown,199,Mountain View Middle School,26820,5,155 - 160,12,24,32,32,64,36,2544,155 , 160,0,64,0,26820,0,0,0
2015,sch,mat,Regular,Goffstown,199,Mountain View Middle School,26820,6,170 - 175,11,23,29,37,66,34,2574,170 , 175,0,66,0,26820,0,0,0
2015,sch,mat,Regular,Goffstown,199,Mountain View Middle School,26820,7,245 - 250,13,25,33,29,62,38,2579,245 , 250,0,62,0,26820,0,0,0
2015,sch,mat,Regular,Goffstown,199,Mountain View Middle School,26820,8,270 - 275,22,27,27,24,51,49,2582,270 , 275,0,51,0,26820,0,0,0
2015,sch,rea,Regular,Goffstown,199,Mountain View Middle School,26820,0,845 - 850,13,21,44,22,66,34,NULL,845 , 850,0,66,0,26820,0,0,0
2015,sch,rea,Regular,Goffstown,199,Mountain View Middle School,26820,5,155 - 160,10,15,36,39,75,25,2551,155 , 160,0,75,0,26820,0,0,0
2015,sch,rea,Regular,Goffstown,199,Mountain View Middle School,26820,6,170 - 175,11,22,40,28,67,33,2567,170 , 175,0,67,0,26820,0,0,0
2015,sch,rea,Regular,Goffstown,199,Mountain View Middle School,26820,7,245 - 250,15,17,52,16,68,32,2568,245 , 250,0,68,0,26820,0,0,0
2015,sch,rea,Regular,Goffstown,199,Mountain View Middle School,26820,8,270 - 275,14,27,44,14,59,41,2577,270 , 275,0,59,0,26820,0,0,0
2015,sch,sci,Regular,Goffstown,199,Mountain View Middle School,26820,0,270 - 275,23,62,15,<10,15,85,NULL,270 , 275,0,15,0,26820,0,0,0
2015,sch,sci,Regular,Goffstown,199,Mountain View Middle School,26820,8,270 - 275,23,62,15,<10,15,85,NULL,270 , 275,0,15,0,26820,0,0,0
2015,sch,mat,Regular,Gorham Randolph Shelburne Cooperative,203,Edward Fenn School,20745,0,90 - 95,16,44,27,14,40,60,NULL,90 , 95,92.5,40,3700,20745,92.5,3700,40
2015,sch,mat,Regular,Gorham Randolph Shelburne Cooperative,203,Edward Fenn School,20745,3,25 - 30,19,46,27,<10,35,65,2425,25 , 30,0,35,0,20745,0,0,0
2015,sch,mat,Regular,Gorham Randolph Shelburne Cooperative,203,Edward Fenn School,20745,4,30 - 35,<10,47,22,22,44,56,2496,30 , 35,0,44,0,20745,0,0,0
2015,sch,mat,Regular,Gorham Randolph Shelburne Cooperative,203,Edward Fenn School,20745,5,35 - 40,19,39,31,11,42,58,2510,35 , 40,0,42,0,20745,0,0,0
2015,sch,rea,Regular,Gorham Randolph Shelburne Cooperative,203,Edward Fenn School,20745,0,95 - 100,24,25,32,20,52,48,NULL,95 , 100,0,52,0,20745,0,0,0
2015,sch,rea,Regular,Gorham Randolph Shelburne Cooperative,203,Edward Fenn School,20745,3,25 - 30,24,24,28,24,52,48,2427,25 , 30,0,52,0,20745,0,0,0
2015,sch,rea,Regular,Gorham Randolph Shelburne Cooperative,203,Edward Fenn School,20745,4,30 - 35,25,19,34,22,56,44,2485,30 , 35,0,56,0,20745,0,0,0
2015,sch,rea,Regular,Gorham Randolph Shelburne Cooperative,203,Edward Fenn School,20745,5,40 - 45,23,30,33,15,48,53,2496,40 , 45,0,48,0,20745,0,0,0
2015,sch,sci,Regular,Gorham Randolph Shelburne Cooperative,203,Edward Fenn School,20745,0,30 - 35,<10,41,56,<10,59,41,NULL,30 , 35,0,59,0,20745,0,0,0
2015,sch,sci,Regular,Gorham Randolph Shelburne Cooperative,203,Edward Fenn School,20745,4,30 - 35,<10,41,56,<10,59,41,NULL,30 , 35,0,59,0,20745,0,0,0
2015,sch,mat,Regular,Gorham Randolph Shelburne Cooperative,203,Gorham High School,20750,0,35 - 40,40,23,26,11,37,63,NULL,35 , 40,37.5,37,1387.5,20750,37.5,1387.5,37
2015,sch,mat,Regular,Gorham Randolph Shelburne Cooperative,203,Gorham High School,20750,11,35 - 40,40,23,26,11,37,63,2575,35 , 40,0,37,0,20750,0,0,0
2015,sch,rea,Regular,Gorham Randolph Shelburne Cooperative,203,Gorham High School,20750,0,35 - 40,23,29,29,19,49,51,NULL,35 , 40,0,49,0,20750,0,0,0
2015,sch,rea,Regular,Gorham Randolph Shelburne Cooperative,203,Gorham High School,20750,11,35 - 40,23,29,29,19,49,51,2575,35 , 40,0,49,0,20750,0,0,0
2015,sch,sci,Regular,Gorham Randolph Shelburne Cooperative,203,Gorham High School,20750,0,35 - 40,34,40,26,<10,26,74,NULL,35 , 40,0,26,0,20750,0,0,0
2015,sch,sci,Regular,Gorham Randolph Shelburne Cooperative,203,Gorham High School,20750,11,35 - 40,34,40,26,<10,26,74,NULL,35 , 40,0,26,0,20750,0,0,0
2015,sch,mat,Regular,Gorham Randolph Shelburne Cooperative,203,Gorham Middle School,27005,0,100 - 105,26,34,21,19,39,61,NULL,100 , 105,102.5,39,3997.5,27005,102.5,3997.5,39
2015,sch,mat,Regular,Gorham Randolph Shelburne Cooperative,203,Gorham Middle School,27005,6,35 - 40,20,34,31,14,46,54,2522,35 , 40,0,46,0,27005,0,0,0
2015,sch,mat,Regular,Gorham Randolph Shelburne Cooperative,203,Gorham Middle School,27005,7,35 - 40,31,25,17,28,44,56,2556,35 , 40,0,44,0,27005,0,0,0
2015,sch,mat,Regular,Gorham Randolph Shelburne Cooperative,203,Gorham Middle School,27005,8,30 - 35,29,45,13,13,26,74,2540,30 , 35,0,26,0,27005,0,0,0
2015,sch,rea,Regular,Gorham Randolph Shelburne Cooperative,203,Gorham Middle School,27005,0,100 - 105,27,31,33,<10,41,59,NULL,100 , 105,0,41,0,27005,0,0,0
2015,sch,rea,Regular,Gorham Randolph Shelburne Cooperative,203,Gorham Middle School,27005,6,35 - 40,23,40,34,<10,37,63,2510,35 , 40,0,37,0,27005,0,0,0
2015,sch,rea,Regular,Gorham Randolph Shelburne Cooperative,203,Gorham Middle School,27005,7,35 - 40,33,17,39,11,50,50,2539,35 , 40,0,50,0,27005,0,0,0
2015,sch,rea,Regular,Gorham Randolph Shelburne Cooperative,203,Gorham Middle School,27005,8,30 - 35,26,39,26,10,35,65,2536,30 , 35,0,35,0,27005,0,0,0
2015,sch,sci,Regular,Gorham Randolph Shelburne Cooperative,203,Gorham Middle School,27005,0,30 - 35,35,58,<10,<10,<10,>90,NULL,30 , 35,0,10,0,27005,0,0,0
2015,sch,sci,Regular,Gorham Randolph Shelburne Cooperative,203,Gorham Middle School,27005,8,30 - 35,35,58,<10,<10,<10,>90,NULL,30 , 35,0,10,0,27005,0,0,0
2015,sch,mat,Regular,Goshen-Lempster Cooperative,207,Goshen-Lempster Cooperative School,21965,0,85 - 90,14,37,29,20,49,51,NULL,85 , 90,87.5,49,4287.5,0,0,0,0
2015,sch,mat,Regular,Goshen-Lempster Cooperative,207,Goshen-Lempster Cooperative School,21965,3,15 - 20,<10,41,41,12,53,47,2446,15 , 20,0,53,0,0,0,0,0
2015,sch,mat,Regular,Goshen-Lempster Cooperative,207,Goshen-Lempster Cooperative School,21965,4,10 -15,<10,45,27,27,55,45,2500,10 ,15,0,55,0,0,0,0,0
2015,sch,mat,Regular,Goshen-Lempster Cooperative,207,Goshen-Lempster Cooperative School,21965,5,15 - 20,13,40,47,<10,47,53,2506,15 , 20,0,47,0,0,0,0,0
2015,sch,mat,Regular,Goshen-Lempster Cooperative,207,Goshen-Lempster Cooperative School,21965,6,10 -15,17,25,25,33,58,42,2554,10 ,15,0,58,0,0,0,0,0
2015,sch,mat,Regular,Goshen-Lempster Cooperative,207,Goshen-Lempster Cooperative School,21965,7,15 - 20,<10,47,24,24,47,53,2572,15 , 20,0,47,0,0,0,0,0
2015,sch,mat,Regular,Goshen-Lempster Cooperative,207,Goshen-Lempster Cooperative School,21965,8,10 -15,43,21,<10,29,36,64,2561,10 ,15,0,36,0,0,0,0,0
2015,sch,rea,Regular,Goshen-Lempster Cooperative,207,Goshen-Lempster Cooperative School,21965,0,80 - 85,13,35,35,18,53,48,NULL,80 , 85,0,53,0,0,0,0,0
2015,sch,rea,Regular,Goshen-Lempster Cooperative,207,Goshen-Lempster Cooperative School,21965,3,15 - 20,<10,31,25,44,69,31,2469,15 , 20,0,69,0,0,0,0,0
2015,sch,rea,Regular,Goshen-Lempster Cooperative,207,Goshen-Lempster Cooperative School,21965,4, 0 - 10,* n < 11,* n < 11,* n < 11,* n < 11,* n < 11,* n < 11,* n < 11, 0 , 10,0,* n < 11,0,0,0,0,0
2015,sch,rea,Regular,Goshen-Lempster Cooperative,207,Goshen-Lempster Cooperative School,21965,5,15 - 20,<10,41,47,<10,53,47,2521,15 , 20,0,53,0,0,0,0,0
2015,sch,rea,Regular,Goshen-Lempster Cooperative,207,Goshen-Lempster Cooperative School,21965,6, 0 - 10,* n < 11,* n < 11,* n < 11,* n < 11,* n < 11,* n < 11,* n < 11, 0 , 10,0,* n < 11,0,0,0,0,0
2015,sch,rea,Regular,Goshen-Lempster Cooperative,207,Goshen-Lempster Cooperative School,21965,7,10 -15,<10,23,62,<10,69,31,2556,10 ,15,0,69,0,0,0,0,0
2015,sch,rea,Regular,Goshen-Lempster Cooperative,207,Goshen-Lempster Cooperative School,21965,8,10 -15,43,21,29,<10,36,64,2512,10 ,15,0,36,0,0,0,0,0
2015,sch,sci,Regular,Goshen-Lempster Cooperative,207,Goshen-Lempster Cooperative School,21965,0,25 - 30,24,45,31,<10,31,69,NULL,25 , 30,0,31,0,0,0,0,0
2015,sch,sci,Regular,Goshen-Lempster Cooperative,207,Goshen-Lempster Cooperative School,21965,4,10 -15,<10,45,45,<10,45,55,NULL,10 ,15,0,45,0,0,0,0,0
2015,sch,sci,Regular,Goshen-Lempster Cooperative,207,Goshen-Lempster Cooperative School,21965,8,15 - 20,33,44,22,<10,22,78,NULL,15 , 20,0,22,0,0,0,0,0
2015,sch,mat,Regular,Governor Wentworth Regional,208,Carpenter Elementary School,22430,0,50 - 55,<10,36,42,18,60,40,NULL,50 , 55,52.5,60,3150,22430,52.5,3150,60
2015,sch,mat,Regular,Governor Wentworth Regional,208,Carpenter Elementary School,22430,3,50 - 55,<10,36,42,18,60,40,2459,50 , 55,0,60,0,22430,0,0,0
2015,sch,rea,Regular,Governor Wentworth Regional,208,Carpenter Elementary School,22430,0,50 - 55,12,19,29,40,69,31,NULL,50 , 55,0,69,0,22430,0,0,0
2015,sch,rea,Regular,Governor Wentworth Regional,208,Carpenter Elementary School,22430,3,50 - 55,12,19,29,40,69,31,2461,50 , 55,0,69,0,22430,0,0,0
2015,sch,mat,Regular,Governor Wentworth Regional,208,Crescent Lake School,27515,0,185 - 190,13,47,25,15,40,60,NULL,185 , 190,187.5,40,7500,27515,187.5,7500,40
2015,sch,mat,Regular,Governor Wentworth Regional,208,Crescent Lake School,27515,4,70 - 75,11,51,24,14,38,63,2474,70 , 75,0,38,0,27515,0,0,0
2015,sch,mat,Regular,Governor Wentworth Regional,208,Crescent Lake School,27515,5,50 - 55,<10,47,25,21,45,55,2530,50 , 55,0,45,0,27515,0,0,0
2015,sch,mat,Regular,Governor Wentworth Regional,208,Crescent Lake School,27515,6,60 - 65,20,42,27,11,38,63,2530,60 , 65,0,38,0,27515,0,0,0
2015,sch,rea,Regular,Governor Wentworth Regional,208,Crescent Lake School,27515,0,185 - 190,19,26,39,16,54,46,NULL,185 , 190,0,54,0,27515,0,0,0
2015,sch,rea,Regular,Governor Wentworth Regional,208,Crescent Lake School,27515,4,70 - 75,32,28,26,14,40,60,2451,70 , 75,0,40,0,27515,0,0,0
2015,sch,rea,Regular,Governor Wentworth Regional,208,Crescent Lake School,27515,5,50 - 55,13,15,43,28,72,28,2537,50 , 55,0,72,0,27515,0,0,0
2015,sch,rea,Regular,Governor Wentworth Regional,208,Crescent Lake School,27515,6,60 - 65,<10,34,48,<10,56,44,2533,60 , 65,0,56,0,27515,0,0,0
2015,sch,sci,Regular,Governor Wentworth Regional,208,Crescent Lake School,27515,0,70 - 75,14,44,42,<10,42,58,NULL,70 , 75,0,42,0,27515,0,0,0
2015,sch,sci,Regular,Governor Wentworth Regional,208,Crescent Lake School,27515,4,70 - 75,14,44,42,<10,42,58,NULL,70 , 75,0,42,0,27515,0,0,0
2015,sch,mat,Regular,Governor Wentworth Regional,208,Effingham Elementary School,22395,0,40 - 45,<10,41,32,20,52,48,NULL,40 , 45,42.5,52,2210,22395,42.5,2210,52
2015,sch,mat,Regular,Governor Wentworth Regional,208,Effingham Elementary School,22395,3,10 -15,<10,54,38,<10,46,54,2433,10 ,15,0,46,0,22395,0,0,0
2015,sch,mat,Regular,Governor Wentworth Regional,208,Effingham Elementary School,22395,4,10 -15,<10,50,25,25,50,50,2497,10 ,15,0,50,0,22395,0,0,0
2015,sch,mat,Regular,Governor Wentworth Regional,208,Effingham Elementary School,22395,5, 0 - 10,* n < 11,* n < 11,* n < 11,* n < 11,* n < 11,* n < 11,* n < 11, 0 , 10,0,* n < 11,0,22395,0,0,0
2015,sch,mat,Regular,Governor Wentworth Regional,208,Effingham Elementary School,22395,6,10 -15,18,<10,45,27,73,27,2571,10 ,15,0,73,0,22395,0,0,0
2015,sch,rea,Regular,Governor Wentworth Regional,208,Effingham Elementary School,22395,0,40 - 45,14,32,20,34,55,45,NULL,40 , 45,0,55,0,22395,0,0,0
2015,sch,rea,Regular,Governor Wentworth Regional,208,Effingham Elementary School,22395,3,10 -15,<10,38,15,46,62,38,2467,10 ,15,0,62,0,22395,0,0,0
2015,sch,rea,Regular,Governor Wentworth Regional,208,Effingham Elementary School,22395,4,10 -15,33,17,<10,42,50,50,2477,10 ,15,0,50,0,22395,0,0,0
2015,sch,rea,Regular,Governor Wentworth Regional,208,Effingham Elementary School,22395,5, 0 - 10,* n < 11,* n < 11,* n < 11,* n < 11,* n < 11,* n < 11,* n < 11, 0 , 10,0,* n < 11,0,22395,0,0,0
2015,sch,rea,Regular,Governor Wentworth Regional,208,Effingham Elementary School,22395,6,10 -15,<10,27,36,27,64,36,2576,10 ,15,0,64,0,22395,0,0,0
2015,sch,sci,Regular,Governor Wentworth Regional,208,Effingham Elementary School,22395,0,10 -15,<10,42,50,<10,50,50,NULL,10 ,15,0,50,0,22395,0,0,0
2015,sch,sci,Regular,Governor Wentworth Regional,208,Effingham Elementary School,22395,4,10 -15,<10,42,50,<10,50,50,NULL,10 ,15,0,50,0,22395,0,0,0
2015,sch,mat,Regular,Governor Wentworth Regional,208,Kingswood Regional High School,22425,0,180 - 185,41,25,20,13,34,66,NULL,180 , 185,182.5,34,6205,22425,182.5,6205,34
2015,sch,mat,Regular,Governor Wentworth Regional,208,Kingswood Regional High School,22425,11,180 - 185,41,25,20,13,34,66,2571,180 , 185,0,34,0,22425,0,0,0
2015,sch,rea,Regular,Governor Wentworth Regional,208,Kingswood Regional High School,22425,0,180 - 185,23,27,31,19,50,50,NULL,180 , 185,0,50,0,22425,0,0,0
2015,sch,rea,Regular,Governor Wentworth Regional,208,Kingswood Regional High School,22425,11,180 - 185,23,27,31,19,50,50,2578,180 , 185,0,50,0,22425,0,0,0
2015,sch,sci,Regular,Governor Wentworth Regional,208,Kingswood Regional High School,22425,0,180 - 185,22,49,28,<10,29,71,NULL,180 , 185,0,29,0,22425,0,0,0
2015,sch,sci,Regular,Governor Wentworth Regional,208,Kingswood Regional High School,22425,11,180 - 185,22,49,28,<10,29,71,NULL,180 , 185,0,29,0,22425,0,0,0
2015,sch,mat,Regular,Governor Wentworth Regional,208,Kingswood Regional Middle School,22440,0,335 - 340,21,35,27,17,44,56,NULL,335 , 340,337.5,44,14850,22440,337.5,14850,44
2015,sch,mat,Regular,Governor Wentworth Regional,208,Kingswood Regional Middle School,22440,7,170 - 175,<10,42,32,16,49,51,2565,170 , 175,0,49,0,22440,0,0,0
2015,sch,mat,Regular,Governor Wentworth Regional,208,Kingswood Regional Middle School,22440,8,165 - 170,33,28,22,17,39,61,2553,165 , 170,0,39,0,22440,0,0,0
2015,sch,rea,Regular,Governor Wentworth Regional,208,Kingswood Regional Middle School,22440,0,335 - 340,13,28,44,15,59,41,NULL,335 , 340,0,59,0,22440,0,0,0
2015,sch,rea,Regular,Governor Wentworth Regional,208,Kingswood Regional Middle School,22440,7,170 - 175,<10,31,46,16,62,38,2573,170 , 175,0,62,0,22440,0,0,0
2015,sch,rea,Regular,Governor Wentworth Regional,208,Kingswood Regional Middle School,22440,8,165 - 170,20,25,41,13,55,45,2566,165 , 170,0,55,0,22440,0,0,0
2015,sch,sci,Regular,Governor Wentworth Regional,208,Kingswood Regional Middle School,22440,0,160 - 165,24,57,18,<10,18,82,NULL,160 , 165,0,18,0,22440,0,0,0
2015,sch,sci,Regular,Governor Wentworth Regional,208,Kingswood Regional Middle School,22440,8,160 - 165,24,57,18,<10,18,82,NULL,160 , 165,0,18,0,22440,0,0,0
2015,sch,mat,Regular,Governor Wentworth Regional,208,New Durham Elementary School,22400,0,90 - 95,20,41,26,13,39,61,NULL,90 , 95,92.5,39,3607.5,22400,92.5,3607.5,39
2015,sch,mat,Regular,Governor Wentworth Regional,208,New Durham Elementary School,22400,3,20 - 25,<10,52,30,<10,39,61,2429,20 , 25,0,39,0,22400,0,0,0
2015,sch,mat,Regular,Governor Wentworth Regional,208,New Durham Elementary School,22400,4,25 - 30,15,50,27,<10,35,65,2463,25 , 30,0,35,0,22400,0,0,0
2015,sch,mat,Regular,Governor Wentworth Regional,208,New Durham Elementary School,22400,5,20 - 25,18,23,32,27,59,41,2529,20 , 25,0,59,0,22400,0,0,0
2015,sch,mat,Regular,Governor Wentworth Regional,208,New Durham Elementary School,22400,6,20 - 25,38,38,14,10,24,76,2495,20 , 25,0,24,0,22400,0,0,0
2015,sch,rea,Regular,Governor Wentworth Regional,208,New Durham Elementary School,22400,0,90 - 95,27,29,30,14,44,56,NULL,90 , 95,0,44,0,22400,0,0,0
2015,sch,rea,Regular,Governor Wentworth Regional,208,New Durham Elementary School,22400,3,20 - 25,22,39,22,17,39,61,2416,20 , 25,0,39,0,22400,0,0,0
2015,sch,rea,Regular,Governor Wentworth Regional,208,New Durham Elementary School,22400,4,25 - 30,27,27,31,15,46,54,2466,25 , 30,0,46,0,22400,0,0,0
2015,sch,rea,Regular,Governor Wentworth Regional,208,New Durham Elementary School,22400,5,20 - 25,23,18,50,<10,59,41,2505,20 , 25,0,59,0,22400,0,0,0
2015,sch,rea,Regular,Governor Wentworth Regional,208,New Durham Elementary School,22400,6,20 - 25,40,30,15,15,30,70,2503,20 , 25,0,30,0,22400,0,0,0
2015,sch,sci,Regular,Governor Wentworth Regional,208,New Durham Elementary School,22400,0,25 - 30,<10,50,46,<10,46,54,NULL,25 , 30,0,46,0,22400,0,0,0
2015,sch,sci,Regular,Governor Wentworth Regional,208,New Durham Elementary School,22400,4,25 - 30,<10,50,46,<10,46,54,NULL,25 , 30,0,46,0,22400,0,0,0
2015,sch,mat,Regular,Governor Wentworth Regional,208,Ossipee Central School,22405,0,175 - 180,22,46,22,10,31,69,NULL,175 , 180,177.5,31,5502.5,22405,177.5,5502.5,31
2015,sch,mat,Regular,Governor Wentworth Regional,208,Ossipee Central School,22405,3,35 - 40,20,49,31,<10,31,69,2415,35 , 40,0,31,0,22405,0,0,0
2015,sch,mat,Regular,Governor Wentworth Regional,208,Ossipee Central School,22405,4,50 - 55,20,55,20,<10,25,75,2454,50 , 55,0,25,0,22405,0,0,0
2015,sch,mat,Regular,Governor Wentworth Regional,208,Ossipee Central School,22405,5,50 - 55,30,42,13,15,28,72,2494,50 , 55,0,28,0,22405,0,0,0
2015,sch,mat,Regular,Governor Wentworth Regional,208,Ossipee Central School,22405,6,35 - 40,17,39,28,17,44,56,2538,35 , 40,0,44,0,22405,0,0,0
2015,sch,rea,Regular,Governor Wentworth Regional,208,Ossipee Central School,22405,0,175 - 180,19,35,30,16,46,54,NULL,175 , 180,0,46,0,22405,0,0,0
2015,sch,rea,Regular,Governor Wentworth Regional,208,Ossipee Central School,22405,3,35 - 40,17,34,31,17,49,51,2428,35 , 40,0,49,0,22405,0,0,0
2015,sch,rea,Regular,Governor Wentworth Regional,208,Ossipee Central School,22405,4,50 - 55,25,45,16,14,29,71,2453,50 , 55,0,29,0,22405,0,0,0
2015,sch,rea,Regular,Governor Wentworth Regional,208,Ossipee Central School,22405,5,50 - 55,25,32,26,17,43,57,2499,50 , 55,0,43,0,22405,0,0,0
2015,sch,rea,Regular,Governor Wentworth Regional,208,Ossipee Central School,22405,6,35 - 40,<10,25,56,17,72,28,2559,35 , 40,0,72,0,22405,0,0,0
2015,sch,sci,Regular,Governor Wentworth Regional,208,Ossipee Central School,22405,0,50 - 55,18,69,14,<10,14,86,NULL,50 , 55,0,14,0,22405,0,0,0
2015,sch,sci,Regular,Governor Wentworth Regional,208,Ossipee Central School,22405,4,50 - 55,18,69,14,<10,14,86,NULL,50 , 55,0,14,0,22405,0,0,0
2015,sch,mat,Regular,Governor Wentworth Regional,208,Tuftonboro Central School,22410,0,65 - 70,<10,32,19,40,59,41,NULL,65 , 70,67.5,59,3982.5,22410,67.5,3982.5,59
2015,sch,mat,Regular,Governor Wentworth Regional,208,Tuftonboro Central School,22410,3,15 - 20,<10,13,20,60,80,20,2497,15 , 20,0,80,0,22410,0,0,0
2015,sch,mat,Regular,Governor Wentworth Regional,208,Tuftonboro Central School,22410,4,20 - 25,10,67,10,14,24,76,2462,20 , 25,0,24,0,22410,0,0,0
2015,sch,mat,Regular,Governor Wentworth Regional,208,Tuftonboro Central School,22410,5,10 -15,<10,25,42,33,75,25,2564,10 ,15,0,75,0,22410,0,0,0
2015,sch,mat,Regular,Governor Wentworth Regional,208,Tuftonboro Central School,22410,6,20 - 25,15,15,15,55,70,30,2597,20 , 25,0,70,0,22410,0,0,0
2015,sch,rea,Regular,Governor Wentworth Regional,208,Tuftonboro Central School,22410,0,65 - 70,13,21,34,32,66,34,NULL,65 , 70,0,66,0,22410,0,0,0
2015,sch,rea,Regular,Governor Wentworth Regional,208,Tuftonboro Central School,22410,3,15 - 20,13,20,27,40,67,33,2455,15 , 20,0,67,0,22410,0,0,0
2015,sch,rea,Regular,Governor Wentworth Regional,208,Tuftonboro Central School,22410,4,20 - 25,19,24,48,10,57,43,2476,20 , 25,0,57,0,22410,0,0,0
2015,sch,rea,Regular,Governor Wentworth Regional,208,Tuftonboro Central School,22410,5,10 -15,<10,17,50,25,75,25,2547,10 ,15,0,75,0,22410,0,0,0
2015,sch,rea,Regular,Governor Wentworth Regional,208,Tuftonboro Central School,22410,6,20 - 25,10,20,15,55,70,30,2588,20 , 25,0,70,0,22410,0,0,0
2015,sch,sci,Regular,Governor Wentworth Regional,208,Tuftonboro Central School,22410,0,20 - 25,<10,62,33,<10,33,67,NULL,20 , 25,0,33,0,22410,0,0,0
2015,sch,sci,Regular,Governor Wentworth Regional,208,Tuftonboro Central School,22410,4,20 - 25,<10,62,33,<10,33,67,NULL,20 , 25,0,33,0,22410,0,0,0
2015,sch,mat,Regular,Granite State Arts Academy Charter School,702,Granite State Arts Academy Charter School,29153,0, 0 - 10,* n < 11,* n < 11,* n < 11,* n < 11,* n < 11,* n < 11,* n < 11, 0 , 10,0,* n < 11,0,29153,0,0,0
2015,sch,mat,Regular,Granite State Arts Academy Charter School,702,Granite State Arts Academy Charter School,29153,11, 0 - 10,* n < 11,* n < 11,* n < 11,* n < 11,* n < 11,* n < 11,* n < 11, 0 , 10,0,* n < 11,0,29153,0,0,0
2015,sch,rea,Regular,Granite State Arts Academy Charter School,702,Granite State Arts Academy Charter School,29153,0, 0 - 10,* n < 11,* n < 11,* n < 11,* n < 11,* n < 11,* n < 11,* n < 11, 0 , 10,0,* n < 11,0,29153,0,0,0
2015,sch,rea,Regular,Granite State Arts Academy Charter School,702,Granite State Arts Academy Charter School,29153,11, 0 - 10,* n < 11,* n < 11,* n < 11,* n < 11,* n < 11,* n < 11,* n < 11, 0 , 10,0,* n < 11,0,29153,0,0,0
2015,sch,sci,Regular,Granite State Arts Academy Charter School,702,Granite State Arts Academy Charter School,29153,0, 0 - 10,* n < 11,* n < 11,* n < 11,* n < 11,* n < 11,* n < 11,* n < 11, 0 , 10,0,* n < 11,0,29153,0,0,0
2015,sch,sci,Regular,Granite State Arts Academy Charter School,702,Granite State Arts Academy Charter School,29153,11, 0 - 10,* n < 11,* n < 11,* n < 11,* n < 11,* n < 11,* n < 11,* n < 11, 0 , 10,0,* n < 11,0,29153,0,0,0
2015,sch,mat,Regular,Grantham,211,Grantham Village School,21330,0,135 - 140,<10,19,29,47,77,23,NULL,135 , 140,137.5,77,10587.5,21330,137.5,10587.5,77
2015,sch,mat,Regular,Grantham,211,Grantham Village School,21330,3,35 - 40,<10,33,39,19,58,42,2459,35 , 40,0,58,0,21330,0,0,0
2015,sch,mat,Regular,Grantham,211,Grantham Village School,21330,4,35 - 40,<10,18,32,47,79,21,2542,35 , 40,0,79,0,21330,0,0,0
2015,sch,mat,Regular,Grantham,211,Grantham Village School,21330,5,40 - 45,<10,15,27,54,80,20,2583,40 , 45,0,80,0,21330,0,0,0
2015,sch,mat,Regular,Grantham,211,Grantham Village School,21330,6,20 - 25,<10,<10,17,79,>90,<10,2655,20 , 25,0,90,0,21330,0,0,0
2015,sch,rea,Regular,Grantham,211,Grantham Village School,21330,0,135 - 140,<10,14,29,54,83,17,NULL,135 , 140,0,83,0,21330,0,0,0
2015,sch,rea,Regular,Grantham,211,Grantham Village School,21330,3,35 - 40,<10,22,31,47,78,22,2484,35 , 40,0,78,0,21330,0,0,0
2015,sch,rea,Regular,Grantham,211,Grantham Village School,21330,4,35 - 40,<10,14,16,65,81,19,2543,35 , 40,0,81,0,21330,0,0,0
2015,sch,rea,Regular,Grantham,211,Grantham Village School,21330,5,40 - 45,<10,<10,39,46,85,15,2578,40 , 45,0,85,0,21330,0,0,0
2015,sch,rea,Regular,Grantham,211,Grantham Village School,21330,6,20 - 25,<10,13,29,58,88,13,2622,20 , 25,0,88,0,21330,0,0,0
2015,sch,sci,Regular,Grantham,211,Grantham Village School,21330,0,35 - 40,<10,18,74,<10,82,18,NULL,35 , 40,0,82,0,21330,0,0,0
2015,sch,sci,Regular,Grantham,211,Grantham Village School,21330,4,35 - 40,<10,18,74,<10,82,18,NULL,35 , 40,0,82,0,21330,0,0,0
2015,sch,mat,Regular,Great Bay Charter School,709,Great Bay eLearning Charter School (H),28445,0,20 - 25,54,21,13,13,25,75,NULL,20 , 25,22.5,25,562.5,28445,22.5,562.5,25
2015,sch,mat,Regular,Great Bay Charter School,709,Great Bay eLearning Charter School (H),28445,11,20 - 25,54,21,13,13,25,75,2556,20 , 25,0,25,0,28445,0,0,0
2015,sch,rea,Regular,Great Bay Charter School,709,Great Bay eLearning Charter School (H),28445,0,25 - 30,15,26,26,33,59,41,NULL,25 , 30,0,59,0,28445,0,0,0
2015,sch,rea,Regular,Great Bay Charter School,709,Great Bay eLearning Charter School (H),28445,11,25 - 30,15,26,26,33,59,41,2612,25 , 30,0,59,0,28445,0,0,0
2015,sch,sci,Regular,Great Bay Charter School,709,Great Bay eLearning Charter School (H),28445,0,30 - 35,33,39,24,<10,27,73,NULL,30 , 35,0,27,0,28445,0,0,0
2015,sch,sci,Regular,Great Bay Charter School,709,Great Bay eLearning Charter School (H),28445,11,30 - 35,33,39,24,<10,27,73,NULL,30 , 35,0,27,0,28445,0,0,0
2015,sch,mat,Regular,Great Bay Charter School,709,Great Bay eLearning Charter School (M),28620,0,15 - 20,37,32,32,<10,32,68,NULL,15 , 20,17.5,32,560,28620,17.5,560,32
2015,sch,mat,Regular,Great Bay Charter School,709,Great Bay eLearning Charter School (M),28620,7, 0 - 10,* n < 11,* n < 11,* n < 11,* n < 11,* n < 11,* n < 11,* n < 11, 0 , 10,0,* n < 11,0,28620,0,0,0
2015,sch,mat,Regular,Great Bay Charter School,709,Great Bay eLearning Charter School (M),28620,8,10 -15,50,25,25,<10,25,75,2508,10 ,15,0,25,0,28620,0,0,0
2015,sch,rea,Regular,Great Bay Charter School,709,Great Bay eLearning Charter School (M),28620,0,15 - 20,32,26,32,11,42,58,NULL,15 , 20,0,42,0,28620,0,0,0
2015,sch,rea,Regular,Great Bay Charter School,709,Great Bay eLearning Charter School (M),28620,7, 0 - 10,* n < 11,* n < 11,* n < 11,* n < 11,* n < 11,* n < 11,* n < 11, 0 , 10,0,* n < 11,0,28620,0,0,0
2015,sch,rea,Regular,Great Bay Charter School,709,Great Bay eLearning Charter School (M),28620,8,10 -15,18,36,27,18,45,55,2560,10 ,15,0,45,0,28620,0,0,0
2015,sch,sci,Regular,Great Bay Charter School,709,Great Bay eLearning Charter School (M),28620,0,10 -15,43,50,<10,<10,<10,>90,NULL,10 ,15,0,10,0,28620,0,0,0
2015,sch,sci,Regular,Great Bay Charter School,709,Great Bay eLearning Charter School (M),28620,8,10 -15,43,50,<10,<10,<10,>90,NULL,10 ,15,0,10,0,28620,0,0,0
2015,sch,mat,Regular,Greenland,215,Greenland Central School,22450,0,260 - 265,<10,24,36,34,70,30,NULL,260 , 265,262.5,70,18375,22450,262.5,18375,70
2015,sch,mat,Regular,Greenland,215,Greenland Central School,22450,3,50 - 55,<10,19,43,36,79,21,2481,50 , 55,0,79,0,22450,0,0,0
2015,sch,mat,Regular,Greenland,215,Greenland Central School,22450,4,40 - 45,<10,29,34,34,68,32,2517,40 , 45,0,68,0,22450,0,0,0
2015,sch,mat,Regular,Greenland,215,Greenland Central School,22450,5,40 - 45,14,21,36,29,64,36,2538,40 , 45,0,64,0,22450,0,0,0
2015,sch,mat,Regular,Greenland,215,Greenland Central School,22450,6,40 - 45,<10,36,33,24,57,43,2570,40 , 45,0,57,0,22450,0,0,0
2015,sch,mat,Regular,Greenland,215,Greenland Central School,22450,7,35 - 40,<10,18,42,32,74,26,2606,35 , 40,0,74,0,22450,0,0,0
2015,sch,mat,Regular,Greenland,215,Greenland Central School,22450,8,45 - 50,<10,20,28,46,74,26,2640,45 , 50,0,74,0,22450,0,0,0
2015,sch,rea,Regular,Greenland,215,Greenland Central School,22450,0,260 - 265,<10,16,40,40,80,20,NULL,260 , 265,0,80,0,22450,0,0,0
2015,sch,rea,Regular,Greenland,215,Greenland Central School,22450,3,50 - 55,<10,19,32,45,77,23,2479,50 , 55,0,77,0,22450,0,0,0
2015,sch,rea,Regular,Greenland,215,Greenland Central School,22450,4,40 - 45,10,14,40,36,76,24,2520,40 , 45,0,76,0,22450,0,0,0
2015,sch,rea,Regular,Greenland,215,Greenland Central School,22450,5,40 - 45,<10,17,31,48,79,21,2560,40 , 45,0,79,0,22450,0,0,0
2015,sch,rea,Regular,Greenland,215,Greenland Central School,22450,6,40 - 45,10,14,55,21,76,24,2574,40 , 45,0,76,0,22450,0,0,0
2015,sch,rea,Regular,Greenland,215,Greenland Central School,22450,7,35 - 40,<10,18,39,42,82,18,2621,35 , 40,0,82,0,22450,0,0,0
2015,sch,rea,Regular,Greenland,215,Greenland Central School,22450,8,45 - 50,<10,11,43,46,89,11,2653,45 , 50,0,89,0,22450,0,0,0
2015,sch,sci,Regular,Greenland,215,Greenland Central School,22450,0,85 - 90,<10,40,56,<10,58,42,NULL,85 , 90,0,58,0,22450,0,0,0
2015,sch,sci,Regular,Greenland,215,Greenland Central School,22450,4,40 - 45,<10,21,74,<10,76,24,NULL,40 , 45,0,76,0,22450,0,0,0
2015,sch,sci,Regular,Greenland,215,Greenland Central School,22450,8,45 - 50,<10,57,39,<10,41,59,NULL,45 , 50,0,41,0,22450,0,0,0
2015,sch,mat,Regular,Hampstead,223,Hampstead Central School,22755,0,190 - 195,10,32,40,18,58,42,NULL,190 , 195,192.5,58,11165,22755,192.5,11165,58
2015,sch,mat,Regular,Hampstead,223,Hampstead Central School,22755,3,95 - 100,<10,21,49,25,74,26,2464,95 , 100,0,74,0,22755,0,0,0
2015,sch,mat,Regular,Hampstead,223,Hampstead Central School,22755,4,95 - 100,14,44,31,10,41,59,2474,95 , 100,0,41,0,22755,0,0,0
2015,sch,rea,Regular,Hampstead,223,Hampstead Central School,22755,0,190 - 195,14,25,34,26,60,40,NULL,190 , 195,0,60,0,22755,0,0,0
2015,sch,rea,Regular,Hampstead,223,Hampstead Central School,22755,3,95 - 100,<10,28,32,31,63,37,2451,95 , 100,0,63,0,22755,0,0,0
2015,sch,rea,Regular,Hampstead,223,Hampstead Central School,22755,4,95 - 100,20,23,36,22,58,42,2481,95 , 100,0,58,0,22755,0,0,0
2015,sch,sci,Regular,Hampstead,223,Hampstead Central School,22755,0,95 - 100,<10,30,61,<10,61,39,NULL,95 , 100,0,61,0,22755,0,0,0
2015,sch,sci,Regular,Hampstead,223,Hampstead Central School,22755,4,95 - 100,<10,30,61,<10,61,39,NULL,95 , 100,0,61,0,22755,0,0,0
2015,sch,mat,Regular,Hampstead,223,Hampstead Middle School,22750,0,440 - 445,10,30,32,29,60,40,NULL,440 , 445,442.5,60,26550,22750,442.5,26550,60
2015,sch,mat,Regular,Hampstead,223,Hampstead Middle School,22750,5,115 - 120,<10,28,25,37,63,37,2550,115 , 120,0,63,0,22750,0,0,0
2015,sch,mat,Regular,Hampstead,223,Hampstead Middle School,22750,6,115 - 120,<10,27,34,31,65,35,2577,115 , 120,0,65,0,22750,0,0,0
2015,sch,mat,Regular,Hampstead,223,Hampstead Middle School,22750,7,90 - 95,<10,26,40,28,68,32,2601,90 , 95,0,68,0,22750,0,0,0
2015,sch,mat,Regular,Hampstead,223,Hampstead Middle School,22750,8,115 - 120,17,37,29,18,47,53,2578,115 , 120,0,47,0,22750,0,0,0
2015,sch,rea,Regular,Hampstead,223,Hampstead Middle School,22750,0,440 - 445,<10,18,49,28,78,22,NULL,440 , 445,0,78,0,22750,0,0,0
2015,sch,rea,Regular,Hampstead,223,Hampstead Middle School,22750,5,115 - 120,<10,13,43,41,84,16,2565,115 , 120,0,84,0,22750,0,0,0
2015,sch,rea,Regular,Hampstead,223,Hampstead Middle School,22750,6,115 - 120,<10,24,44,24,69,31,2564,115 , 120,0,69,0,22750,0,0,0
2015,sch,rea,Regular,Hampstead,223,Hampstead Middle School,22750,7,90 - 95,<10,11,63,25,88,12,2610,90 , 95,0,88,0,22750,0,0,0
2015,sch,rea,Regular,Hampstead,223,Hampstead Middle School,22750,8,115 - 120,<10,23,50,22,72,28,2608,115 , 120,0,72,0,22750,0,0,0
2015,sch,sci,Regular,Hampstead,223,Hampstead Middle School,22750,0,120 - 125,11,62,27,<10,27,73,NULL,120 , 125,0,27,0,22750,0,0,0
2015,sch,sci,Regular,Hampstead,223,Hampstead Middle School,22750,8,120 - 125,11,62,27,<10,27,73,NULL,120 , 125,0,27,0,22750,0,0,0
2015,sch,mat,Regular,Hampton,225,Adeline C. Marston School,20795,0,395 - 400,<10,29,36,28,64,36,NULL,395 , 400,397.5,64,25440,20795,397.5,25440,64
2015,sch,mat,Regular,Hampton,225,Adeline C. Marston School,20795,3,135 - 140,<10,17,44,35,79,21,2482,135 , 140,0,79,0,20795,0,0,0
2015,sch,mat,Regular,Hampton,225,Adeline C. Marston School,20795,4,135 - 140,<10,40,36,16,53,47,2485,135 , 140,0,53,0,20795,0,0,0
2015,sch,mat,Regular,Hampton,225,Adeline C. Marston School,20795,5,125 - 130,10,29,27,33,60,40,2544,125 , 130,0,60,0,20795,0,0,0
2015,sch,rea,Regular,Hampton,225,Adeline C. Marston School,20795,0,395 - 400,12,16,31,41,72,28,NULL,395 , 400,0,72,0,20795,0,0,0
2015,sch,rea,Regular,Hampton,225,Adeline C. Marston School,20795,3,135 - 140,<10,18,27,50,77,23,2489,135 , 140,0,77,0,20795,0,0,0
2015,sch,rea,Regular,Hampton,225,Adeline C. Marston School,20795,4,135 - 140,19,16,30,36,65,35,2497,135 , 140,0,65,0,20795,0,0,0
2015,sch,rea,Regular,Hampton,225,Adeline C. Marston School,20795,5,125 - 130,12,15,36,37,74,26,2551,125 , 130,0,74,0,20795,0,0,0
2015,sch,sci,Regular,Hampton,225,Adeline C. Marston School,20795,0,130 - 135,<10,31,57,<10,60,40,NULL,130 , 135,0,60,0,20795,0,0,0
2015,sch,sci,Regular,Hampton,225,Adeline C. Marston School,20795,4,130 - 135,<10,31,57,<10,60,40,NULL,130 , 135,0,60,0,20795,0,0,0
2015,sch,mat,Regular,Hampton,225,Hampton Academy ,20790,0,360 - 365,15,32,29,24,53,47,NULL,360 , 365,362.5,53,19212.5,20790,362.5,19212.5,53
2015,sch,mat,Regular,Hampton,225,Hampton Academy ,20790,6,130 - 135,15,30,32,23,55,45,2559,130 , 135,0,55,0,20790,0,0,0
2015,sch,mat,Regular,Hampton,225,Hampton Academy ,20790,7,110 - 115,18,28,34,20,54,46,2563,110 , 115,0,54,0,20790,0,0,0
2015,sch,mat,Regular,Hampton,225,Hampton Academy ,20790,8,120 - 125,13,38,20,29,49,51,2595,120 , 125,0,49,0,20790,0,0,0
2015,sch,rea,Regular,Hampton,225,Hampton Academy ,20790,0,360 - 365,<10,21,46,26,72,28,NULL,360 , 365,0,72,0,20790,0,0,0
2015,sch,rea,Regular,Hampton,225,Hampton Academy ,20790,6,125 - 130,<10,21,43,31,74,26,2577,125 , 130,0,74,0,20790,0,0,0
2015,sch,rea,Regular,Hampton,225,Hampton Academy ,20790,7,110 - 115,<10,21,49,22,71,29,2589,110 , 115,0,71,0,20790,0,0,0
2015,sch,rea,Regular,Hampton,225,Hampton Academy ,20790,8,120 - 125,<10,21,46,24,70,30,2604,120 , 125,0,70,0,20790,0,0,0
2015,sch,sci,Regular,Hampton,225,Hampton Academy ,20790,0,120 - 125,15,59,26,<10,26,74,NULL,120 , 125,0,26,0,20790,0,0,0
2015,sch,sci,Regular,Hampton,225,Hampton Academy ,20790,8,120 - 125,15,59,26,<10,26,74,NULL,120 , 125,0,26,0,20790,0,0,0
2015,sch,mat,Regular,Hampton Falls,227,Lincoln Akerman School,20800,0,175 - 180,<10,18,30,47,77,23,NULL,175 , 180,177.5,77,13667.5,20800,177.5,13667.5,77
2015,sch,mat,Regular,Hampton Falls,227,Lincoln Akerman School,20800,3,30 - 35,10,19,35,35,71,29,2475,30 , 35,0,71,0,20800,0,0,0
2015,sch,mat,Regular,Hampton Falls,227,Lincoln Akerman School,20800,4,30 - 35,13,26,29,32,61,39,2504,30 , 35,0,61,0,20800,0,0,0
2015,sch,mat,Regular,Hampton Falls,227,Lincoln Akerman School,20800,5,30 - 35,<10,23,39,35,74,26,2559,30 , 35,0,74,0,20800,0,0,0
2015,sch,mat,Regular,Hampton Falls,227,Lincoln Akerman School,20800,6,25 - 30,<10,18,43,39,82,18,2611,25 , 30,0,82,0,20800,0,0,0
2015,sch,mat,Regular,Hampton Falls,227,Lincoln Akerman School,20800,7,20 - 25,<10,<10,21,71,>90,<10,2663,20 , 25,0,90,0,20800,0,0,0
2015,sch,mat,Regular,Hampton Falls,227,Lincoln Akerman School,20800,8,30 - 35,<10,10,10,77,87,13,2708,30 , 35,0,87,0,20800,0,0,0
2015,sch,rea,Regular,Hampton Falls,227,Lincoln Akerman School,20800,0,170 - 175,<10,<10,34,55,88,12,NULL,170 , 175,0,88,0,20800,0,0,0
2015,sch,rea,Regular,Hampton Falls,227,Lincoln Akerman School,20800,3,30 - 35,<10,26,26,42,68,32,2478,30 , 35,0,68,0,20800,0,0,0
2015,sch,rea,Regular,Hampton Falls,227,Lincoln Akerman School,20800,4,30 - 35,<10,13,42,39,81,19,2515,30 , 35,0,81,0,20800,0,0,0
2015,sch,rea,Regular,Hampton Falls,227,Lincoln Akerman School,20800,5,30 - 35,<10,<10,23,68,90,10,2601,30 , 35,0,90,0,20800,0,0,0
2015,sch,rea,Regular,Hampton Falls,227,Lincoln Akerman School,20800,6,25 - 30,<10,<10,43,57,>90,<10,2639,25 , 30,0,90,0,20800,0,0,0
2015,sch,rea,Regular,Hampton Falls,227,Lincoln Akerman School,20800,7,20 - 25,<10,<10,45,50,>90,<10,2646,20 , 25,0,90,0,20800,0,0,0
2015,sch,rea,Regular,Hampton Falls,227,Lincoln Akerman School,20800,8,30 - 35,<10,<10,27,73,>90,<10,2694,30 , 35,0,90,0,20800,0,0,0
2015,sch,sci,Regular,Hampton Falls,227,Lincoln Akerman School,20800,0,60 - 65,<10,40,55,<10,60,40,NULL,60 , 65,0,60,0,20800,0,0,0
2015,sch,sci,Regular,Hampton Falls,227,Lincoln Akerman School,20800,4,30 - 35,<10,53,47,<10,47,53,NULL,30 , 35,0,47,0,20800,0,0,0
2015,sch,sci,Regular,Hampton Falls,227,Lincoln Akerman School,20800,8,30 - 35,<10,27,63,10,73,27,NULL,30 , 35,0,73,0,20800,0,0,0
2015,sch,mat,Regular,Hanover,233,Bernice A. Ray School,20830,0,250 - 255,<10,22,28,40,69,31,NULL,250 , 255,252.5,69,17422.5,20830,252.5,17422.5,69
2015,sch,mat,Regular,Hanover,233,Bernice A. Ray School,20830,3,70 - 75,11,20,27,42,69,31,2476,70 , 75,0,69,0,20830,0,0,0
2015,sch,mat,Regular,Hanover,233,Bernice A. Ray School,20830,4,85 - 90,12,22,30,36,66,34,2517,85 , 90,0,66,0,20830,0,0,0
2015,sch,mat,Regular,Hanover,233,Bernice A. Ray School,20830,5,95 - 100,<10,25,28,42,70,30,2557,95 , 100,0,70,0,20830,0,0,0
2015,sch,rea,Regular,Hanover,233,Bernice A. Ray School,20830,0,250 - 255,<10,15,29,47,77,23,NULL,250 , 255,0,77,0,20830,0,0,0
2015,sch,rea,Regular,Hanover,233,Bernice A. Ray School,20830,3,70 - 75,<10,20,31,45,76,24,2478,70 , 75,0,76,0,20830,0,0,0
2015,sch,rea,Regular,Hanover,233,Bernice A. Ray School,20830,4,85 - 90,10,16,20,53,73,27,2536,85 , 90,0,73,0,20830,0,0,0
2015,sch,rea,Regular,Hanover,233,Bernice A. Ray School,20830,5,95 - 100,<10,10,36,44,80,20,2561,95 , 100,0,80,0,20830,0,0,0
2015,sch,sci,Regular,Hanover,233,Bernice A. Ray School,20830,0,85 - 90,<10,26,69,<10,72,28,NULL,85 , 90,0,72,0,20830,0,0,0
2015,sch,sci,Regular,Hanover,233,Bernice A. Ray School,20830,4,85 - 90,<10,26,69,<10,72,28,NULL,85 , 90,0,72,0,20830,0,0,0
2015,sch,mat,Regular,Harrisville,235,Wells Memorial School,21155,0,20 - 25,22,35,30,13,43,57,NULL,20 , 25,22.5,43,967.5,21155,22.5,967.5,43
2015,sch,mat,Regular,Harrisville,235,Wells Memorial School,21155,3, 0 - 10,* n < 11,* n < 11,* n < 11,* n < 11,* n < 11,* n < 11,* n < 11, 0 , 10,0,* n < 11,0,21155,0,0,0
2015,sch,mat,Regular,Harrisville,235,Wells Memorial School,21155,4, 0 - 10,* n < 11,* n < 11,* n < 11,* n < 11,* n < 11,* n < 11,* n < 11, 0 , 10,0,* n < 11,0,21155,0,0,0
2015,sch,mat,Regular,Harrisville,235,Wells Memorial School,21155,5, 0 - 10,* n < 11,* n < 11,* n < 11,* n < 11,* n < 11,* n < 11,* n < 11, 0 , 10,0,* n < 11,0,21155,0,0,0
2015,sch,mat,Regular,Harrisville,235,Wells Memorial School,21155,6, 0 - 10,* n < 11,* n < 11,* n < 11,* n < 11,* n < 11,* n < 11,* n < 11, 0 , 10,0,* n < 11,0,21155,0,0,0
2015,sch,rea,Regular,Harrisville,235,Wells Memorial School,21155,0,20 - 25,13,22,52,13,65,35,NULL,20 , 25,0,65,0,21155,0,0,0
2015,sch,rea,Regular,Harrisville,235,Wells Memorial School,21155,3, 0 - 10,* n < 11,* n < 11,* n < 11,* n < 11,* n < 11,* n < 11,* n < 11, 0 , 10,0,* n < 11,0,21155,0,0,0
2015,sch,rea,Regular,Harrisville,235,Wells Memorial School,21155,4, 0 - 10,* n < 11,* n < 11,* n < 11,* n < 11,* n < 11,* n < 11,* n < 11, 0 , 10,0,* n < 11,0,21155,0,0,0
2015,sch,rea,Regular,Harrisville,235,Wells Memorial School,21155,5, 0 - 10,* n < 11,* n < 11,* n < 11,* n < 11,* n < 11,* n < 11,* n < 11, 0 , 10,0,* n < 11,0,21155,0,0,0
2015,sch,rea,Regular,Harrisville,235,Wells Memorial School,21155,6, 0 - 10,* n < 11,* n < 11,* n < 11,* n < 11,* n < 11,* n < 11,* n < 11, 0 , 10,0,* n < 11,0,21155,0,0,0
2015,sch,sci,Regular,Harrisville,235,Wells Memorial School,21155,0, 0 - 10,* n < 11,* n < 11,* n < 11,* n < 11,* n < 11,* n < 11,* n < 11, 0 , 10,0,* n < 11,0,21155,0,0,0
2015,sch,sci,Regular,Harrisville,235,Wells Memorial School,21155,4, 0 - 10,* n < 11,* n < 11,* n < 11,* n < 11,* n < 11,* n < 11,* n < 11, 0 , 10,0,* n < 11,0,21155,0,0,0
2015,sch,mat,Regular,Haverhill Cooperative,238,Haverhill Cooperative Middle School,26875,0,240 - 245,26,35,24,15,39,61,NULL,240 , 245,242.5,39,9457.5,26875,242.5,9457.5,39
2015,sch,mat,Regular,Haverhill Cooperative,238,Haverhill Cooperative Middle School,26875,4,55 - 60,20,44,27,<10,36,64,2460,55 , 60,0,36,0,26875,0,0,0
2015,sch,mat,Regular,Haverhill Cooperative,238,Haverhill Cooperative Middle School,26875,5,45 - 50,20,40,31,<10,40,60,2499,45 , 50,0,40,0,26875,0,0,0
2015,sch,mat,Regular,Haverhill Cooperative,238,Haverhill Cooperative Middle School,26875,6,50 - 55,29,35,19,17,37,63,2518,50 , 55,0,37,0,26875,0,0,0
2015,sch,mat,Regular,Haverhill Cooperative,238,Haverhill Cooperative Middle School,26875,7,35 - 40,16,22,35,27,62,38,2574,35 , 40,0,62,0,26875,0,0,0
2015,sch,mat,Regular,Haverhill Cooperative,238,Haverhill Cooperative Middle School,26875,8,50 - 55,41,33,12,14,25,75,2544,50 , 55,0,25,0,26875,0,0,0
2015,sch,rea,Regular,Haverhill Cooperative,238,Haverhill Cooperative Middle School,26875,0,240 - 245,21,25,34,21,54,46,NULL,240 , 245,0,54,0,26875,0,0,0
2015,sch,rea,Regular,Haverhill Cooperative,238,Haverhill Cooperative Middle School,26875,4,55 - 60,23,30,32,14,46,54,2465,55 , 60,0,46,0,26875,0,0,0
2015,sch,rea,Regular,Haverhill Cooperative,238,Haverhill Cooperative Middle School,26875,5,45 - 50,18,18,40,24,64,36,2516,45 , 50,0,64,0,26875,0,0,0
2015,sch,rea,Regular,Haverhill Cooperative,238,Haverhill Cooperative Middle School,26875,6,50 - 55,29,17,29,25,54,46,2538,50 , 55,0,54,0,26875,0,0,0
2015,sch,rea,Regular,Haverhill Cooperative,238,Haverhill Cooperative Middle School,26875,7,35 - 40,<10,24,32,35,68,32,2593,35 , 40,0,68,0,26875,0,0,0
2015,sch,rea,Regular,Haverhill Cooperative,238,Haverhill Cooperative Middle School,26875,8,50 - 55,22,33,35,10,45,55,2563,50 , 55,0,45,0,26875,0,0,0
2015,sch,sci,Regular,Haverhill Cooperative,238,Haverhill Cooperative Middle School,26875,0,105 - 110,27,46,27,<10,27,73,NULL,105 , 110,0,27,0,26875,0,0,0
2015,sch,sci,Regular,Haverhill Cooperative,238,Haverhill Cooperative Middle School,26875,4,55 - 60,18,40,42,<10,42,58,NULL,55 , 60,0,42,0,26875,0,0,0
2015,sch,sci,Regular,Haverhill Cooperative,238,Haverhill Cooperative Middle School,26875,8,50 - 55,37,53,10,<10,10,90,NULL,50 , 55,0,10,0,26875,0,0,0
2015,sch,mat,Regular,Haverhill Cooperative,238,Woodsville Elementary School,20905,0,35 - 40,14,49,22,16,38,62,NULL,35 , 40,37.5,38,1425,20905,37.5,1425,38
2015,sch,mat,Regular,Haverhill Cooperative,238,Woodsville Elementary School,20905,3,35 - 40,14,49,22,16,38,62,2430,35 , 40,0,38,0,20905,0,0,0
2015,sch,rea,Regular,Haverhill Cooperative,238,Woodsville Elementary School,20905,0,35 - 40,35,30,22,14,35,65,NULL,35 , 40,0,35,0,20905,0,0,0
2015,sch,rea,Regular,Haverhill Cooperative,238,Woodsville Elementary School,20905,3,35 - 40,35,30,22,14,35,65,2403,35 , 40,0,35,0,20905,0,0,0
2015,sch,mat,Regular,Haverhill Cooperative,238,Woodsville High School,20910,0,55 - 60,43,36,16,<10,21,79,NULL,55 , 60,57.5,21,1207.5,20910,57.5,1207.5,21
2015,sch,mat,Regular,Haverhill Cooperative,238,Woodsville High School,20910,11,55 - 60,43,36,16,<10,21,79,2553,55 , 60,0,21,0,20910,0,0,0
2015,sch,rea,Regular,Haverhill Cooperative,238,Woodsville High School,20910,0,55 - 60,23,23,39,14,54,46,NULL,55 , 60,0,54,0,20910,0,0,0
2015,sch,rea,Regular,Haverhill Cooperative,238,Woodsville High School,20910,11,55 - 60,23,23,39,14,54,46,2568,55 , 60,0,54,0,20910,0,0,0
2015,sch,sci,Regular,Haverhill Cooperative,238,Woodsville High School,20910,0,55 - 60,16,65,16,<10,18,82,NULL,55 , 60,0,18,0,20910,0,0,0
2015,sch,sci,Regular,Haverhill Cooperative,238,Woodsville High School,20910,11,55 - 60,16,65,16,<10,18,82,NULL,55 , 60,0,18,0,20910,0,0,0
2015,sch,mat,Regular,Henniker,245,Henniker Community School,20935,0,225 - 230,10,26,34,29,64,36,NULL,225 , 230,227.5,64,14560,20935,227.5,14560,64
2015,sch,mat,Regular,Henniker,245,Henniker Community School,20935,3,40 - 45,13,25,45,18,63,38,2450,40 , 45,0,63,0,20935,0,0,0
2015,sch,mat,Regular,Henniker,245,Henniker Community School,20935,4,35 - 40,11,29,45,16,61,39,2497,35 , 40,0,61,0,20935,0,0,0
2015,sch,mat,Regular,Henniker,245,Henniker Community School,20935,5,30 - 35,16,23,19,42,61,39,2554,30 , 35,0,61,0,20935,0,0,0
2015,sch,mat,Regular,Henniker,245,Henniker Community School,20935,6,35 - 40,<10,33,25,36,61,39,2580,35 , 40,0,61,0,20935,0,0,0
2015,sch,mat,Regular,Henniker,245,Henniker Community School,20935,7,35 - 40,<10,18,54,23,77,23,2593,35 , 40,0,77,0,20935,0,0,0
2015,sch,mat,Regular,Henniker,245,Henniker Community School,20935,8,40 - 45,12,29,15,44,59,41,2615,40 , 45,0,59,0,20935,0,0,0
2015,sch,rea,Regular,Henniker,245,Henniker Community School,20935,0,225 - 230,12,18,37,34,71,29,NULL,225 , 230,0,71,0,20935,0,0,0
2015,sch,rea,Regular,Henniker,245,Henniker Community School,20935,3,40 - 45,18,18,23,43,65,35,2455,40 , 45,0,65,0,20935,0,0,0
2015,sch,rea,Regular,Henniker,245,Henniker Community School,20935,4,35 - 40,18,21,21,39,61,39,2503,35 , 40,0,61,0,20935,0,0,0
2015,sch,rea,Regular,Henniker,245,Henniker Community School,20935,5,30 - 35,13,13,29,45,74,26,2549,30 , 35,0,74,0,20935,0,0,0
2015,sch,rea,Regular,Henniker,245,Henniker Community School,20935,6,35 - 40,<10,25,39,28,67,33,2558,35 , 40,0,67,0,20935,0,0,0
2015,sch,rea,Regular,Henniker,245,Henniker Community School,20935,7,35 - 40,<10,<10,64,23,87,13,2602,35 , 40,0,87,0,20935,0,0,0
2015,sch,rea,Regular,Henniker,245,Henniker Community School,20935,8,40 - 45,<10,24,45,26,71,29,2610,40 , 45,0,71,0,20935,0,0,0
2015,sch,sci,Regular,Henniker,245,Henniker Community School,20935,0,80 - 85,<10,40,51,<10,53,48,NULL,80 , 85,0,53,0,20935,0,0,0
2015,sch,sci,Regular,Henniker,245,Henniker Community School,20935,4,35 - 40,<10,32,58,<10,61,39,NULL,35 , 40,0,61,0,20935,0,0,0
2015,sch,sci,Regular,Henniker,245,Henniker Community School,20935,8,40 - 45,<10,48,45,<10,45,55,NULL,40 , 45,0,45,0,20935,0,0,0
2015,sch,mat,Regular,Hill,247,Jennie D. Blake School,20670,0,30 - 35,13,47,30,10,40,60,NULL,30 , 35,32.5,40,1300,20670,32.5,1300,40
2015,sch,mat,Regular,Hill,247,Jennie D. Blake School,20670,3, 0 - 10,* n < 11,* n < 11,* n < 11,* n < 11,* n < 11,* n < 11,* n < 11, 0 , 10,0,* n < 11,0,20670,0,0,0
2015,sch,mat,Regular,Hill,247,Jennie D. Blake School,20670,4, 0 - 10,* n < 11,* n < 11,* n < 11,* n < 11,* n < 11,* n < 11,* n < 11, 0 , 10,0,* n < 11,0,20670,0,0,0
2015,sch,mat,Regular,Hill,247,Jennie D. Blake School,20670,5, 0 - 10,* n < 11,* n < 11,* n < 11,* n < 11,* n < 11,* n < 11,* n < 11, 0 , 10,0,* n < 11,0,20670,0,0,0
2015,sch,mat,Regular,Hill,247,Jennie D. Blake School,20670,6, 0 - 10,* n < 11,* n < 11,* n < 11,* n < 11,* n < 11,* n < 11,* n < 11, 0 , 10,0,* n < 11,0,20670,0,0,0
2015,sch,rea,Regular,Hill,247,Jennie D. Blake School,20670,0,30 - 35,13,35,29,23,52,48,NULL,30 , 35,0,52,0,20670,0,0,0
2015,sch,rea,Regular,Hill,247,Jennie D. Blake School,20670,3, 0 - 10,* n < 11,* n < 11,* n < 11,* n < 11,* n < 11,* n < 11,* n < 11, 0 , 10,0,* n < 11,0,20670,0,0,0
2015,sch,rea,Regular,Hill,247,Jennie D. Blake School,20670,4, 0 - 10,* n < 11,* n < 11,* n < 11,* n < 11,* n < 11,* n < 11,* n < 11, 0 , 10,0,* n < 11,0,20670,0,0,0
2015,sch,rea,Regular,Hill,247,Jennie D. Blake School,20670,5, 0 - 10,* n < 11,* n < 11,* n < 11,* n < 11,* n < 11,* n < 11,* n < 11, 0 , 10,0,* n < 11,0,20670,0,0,0
2015,sch,rea,Regular,Hill,247,Jennie D. Blake School,20670,6, 0 - 10,* n < 11,* n < 11,* n < 11,* n < 11,* n < 11,* n < 11,* n < 11, 0 , 10,0,* n < 11,0,20670,0,0,0
2015,sch,sci,Regular,Hill,247,Jennie D. Blake School,20670,0, 0 - 10,* n < 11,* n < 11,* n < 11,* n < 11,* n < 11,* n < 11,* n < 11, 0 , 10,0,* n < 11,0,20670,0,0,0
2015,sch,sci,Regular,Hill,247,Jennie D. Blake School,20670,4, 0 - 10,* n < 11,* n < 11,* n < 11,* n < 11,* n < 11,* n < 11,* n < 11, 0 , 10,0,* n < 11,0,20670,0,0,0
2015,sch,mat,Regular,Hillsboro-Deering Cooperative,251,Hillsboro-Deering Elementary School,20955,0,255 - 260,34,39,19,<10,26,74,NULL,255 , 260,257.5,26,6695,20955,257.5,6695,26
2015,sch,mat,Regular,Hillsboro-Deering Cooperative,251,Hillsboro-Deering Elementary School,20955,3,95 - 100,33,36,27,<10,32,68,2407,95 , 100,0,32,0,20955,0,0,0
2015,sch,mat,Regular,Hillsboro-Deering Cooperative,251,Hillsboro-Deering Elementary School,20955,4,80 - 85,36,38,17,10,26,74,2442,80 , 85,0,26,0,20955,0,0,0
2015,sch,mat,Regular,Hillsboro-Deering Cooperative,251,Hillsboro-Deering Elementary School,20955,5,75 - 80,35,45,10,<10,19,81,2475,75 , 80,0,19,0,20955,0,0,0
2015,sch,rea,Regular,Hillsboro-Deering Cooperative,251,Hillsboro-Deering Elementary School,20955,0,255 - 260,31,28,27,14,41,59,NULL,255 , 260,0,41,0,20955,0,0,0
2015,sch,rea,Regular,Hillsboro-Deering Cooperative,251,Hillsboro-Deering Elementary School,20955,3,90 - 95,24,38,26,12,37,63,2413,90 , 95,0,37,0,20955,0,0,0
2015,sch,rea,Regular,Hillsboro-Deering Cooperative,251,Hillsboro-Deering Elementary School,20955,4,80 - 85,42,24,20,14,35,65,2439,80 , 85,0,35,0,20955,0,0,0
2015,sch,rea,Regular,Hillsboro-Deering Cooperative,251,Hillsboro-Deering Elementary School,20955,5,75 - 80,26,21,38,16,53,47,2503,75 , 80,0,53,0,20955,0,0,0
2015,sch,sci,Regular,Hillsboro-Deering Cooperative,251,Hillsboro-Deering Elementary School,20955,0,80 - 85,19,54,26,<10,27,73,NULL,80 , 85,0,27,0,20955,0,0,0
2015,sch,sci,Regular,Hillsboro-Deering Cooperative,251,Hillsboro-Deering Elementary School,20955,4,80 - 85,19,54,26,<10,27,73,NULL,80 , 85,0,27,0,20955,0,0,0
2015,sch,mat,Regular,Hillsboro-Deering Cooperative,251,Hillsboro-Deering High School,20950,0,85 - 90,49,32,17,<10,18,82,NULL,85 , 90,87.5,18,1575,20950,87.5,1575,18
2015,sch,mat,Regular,Hillsboro-Deering Cooperative,251,Hillsboro-Deering High School,20950,11,85 - 90,49,32,17,<10,18,82,2537,85 , 90,0,18,0,20950,0,0,0
2015,sch,rea,Regular,Hillsboro-Deering Cooperative,251,Hillsboro-Deering High School,20950,0,85 - 90,22,36,27,15,42,58,NULL,85 , 90,0,42,0,20950,0,0,0
2015,sch,rea,Regular,Hillsboro-Deering Cooperative,251,Hillsboro-Deering High School,20950,11,85 - 90,22,36,27,15,42,58,2567,85 , 90,0,42,0,20950,0,0,0
2015,sch,sci,Regular,Hillsboro-Deering Cooperative,251,Hillsboro-Deering High School,20950,0,95 - 100,38,49,11,<10,12,88,NULL,95 , 100,0,12,0,20950,0,0,0
2015,sch,sci,Regular,Hillsboro-Deering Cooperative,251,Hillsboro-Deering High School,20950,11,95 - 100,38,49,11,<10,12,88,NULL,95 , 100,0,12,0,20950,0,0,0
2015,sch,mat,Regular,Hillsboro-Deering Cooperative,251,Hillsboro-Deering Middle School,20960,0,265 - 270,28,43,18,11,29,71,NULL,265 , 270,267.5,29,7757.5,20960,267.5,7757.5,29
2015,sch,mat,Regular,Hillsboro-Deering Cooperative,251,Hillsboro-Deering Middle School,20960,6,100 - 105,21,44,25,10,35,65,2515,100 , 105,0,35,0,20960,0,0,0
2015,sch,mat,Regular,Hillsboro-Deering Cooperative,251,Hillsboro-Deering Middle School,20960,7,80 - 85,29,45,15,11,26,74,2527,80 , 85,0,26,0,20960,0,0,0
2015,sch,mat,Regular,Hillsboro-Deering Cooperative,251,Hillsboro-Deering Middle School,20960,8,85 - 90,33,41,14,11,25,75,2537,85 , 90,0,25,0,20960,0,0,0
2015,sch,rea,Regular,Hillsboro-Deering Cooperative,251,Hillsboro-Deering Middle School,20960,0,265 - 270,19,29,39,13,52,48,NULL,265 , 270,0,52,0,20960,0,0,0
2015,sch,rea,Regular,Hillsboro-Deering Cooperative,251,Hillsboro-Deering Middle School,20960,6,100 - 105,22,28,35,15,50,50,2524,100 , 105,0,50,0,20960,0,0,0
2015,sch,rea,Regular,Hillsboro-Deering Cooperative,251,Hillsboro-Deering Middle School,20960,7,80 - 85,16,27,45,12,57,43,2557,80 , 85,0,57,0,20960,0,0,0
2015,sch,rea,Regular,Hillsboro-Deering Cooperative,251,Hillsboro-Deering Middle School,20960,8,85 - 90,19,31,38,12,50,50,2561,85 , 90,0,50,0,20960,0,0,0
2015,sch,sci,Regular,Hillsboro-Deering Cooperative,251,Hillsboro-Deering Middle School,20960,0,85 - 90,28,59,11,<10,13,88,NULL,85 , 90,0,13,0,20960,0,0,0
2015,sch,sci,Regular,Hillsboro-Deering Cooperative,251,Hillsboro-Deering Middle School,20960,8,85 - 90,28,59,11,<10,13,88,NULL,85 , 90,0,13,0,20960,0,0,0
2015,sch,mat,Regular,Hinsdale,255,Hinsdale Elementary School,21680,0,110 - 115,26,41,23,10,33,67,NULL,110 , 115,112.5,33,3712.5,21680,112.5,3712.5,33
2015,sch,mat,Regular,Hinsdale,255,Hinsdale Elementary School,21680,3,40 - 45,21,44,21,14,35,65,2423,40 , 45,0,35,0,21680,0,0,0
2015,sch,mat,Regular,Hinsdale,255,Hinsdale Elementary School,21680,4,30 - 35,28,41,22,<10,31,69,2454,30 , 35,0,31,0,21680,0,0,0
2015,sch,mat,Regular,Hinsdale,255,Hinsdale Elementary School,21680,5,35 - 40,31,37,26,<10,31,69,2490,35 , 40,0,31,0,21680,0,0,0
2015,sch,rea,Regular,Hinsdale,255,Hinsdale Elementary School,21680,0,110 - 115,25,34,27,15,42,58,NULL,110 , 115,0,42,0,21680,0,0,0
2015,sch,rea,Regular,Hinsdale,255,Hinsdale Elementary School,21680,3,40 - 45,16,37,23,23,47,53,2432,40 , 45,0,47,0,21680,0,0,0
2015,sch,rea,Regular,Hinsdale,255,Hinsdale Elementary School,21680,4,30 - 35,41,38,22,<10,22,78,2424,30 , 35,0,22,0,21680,0,0,0
2015,sch,rea,Regular,Hinsdale,255,Hinsdale Elementary School,21680,5,35 - 40,20,26,37,17,54,46,2502,35 , 40,0,54,0,21680,0,0,0
2015,sch,sci,Regular,Hinsdale,255,Hinsdale Elementary School,21680,0,30 - 35,31,31,38,<10,38,63,NULL,30 , 35,0,38,0,21680,0,0,0
2015,sch,sci,Regular,Hinsdale,255,Hinsdale Elementary School,21680,4,30 - 35,31,31,38,<10,38,63,NULL,30 , 35,0,38,0,21680,0,0,0
2015,sch,mat,Regular,Hinsdale,255,Hinsdale High School,21675,0,30 - 35,26,29,29,16,45,55,NULL,30 , 35,32.5,45,1462.5,21675,32.5,1462.5,45
2015,sch,mat,Regular,Hinsdale,255,Hinsdale High School,21675,11,30 - 35,26,29,29,16,45,55,2614,30 , 35,0,45,0,21675,0,0,0
2015,sch,rea,Regular,Hinsdale,255,Hinsdale High School,21675,0,30 - 35,13,10,52,26,77,23,NULL,30 , 35,0,77,0,21675,0,0,0
2015,sch,rea,Regular,Hinsdale,255,Hinsdale High School,21675,11,30 - 35,13,10,52,26,77,23,2627,30 , 35,0,77,0,21675,0,0,0
2015,sch,sci,Regular,Hinsdale,255,Hinsdale High School,21675,0,30 - 35,<10,48,45,<10,45,55,NULL,30 , 35,0,45,0,21675,0,0,0
2015,sch,sci,Regular,Hinsdale,255,Hinsdale High School,21675,11,30 - 35,<10,48,45,<10,45,55,NULL,30 , 35,0,45,0,21675,0,0,0
2015,sch,mat,Regular,Hinsdale,255,Hinsdale Middle High School,26985,0,115 - 120,29,35,20,16,35,65,NULL,115 , 120,117.5,35,4112.5,26985,117.5,4112.5,35
2015,sch,mat,Regular,Hinsdale,255,Hinsdale Middle High School,26985,6,35 - 40,27,51,22,<10,22,78,2494,35 , 40,0,22,0,26985,0,0,0
2015,sch,mat,Regular,Hinsdale,255,Hinsdale Middle High School,26985,7,35 - 40,24,32,19,24,43,57,2543,35 , 40,0,43,0,26985,0,0,0
2015,sch,mat,Regular,Hinsdale,255,Hinsdale Middle High School,26985,8,40 - 45,36,24,19,21,40,60,2558,40 , 45,0,40,0,26985,0,0,0
2015,sch,rea,Regular,Hinsdale,255,Hinsdale Middle High School,26985,0,115 - 120,14,32,45,<10,54,46,NULL,115 , 120,0,54,0,26985,0,0,0
2015,sch,rea,Regular,Hinsdale,255,Hinsdale Middle High School,26985,6,35 - 40,22,36,42,<10,42,58,2514,35 , 40,0,42,0,26985,0,0,0
2015,sch,rea,Regular,Hinsdale,255,Hinsdale Middle High School,26985,7,35 - 40,14,38,35,14,49,51,2562,35 , 40,0,49,0,26985,0,0,0
2015,sch,rea,Regular,Hinsdale,255,Hinsdale Middle High School,26985,8,40 - 45,<10,24,57,12,69,31,2591,40 , 45,0,69,0,26985,0,0,0
2015,sch,sci,Regular,Hinsdale,255,Hinsdale Middle High School,26985,0,40 - 45,19,74,<10,<10,<10,>90,NULL,40 , 45,0,10,0,26985,0,0,0
2015,sch,sci,Regular,Hinsdale,255,Hinsdale Middle High School,26985,8,40 - 45,19,74,<10,<10,<10,>90,NULL,40 , 45,0,10,0,26985,0,0,0
2015,sch,mat,Regular,Holderness,257,Holderness Central School,22345,0,105 - 110,20,34,24,23,46,54,NULL,105 , 110,107.5,46,4945,22345,107.5,4945,46
2015,sch,mat,Regular,Holderness,257,Holderness Central School,22345,3,10 - 15,43,29,21,<10,29,71,2402,10 , 15,0,29,0,22345,0,0,0
2015,sch,mat,Regular,Holderness,257,Holderness Central School,22345,4,20 - 25,<10,38,24,33,57,43,2509,20 , 25,0,57,0,22345,0,0,0
2015,sch,mat,Regular,Holderness,257,Holderness Central School,22345,5,10 - 15,29,36,14,21,36,64,2510,10 , 15,0,36,0,22345,0,0,0
2015,sch,mat,Regular,Holderness,257,Holderness Central School,22345,6,20 - 25,35,40,20,<10,25,75,2501,20 , 25,0,25,0,22345,0,0,0
2015,sch,mat,Regular,Holderness,257,Holderness Central School,22345,7,15 - 20,11,17,28,44,72,28,2622,15 , 20,0,72,0,22345,0,0,0
2015,sch,mat,Regular,Holderness,257,Holderness Central School,22345,8,15 - 20,<10,42,32,21,53,47,2597,15 , 20,0,53,0,22345,0,0,0
2015,sch,rea,Regular,Holderness,257,Holderness Central School,22345,0,105 - 110,14,14,40,31,71,29,NULL,105 , 110,0,71,0,22345,0,0,0
2015,sch,rea,Regular,Holderness,257,Holderness Central School,22345,3,10 - 15,14,14,43,29,71,29,2451,10 , 15,0,71,0,22345,0,0,0
2015,sch,rea,Regular,Holderness,257,Holderness Central School,22345,4,20 - 25,24,<10,24,48,71,29,2510,20 , 25,0,71,0,22345,0,0,0
2015,sch,rea,Regular,Holderness,257,Holderness Central School,22345,5,10 - 15,21,21,50,<10,57,43,2501,10 , 15,0,57,0,22345,0,0,0
2015,sch,rea,Regular,Holderness,257,Holderness Central School,22345,6,15 - 20,11,37,32,21,53,47,2552,15 , 20,0,53,0,22345,0,0,0
2015,sch,rea,Regular,Holderness,257,Holderness Central School,22345,7,15 - 20,<10,<10,39,56,>90,<10,2633,15 , 20,0,90,0,22345,0,0,0
2015,sch,rea,Regular,Holderness,257,Holderness Central School,22345,8,15 - 20,11,11,58,21,79,21,2611,15 , 20,0,79,0,22345,0,0,0
2015,sch,sci,Regular,Holderness,257,Holderness Central School,22345,0,40 - 45,10,43,45,<10,48,52,NULL,40 , 45,0,48,0,22345,0,0,0
2015,sch,sci,Regular,Holderness,257,Holderness Central School,22345,4,20 - 25,14,27,55,<10,59,41,NULL,20 , 25,0,59,0,22345,0,0,0
2015,sch,sci,Regular,Holderness,257,Holderness Central School,22345,8,20 - 25,<10,60,35,<10,35,65,NULL,20 , 25,0,35,0,22345,0,0,0
2015,sch,mat,Regular,Hollis,259,Hollis Primary School,21815,0,85 - 90,<10,13,40,45,85,15,NULL,85 , 90,87.5,85,7437.5,21815,87.5,7437.5,85
2015,sch,mat,Regular,Hollis,259,Hollis Primary School,21815,3,85 - 90,<10,13,40,45,85,15,2492,85 , 90,0,85,0,21815,0,0,0
2015,sch,rea,Regular,Hollis,259,Hollis Primary School,21815,0,85 - 90,<10,13,28,56,84,16,NULL,85 , 90,0,84,0,21815,0,0,0
2015,sch,rea,Regular,Hollis,259,Hollis Primary School,21815,3,85 - 90,<10,13,28,56,84,16,2507,85 , 90,0,84,0,21815,0,0,0
2015,sch,mat,Regular,Hollis,259,Hollis Upper Elementary School,27530,0,280 - 285,<10,17,38,41,80,20,NULL,280 , 285,282.5,80,22600,27530,282.5,22600,80
2015,sch,mat,Regular,Hollis,259,Hollis Upper Elementary School,27530,4,95 - 100,<10,19,44,31,75,25,2522,95 , 100,0,75,0,27530,0,0,0
2015,sch,mat,Regular,Hollis,259,Hollis Upper Elementary School,27530,5,85 - 90,<10,22,37,39,76,24,2564,85 , 90,0,76,0,27530,0,0,0
2015,sch,mat,Regular,Hollis,259,Hollis Upper Elementary School,27530,6,95 - 100,<10,<10,33,54,88,13,2612,95 , 100,0,88,0,27530,0,0,0
2015,sch,rea,Regular,Hollis,259,Hollis Upper Elementary School,27530,0,280 - 285,<10,<10,33,55,89,11,NULL,280 , 285,0,89,0,27530,0,0,0
2015,sch,rea,Regular,Hollis,259,Hollis Upper Elementary School,27530,4,95 - 100,<10,<10,28,57,85,15,2538,95 , 100,0,85,0,27530,0,0,0
2015,sch,rea,Regular,Hollis,259,Hollis Upper Elementary School,27530,5,85 - 90,<10,<10,37,58,>90,<10,2591,85 , 90,0,90,0,27530,0,0,0
2015,sch,rea,Regular,Hollis,259,Hollis Upper Elementary School,27530,6,95 - 100,<10,13,34,51,85,15,2623,95 , 100,0,85,0,27530,0,0,0
2015,sch,sci,Regular,Hollis,259,Hollis Upper Elementary School,27530,0,95 - 100,<10,34,61,<10,62,38,NULL,95 , 100,0,62,0,27530,0,0,0
2015,sch,sci,Regular,Hollis,259,Hollis Upper Elementary School,27530,4,95 - 100,<10,34,61,<10,62,38,NULL,95 , 100,0,62,0,27530,0,0,0
2015,sch,mat,Regular,Hollis-Brookline Cooperative,260,Hollis-Brookline High School,21810,0,175 - 180,15,21,27,36,64,36,NULL,175 , 180,177.5,64,11360,21810,177.5,11360,64
2015,sch,mat,Regular,Hollis-Brookline Cooperative,260,Hollis-Brookline High School,21810,11,175 - 180,15,21,27,36,64,36,2663,175 , 180,0,64,0,21810,0,0,0
2015,sch,rea,Regular,Hollis-Brookline Cooperative,260,Hollis-Brookline High School,21810,0,175 - 180,11,16,40,33,73,27,NULL,175 , 180,0,73,0,21810,0,0,0
2015,sch,rea,Regular,Hollis-Brookline Cooperative,260,Hollis-Brookline High School,21810,11,175 - 180,11,16,40,33,73,27,2633,175 , 180,0,73,0,21810,0,0,0
2015,sch,sci,Regular,Hollis-Brookline Cooperative,260,Hollis-Brookline High School,21810,0,190 - 195,19,45,36,<10,36,64,NULL,190 , 195,0,36,0,21810,0,0,0
2015,sch,sci,Regular,Hollis-Brookline Cooperative,260,Hollis-Brookline High School,21810,11,190 - 195,19,45,36,<10,36,64,NULL,190 , 195,0,36,0,21810,0,0,0
2015,sch,mat,Regular,Hollis-Brookline Cooperative,260,Hollis-Brookline Middle School,21805,0,380 - 385,<10,21,24,47,71,29,NULL,380 , 385,382.5,71,27157.5,21805,382.5,27157.5,71
2015,sch,mat,Regular,Hollis-Brookline Cooperative,260,Hollis-Brookline Middle School,21805,7,190 - 195,<10,21,25,50,75,25,2624,190 , 195,0,75,0,21805,0,0,0
2015,sch,mat,Regular,Hollis-Brookline Cooperative,260,Hollis-Brookline Middle School,21805,8,190 - 195,12,22,22,45,66,34,2627,190 , 195,0,66,0,21805,0,0,0
2015,sch,rea,Regular,Hollis-Brookline Cooperative,260,Hollis-Brookline Middle School,21805,0,375 - 380,<10,10,44,41,86,14,NULL,375 , 380,0,86,0,21805,0,0,0
2015,sch,rea,Regular,Hollis-Brookline Cooperative,260,Hollis-Brookline Middle School,21805,7,185 - 190,<10,<10,45,44,89,11,2634,185 , 190,0,89,0,21805,0,0,0
2015,sch,rea,Regular,Hollis-Brookline Cooperative,260,Hollis-Brookline Middle School,21805,8,190 - 195,<10,11,44,39,83,17,2640,190 , 195,0,83,0,21805,0,0,0
2015,sch,sci,Regular,Hollis-Brookline Cooperative,260,Hollis-Brookline Middle School,21805,0,200 - 205,11,56,32,<10,33,67,NULL,200 , 205,0,33,0,21805,0,0,0
2015,sch,sci,Regular,Hollis-Brookline Cooperative,260,Hollis-Brookline Middle School,21805,8,200 - 205,11,56,32,<10,33,67,NULL,200 , 205,0,33,0,21805,0,0,0
2015,sch,mat,Regular,Hooksett,261,David R. Cawley Middle School,28050,0,460 - 465,15,30,30,25,55,45,NULL,460 , 465,462.5,55,25437.5,28050,462.5,25437.5,55
2015,sch,mat,Regular,Hooksett,261,David R. Cawley Middle School,28050,6,145 - 150,18,34,28,20,48,52,2546,145 , 150,0,48,0,28050,0,0,0
2015,sch,mat,Regular,Hooksett,261,David R. Cawley Middle School,28050,7,165 - 170,10,29,32,29,60,40,2586,165 , 170,0,60,0,28050,0,0,0
2015,sch,mat,Regular,Hooksett,261,David R. Cawley Middle School,28050,8,140 - 145,18,25,30,27,57,43,2599,140 , 145,0,57,0,28050,0,0,0
2015,sch,rea,Regular,Hooksett,261,David R. Cawley Middle School,28050,0,460 - 465,<10,22,49,24,72,28,NULL,460 , 465,0,72,0,28050,0,0,0
2015,sch,rea,Regular,Hooksett,261,David R. Cawley Middle School,28050,6,145 - 150,<10,26,45,21,66,34,2560,145 , 150,0,66,0,28050,0,0,0
2015,sch,rea,Regular,Hooksett,261,David R. Cawley Middle School,28050,7,165 - 170,<10,17,53,24,77,23,2602,165 , 170,0,77,0,28050,0,0,0
2015,sch,rea,Regular,Hooksett,261,David R. Cawley Middle School,28050,8,140 - 145,<10,23,47,26,74,26,2620,140 , 145,0,74,0,28050,0,0,0
2015,sch,sci,Regular,Hooksett,261,David R. Cawley Middle School,28050,0,145 - 150,<10,52,41,<10,41,59,NULL,145 , 150,0,41,0,28050,0,0,0
2015,sch,sci,Regular,Hooksett,261,David R. Cawley Middle School,28050,8,145 - 150,<10,52,41,<10,41,59,NULL,145 , 150,0,41,0,28050,0,0,0
2015,sch,mat,Regular,Hooksett,261,Hooksett Memorial School,20540,0,465 - 470,19,35,33,14,46,54,NULL,465 , 470,467.5,46,21505,20540,467.5,21505,46
2015,sch,mat,Regular,Hooksett,261,Hooksett Memorial School,20540,3,160 - 165,25,28,39,<10,47,53,2425,160 , 165,0,47,0,20540,0,0,0
2015,sch,mat,Regular,Hooksett,261,Hooksett Memorial School,20540,4,160 - 165,12,43,27,18,45,55,2484,160 , 165,0,45,0,20540,0,0,0
2015,sch,mat,Regular,Hooksett,261,Hooksett Memorial School,20540,5,145 - 150,19,34,32,15,48,52,2517,145 , 150,0,48,0,20540,0,0,0
2015,sch,rea,Regular,Hooksett,261,Hooksett Memorial School,20540,0,465 - 470,18,23,32,27,59,41,NULL,465 , 470,0,59,0,20540,0,0,0
2015,sch,rea,Regular,Hooksett,261,Hooksett Memorial School,20540,3,160 - 165,17,25,34,24,58,42,2438,160 , 165,0,58,0,20540,0,0,0
2015,sch,rea,Regular,Hooksett,261,Hooksett Memorial School,20540,4,160 - 165,23,24,22,32,54,46,2482,160 , 165,0,54,0,20540,0,0,0
2015,sch,rea,Regular,Hooksett,261,Hooksett Memorial School,20540,5,145 - 150,14,20,40,26,66,34,2536,145 , 150,0,66,0,20540,0,0,0
2015,sch,sci,Regular,Hooksett,261,Hooksett Memorial School,20540,0,160 - 165,<10,49,43,<10,43,57,NULL,160 , 165,0,43,0,20540,0,0,0
2015,sch,sci,Regular,Hooksett,261,Hooksett Memorial School,20540,4,160 - 165,<10,49,43,<10,43,57,NULL,160 , 165,0,43,0,20540,0,0,0
2015,sch,mat,Regular,Hopkinton,263,Harold Martin School,20975,0,65 - 70,10,17,45,28,72,28,NULL,65 , 70,67.5,72,4860,20975,67.5,4860,72
2015,sch,mat,Regular,Hopkinton,263,Harold Martin School,20975,3,65 - 70,10,17,45,28,72,28,2466,65 , 70,0,72,0,20975,0,0,0
2015,sch,rea,Regular,Hopkinton,263,Harold Martin School,20975,0,65 - 70,<10,19,32,41,72,28,NULL,65 , 70,0,72,0,20975,0,0,0
2015,sch,rea,Regular,Hopkinton,263,Harold Martin School,20975,3,65 - 70,<10,19,32,41,72,28,2467,65 , 70,0,72,0,20975,0,0,0
2015,sch,mat,Regular,Hopkinton,263,Hopkinton High School,20970,0,60 - 65,25,28,25,22,47,53,NULL,60 , 65,62.5,47,2937.5,20970,62.5,2937.5,47
2015,sch,mat,Regular,Hopkinton,263,Hopkinton High School,20970,11,60 - 65,25,28,25,22,47,53,2626,60 , 65,0,47,0,20970,0,0,0
2015,sch,rea,Regular,Hopkinton,263,Hopkinton High School,20970,0,60 - 65,<10,13,38,41,79,21,NULL,60 , 65,0,79,0,20970,0,0,0
2015,sch,rea,Regular,Hopkinton,263,Hopkinton High School,20970,11,60 - 65,<10,13,38,41,79,21,2655,60 , 65,0,79,0,20970,0,0,0
2015,sch,sci,Regular,Hopkinton,263,Hopkinton High School,20970,0,70 - 75,10,39,45,<10,51,49,NULL,70 , 75,0,51,0,20970,0,0,0
2015,sch,sci,Regular,Hopkinton,263,Hopkinton High School,20970,11,70 - 75,10,39,45,<10,51,49,NULL,70 , 75,0,51,0,20970,0,0,0
2015,sch,mat,Regular,Hopkinton,263,Hopkinton Middle School,27000,0,120 - 125,14,23,27,36,63,38,NULL,120 , 125,122.5,63,7717.5,27000,122.5,7717.5,63
2015,sch,mat,Regular,Hopkinton,263,Hopkinton Middle School,27000,7,65 - 70,13,24,26,37,63,37,2589,65 , 70,0,63,0,27000,0,0,0
2015,sch,mat,Regular,Hopkinton,263,Hopkinton Middle School,27000,8,50 - 55,15,23,27,35,62,38,2604,50 , 55,0,62,0,27000,0,0,0
2015,sch,rea,Regular,Hopkinton,263,Hopkinton Middle School,27000,0,115 - 120,<10,18,45,29,75,25,NULL,115 , 120,0,75,0,27000,0,0,0
2015,sch,rea,Regular,Hopkinton,263,Hopkinton Middle School,27000,7,65 - 70,<10,19,46,25,72,28,2601,65 , 70,0,72,0,27000,0,0,0
2015,sch,rea,Regular,Hopkinton,263,Hopkinton Middle School,27000,8,50 - 55,<10,15,44,35,79,21,2631,50 , 55,0,79,0,27000,0,0,0
2015,sch,sci,Regular,Hopkinton,263,Hopkinton Middle School,27000,0,55 - 60,24,47,29,<10,29,71,NULL,55 , 60,0,29,0,27000,0,0,0
2015,sch,sci,Regular,Hopkinton,263,Hopkinton Middle School,27000,8,55 - 60,24,47,29,<10,29,71,NULL,55 , 60,0,29,0,27000,0,0,0
2015,sch,mat,Regular,Hopkinton,263,Maple Street Elementary School,20965,0,220 - 225,12,33,26,29,55,45,NULL,220 , 225,222.5,55,12237.5,20965,222.5,12237.5,55
2015,sch,mat,Regular,Hopkinton,263,Maple Street Elementary School,20965,4,65 - 70,<10,39,28,26,54,46,2504,65 , 70,0,54,0,20965,0,0,0
2015,sch,mat,Regular,Hopkinton,263,Maple Street Elementary School,20965,5,75 - 80,12,27,31,30,61,39,2547,75 , 80,0,61,0,20965,0,0,0
2015,sch,mat,Regular,Hopkinton,263,Maple Street Elementary School,20965,6,75 - 80,16,34,20,30,50,50,2560,75 , 80,0,50,0,20965,0,0,0
2015,sch,rea,Regular,Hopkinton,263,Maple Street Elementary School,20965,0,220 - 225,<10,14,38,40,78,22,NULL,220 , 225,0,78,0,20965,0,0,0
2015,sch,rea,Regular,Hopkinton,263,Maple Street Elementary School,20965,4,65 - 70,<10,14,29,48,77,23,2518,65 , 70,0,77,0,20965,0,0,0
2015,sch,rea,Regular,Hopkinton,263,Maple Street Elementary School,20965,5,75 - 80,<10,16,36,40,77,23,2552,75 , 80,0,77,0,20965,0,0,0
2015,sch,rea,Regular,Hopkinton,263,Maple Street Elementary School,20965,6,75 - 80,<10,13,49,33,82,18,2583,75 , 80,0,82,0,20965,0,0,0
2015,sch,sci,Regular,Hopkinton,263,Maple Street Elementary School,20965,0,65 - 70,<10,28,70,<10,71,29,NULL,65 , 70,0,71,0,20965,0,0,0
2015,sch,sci,Regular,Hopkinton,263,Maple Street Elementary School,20965,4,65 - 70,<10,28,70,<10,71,29,NULL,65 , 70,0,71,0,20965,0,0,0
2015,sch,mat,Regular,Hudson,267,Alvirne High School,21050,0,300 - 305,34,33,22,11,33,67,NULL,300 , 305,302.5,33,9982.5,21050,302.5,9982.5,33
2015,sch,mat,Regular,Hudson,267,Alvirne High School,21050,11,300 - 305,34,33,22,11,33,67,2581,300 , 305,0,33,0,21050,0,0,0
2015,sch,rea,Regular,Hudson,267,Alvirne High School,21050,0,305 - 310,<10,26,35,29,65,35,NULL,305 , 310,0,65,0,21050,0,0,0
2015,sch,rea,Regular,Hudson,267,Alvirne High School,21050,11,305 - 310,<10,26,35,29,65,35,2621,305 , 310,0,65,0,21050,0,0,0
2015,sch,sci,Regular,Hudson,267,Alvirne High School,21050,0,305 - 310,22,56,22,<10,22,78,NULL,305 , 310,0,22,0,21050,0,0,0
2015,sch,sci,Regular,Hudson,267,Alvirne High School,21050,11,305 - 310,22,56,22,<10,22,78,NULL,305 , 310,0,22,0,21050,0,0,0
2015,sch,mat,Regular,Hudson,267,Hills Garrison Elementary School,27900,0,335 - 340,18,30,32,21,52,48,NULL,335 , 340,337.5,52,17550,27900,337.5,17550,52
2015,sch,mat,Regular,Hudson,267,Hills Garrison Elementary School,27900,3,115 - 120,13,26,39,22,62,38,2450,115 , 120,0,62,0,27900,0,0,0
2015,sch,mat,Regular,Hudson,267,Hills Garrison Elementary School,27900,4,95 - 100,<10,34,31,25,57,43,2505,95 , 100,0,57,0,27900,0,0,0
2015,sch,mat,Regular,Hudson,267,Hills Garrison Elementary School,27900,5,120 - 125,30,30,25,16,40,60,2502,120 , 125,0,40,0,27900,0,0,0
2015,sch,rea,Regular,Hudson,267,Hills Garrison Elementary School,27900,0,335 - 340,15,19,33,34,66,34,NULL,335 , 340,0,66,0,27900,0,0,0
2015,sch,rea,Regular,Hudson,267,Hills Garrison Elementary School,27900,3,115 - 120,10,22,29,38,68,32,2464,115 , 120,0,68,0,27900,0,0,0
2015,sch,rea,Regular,Hudson,267,Hills Garrison Elementary School,27900,4,95 - 100,16,19,30,34,65,35,2502,95 , 100,0,65,0,27900,0,0,0
2015,sch,rea,Regular,Hudson,267,Hills Garrison Elementary School,27900,5,120 - 125,18,16,38,29,66,34,2524,120 , 125,0,66,0,27900,0,0,0
2015,sch,sci,Regular,Hudson,267,Hills Garrison Elementary School,27900,0,95 - 100,<10,43,49,<10,53,47,NULL,95 , 100,0,53,0,27900,0,0,0
2015,sch,sci,Regular,Hudson,267,Hills Garrison Elementary School,27900,4,95 - 100,<10,43,49,<10,53,47,NULL,95 , 100,0,53,0,27900,0,0,0
2015,sch,mat,Regular,Hudson,267,Hudson Memorial School,21060,0,835 - 840,24,35,26,15,41,59,NULL,835 , 840,837.5,41,34337.5,21060,837.5,34337.5,41
2015,sch,mat,Regular,Hudson,267,Hudson Memorial School,21060,6,245 - 250,23,31,28,18,46,54,2535,245 , 250,0,46,0,21060,0,0,0
2015,sch,mat,Regular,Hudson,267,Hudson Memorial School,21060,7,285 - 290,21,36,24,19,43,57,2554,285 , 290,0,43,0,21060,0,0,0
2015,sch,mat,Regular,Hudson,267,Hudson Memorial School,21060,8,305 - 310,28,36,25,11,36,64,2553,305 , 310,0,36,0,21060,0,0,0
2015,sch,rea,Regular,Hudson,267,Hudson Memorial School,21060,0,835 - 840,17,26,42,15,57,43,NULL,835 , 840,0,57,0,21060,0,0,0
2015,sch,rea,Regular,Hudson,267,Hudson Memorial School,21060,6,245 - 250,17,26,40,17,57,43,2538,245 , 250,0,57,0,21060,0,0,0
2015,sch,rea,Regular,Hudson,267,Hudson Memorial School,21060,7,285 - 290,15,21,50,15,65,35,2570,285 , 290,0,65,0,21060,0,0,0
2015,sch,rea,Regular,Hudson,267,Hudson Memorial School,21060,8,305 - 310,19,31,38,12,50,50,2566,305 , 310,0,50,0,21060,0,0,0
2015,sch,sci,Regular,Hudson,267,Hudson Memorial School,21060,0,310 - 315,17,60,24,<10,24,76,NULL,310 , 315,0,24,0,21060,0,0,0
2015,sch,sci,Regular,Hudson,267,Hudson Memorial School,21060,8,310 - 315,17,60,24,<10,24,76,NULL,310 , 315,0,24,0,21060,0,0,0
2015,sch,mat,Regular,Hudson,267,Nottingham West Elementary School,26765,0,460 - 465,15,33,33,20,52,48,NULL,460 , 465,462.5,52,24050,26765,462.5,24050,52
2015,sch,mat,Regular,Hudson,267,Nottingham West Elementary School,26765,3,145 - 150,20,26,37,16,54,46,2437,145 , 150,0,54,0,26765,0,0,0
2015,sch,mat,Regular,Hudson,267,Nottingham West Elementary School,26765,4,165 - 170,<10,31,36,24,60,40,2498,165 , 170,0,60,0,26765,0,0,0
2015,sch,mat,Regular,Hudson,267,Nottingham West Elementary School,26765,5,150 - 155,17,41,25,18,43,57,2519,150 , 155,0,43,0,26765,0,0,0
2015,sch,rea,Regular,Hudson,267,Nottingham West Elementary School,26765,0,460 - 465,19,27,33,22,55,45,NULL,460 , 465,0,55,0,26765,0,0,0
2015,sch,rea,Regular,Hudson,267,Nottingham West Elementary School,26765,3,145 - 150,26,25,28,20,49,51,2424,145 , 150,0,49,0,26765,0,0,0
2015,sch,rea,Regular,Hudson,267,Nottingham West Elementary School,26765,4,165 - 170,18,26,33,22,56,44,2482,165 , 170,0,56,0,26765,0,0,0
2015,sch,rea,Regular,Hudson,267,Nottingham West Elementary School,26765,5,150 - 155,12,29,37,23,59,41,2523,150 , 155,0,59,0,26765,0,0,0
2015,sch,sci,Regular,Hudson,267,Nottingham West Elementary School,26765,0,165 - 170,14,44,42,<10,42,58,NULL,165 , 170,0,42,0,26765,0,0,0
2015,sch,sci,Regular,Hudson,267,Nottingham West Elementary School,26765,4,165 - 170,14,44,42,<10,42,58,NULL,165 , 170,0,42,0,26765,0,0,0
2015,sch,mat,Regular,Inter-Lakes Cooperative,269,Inter-Lakes Elementary School,20025,0,130 - 135,17,28,35,20,55,45,NULL,130 , 135,132.5,55,7287.5,0,0,0,0
2015,sch,mat,Regular,Inter-Lakes Cooperative,269,Inter-Lakes Elementary School,20025,3,70 - 75,18,29,37,16,53,47,2439,70 , 75,0,53,0,0,0,0,0
2015,sch,mat,Regular,Inter-Lakes Cooperative,269,Inter-Lakes Elementary School,20025,4,55 - 60,16,26,33,25,58,42,2491,55 , 60,0,58,0,0,0,0,0
2015,sch,rea,Regular,Inter-Lakes Cooperative,269,Inter-Lakes Elementary School,20025,0,125 - 130,22,29,30,20,49,51,NULL,125 , 130,0,49,0,0,0,0,0
2015,sch,rea,Regular,Inter-Lakes Cooperative,269,Inter-Lakes Elementary School,20025,3,70 - 75,14,33,35,18,53,47,2435,70 , 75,0,53,0,0,0,0,0
2015,sch,rea,Regular,Inter-Lakes Cooperative,269,Inter-Lakes Elementary School,20025,4,55 - 60,32,23,23,21,45,55,2456,55 , 60,0,45,0,0,0,0,0
2015,sch,sci,Regular,Inter-Lakes Cooperative,269,Inter-Lakes Elementary School,20025,0,55 - 60,<10,51,42,<10,42,58,NULL,55 , 60,0,42,0,0,0,0,0
2015,sch,sci,Regular,Inter-Lakes Cooperative,269,Inter-Lakes Elementary School,20025,4,55 - 60,<10,51,42,<10,42,58,NULL,55 , 60,0,42,0,0,0,0,0
2015,sch,mat,Regular,Inter-Lakes Cooperative,269,Inter-Lakes High School,20035,0,60 - 65,16,27,33,25,58,42,NULL,60 , 65,62.5,58,3625,20035,62.5,3625,58
2015,sch,mat,Regular,Inter-Lakes Cooperative,269,Inter-Lakes High School,20035,11,60 - 65,16,27,33,25,58,42,2651,60 , 65,0,58,0,20035,0,0,0
2015,sch,rea,Regular,Inter-Lakes Cooperative,269,Inter-Lakes High School,20035,0,60 - 65,<10,14,39,42,81,19,NULL,60 , 65,0,81,0,20035,0,0,0
2015,sch,rea,Regular,Inter-Lakes Cooperative,269,Inter-Lakes High School,20035,11,60 - 65,<10,14,39,42,81,19,2655,60 , 65,0,81,0,20035,0,0,0
2015,sch,sci,Regular,Inter-Lakes Cooperative,269,Inter-Lakes High School,20035,0,65 - 70,19,52,29,<10,29,71,NULL,65 , 70,0,29,0,20035,0,0,0
2015,sch,sci,Regular,Inter-Lakes Cooperative,269,Inter-Lakes High School,20035,11,65 - 70,19,52,29,<10,29,71,NULL,65 , 70,0,29,0,20035,0,0,0
2015,sch,mat,Regular,Inter-Lakes Cooperative,269,Inter-Lakes Middle Tier,26575,0,320 - 325,17,30,26,27,53,47,NULL,320 , 325,322.5,53,17092.5,0,0,0,0
2015,sch,mat,Regular,Inter-Lakes Cooperative,269,Inter-Lakes Middle Tier,26575,5,80 - 85,19,36,21,24,45,55,2517,80 , 85,0,45,0,0,0,0,0
2015,sch,mat,Regular,Inter-Lakes Cooperative,269,Inter-Lakes Middle Tier,26575,6,75 - 80,<10,23,27,41,68,32,2581,75 , 80,0,68,0,0,0,0,0
2015,sch,mat,Regular,Inter-Lakes Cooperative,269,Inter-Lakes Middle Tier,26575,7,75 - 80,13,28,38,22,59,41,2576,75 , 80,0,59,0,0,0,0,0
2015,sch,mat,Regular,Inter-Lakes Cooperative,269,Inter-Lakes Middle Tier,26575,8,85 - 90,26,31,19,24,43,57,2574,85 , 90,0,43,0,0,0,0,0
2015,sch,rea,Regular,Inter-Lakes Cooperative,269,Inter-Lakes Middle Tier,26575,0,320 - 325,<10,22,41,29,69,31,NULL,320 , 325,0,69,0,0,0,0,0
2015,sch,rea,Regular,Inter-Lakes Cooperative,269,Inter-Lakes Middle Tier,26575,5,75 - 80,19,19,32,30,62,38,2526,75 , 80,0,62,0,0,0,0,0
2015,sch,rea,Regular,Inter-Lakes Cooperative,269,Inter-Lakes Middle Tier,26575,6,75 - 80,<10,23,33,40,73,27,2584,75 , 80,0,73,0,0,0,0,0
2015,sch,rea,Regular,Inter-Lakes Cooperative,269,Inter-Lakes Middle Tier,26575,7,75 - 80,<10,17,50,27,77,23,2601,75 , 80,0,77,0,0,0,0,0
2015,sch,rea,Regular,Inter-Lakes Cooperative,269,Inter-Lakes Middle Tier,26575,8,85 - 90,<10,28,47,19,66,34,2599,85 , 90,0,66,0,0,0,0,0
2015,sch,sci,Regular,Inter-Lakes Cooperative,269,Inter-Lakes Middle Tier,26575,0,85 - 90,24,47,28,<10,29,71,NULL,85 , 90,0,29,0,0,0,0,0
2015,sch,sci,Regular,Inter-Lakes Cooperative,269,Inter-Lakes Middle Tier,26575,8,85 - 90,24,47,28,<10,29,71,NULL,85 , 90,0,29,0,0,0,0,0
2015,sch,mat,Regular,Inter-Lakes Cooperative,269,Sandwich Central School,20040,0,40 - 45,<10,23,33,35,67,33,NULL,40 , 45,42.5,67,2847.5,20040,42.5,2847.5,67
2015,sch,mat,Regular,Inter-Lakes Cooperative,269,Sandwich Central School,20040,3, 0 - 10,* n < 11,* n < 11,* n < 11,* n < 11,* n < 11,* n < 11,* n < 11, 0 , 10,0,* n < 11,0,20040,0,0,0
2015,sch,mat,Regular,Inter-Lakes Cooperative,269,Sandwich Central School,20040,4,10 - 15,<10,25,42,33,75,25,2531,10 , 15,0,75,0,20040,0,0,0
2015,sch,mat,Regular,Inter-Lakes Cooperative,269,Sandwich Central School,20040,5,10 - 15,18,36,27,18,45,55,2521,10 , 15,0,45,0,20040,0,0,0
2015,sch,mat,Regular,Inter-Lakes Cooperative,269,Sandwich Central School,20040,6, 0 - 10,* n < 11,* n < 11,* n < 11,* n < 11,* n < 11,* n < 11,* n < 11, 0 , 10,0,* n < 11,0,20040,0,0,0
2015,sch,rea,Regular,Inter-Lakes Cooperative,269,Sandwich Central School,20040,0,40 - 45,<10,12,44,35,79,21,NULL,40 , 45,0,79,0,20040,0,0,0
2015,sch,rea,Regular,Inter-Lakes Cooperative,269,Sandwich Central School,20040,3, 0 - 10,* n < 11,* n < 11,* n < 11,* n < 11,* n < 11,* n < 11,* n < 11, 0 , 10,0,* n < 11,0,20040,0,0,0
2015,sch,rea,Regular,Inter-Lakes Cooperative,269,Sandwich Central School,20040,4,10 - 15,<10,<10,50,42,>90,<10,2526,10 , 15,0,90,0,20040,0,0,0
2015,sch,rea,Regular,Inter-Lakes Cooperative,269,Sandwich Central School,20040,5,10 - 15,<10,27,64,<10,64,36,2501,10 , 15,0,64,0,20040,0,0,0
2015,sch,rea,Regular,Inter-Lakes Cooperative,269,Sandwich Central School,20040,6, 0 - 10,* n < 11,* n < 11,* n < 11,* n < 11,* n < 11,* n < 11,* n < 11, 0 , 10,0,* n < 11,0,20040,0,0,0
2015,sch,sci,Regular,Inter-Lakes Cooperative,269,Sandwich Central School,20040,0,10 - 15,<10,42,58,<10,58,42,NULL,10 , 15,0,58,0,20040,0,0,0
2015,sch,sci,Regular,Inter-Lakes Cooperative,269,Sandwich Central School,20040,4,10 - 15,<10,42,58,<10,58,42,NULL,10 , 15,0,58,0,20040,0,0,0
2015,sch,mat,Regular,Jackson,271,Jackson Grammar School,20355,0,20 - 25,<10,25,29,46,75,25,NULL,20 , 25,22.5,75,1687.5,20355,22.5,1687.5,75
2015,sch,mat,Regular,Jackson,271,Jackson Grammar School,20355,3, 0 - 10,* n < 11,* n < 11,* n < 11,* n < 11,* n < 11,* n < 11,* n < 11, 0 , 10,0,* n < 11,0,20355,0,0,0
2015,sch,mat,Regular,Jackson,271,Jackson Grammar School,20355,4, 0 - 10,* n < 11,* n < 11,* n < 11,* n < 11,* n < 11,* n < 11,* n < 11, 0 , 10,0,* n < 11,0,20355,0,0,0
2015,sch,mat,Regular,Jackson,271,Jackson Grammar School,20355,5, 0 - 10,* n < 11,* n < 11,* n < 11,* n < 11,* n < 11,* n < 11,* n < 11, 0 , 10,0,* n < 11,0,20355,0,0,0
2015,sch,mat,Regular,Jackson,271,Jackson Grammar School,20355,6, 0 - 10,* n < 11,* n < 11,* n < 11,* n < 11,* n < 11,* n < 11,* n < 11, 0 , 10,0,* n < 11,0,20355,0,0,0
2015,sch,rea,Regular,Jackson,271,Jackson Grammar School,20355,0,20 - 25,<10,<10,25,58,83,17,NULL,20 , 25,0,83,0,20355,0,0,0
2015,sch,rea,Regular,Jackson,271,Jackson Grammar School,20355,3, 0 - 10,* n < 11,* n < 11,* n < 11,* n < 11,* n < 11,* n < 11,* n < 11, 0 , 10,0,* n < 11,0,20355,0,0,0
2015,sch,rea,Regular,Jackson,271,Jackson Grammar School,20355,4, 0 - 10,* n < 11,* n < 11,* n < 11,* n < 11,* n < 11,* n < 11,* n < 11, 0 , 10,0,* n < 11,0,20355,0,0,0
2015,sch,rea,Regular,Jackson,271,Jackson Grammar School,20355,5, 0 - 10,* n < 11,* n < 11,* n < 11,* n < 11,* n < 11,* n < 11,* n < 11, 0 , 10,0,* n < 11,0,20355,0,0,0
2015,sch,rea,Regular,Jackson,271,Jackson Grammar School,20355,6, 0 - 10,* n < 11,* n < 11,* n < 11,* n < 11,* n < 11,* n < 11,* n < 11, 0 , 10,0,* n < 11,0,20355,0,0,0
2015,sch,sci,Regular,Jackson,271,Jackson Grammar School,20355,0, 0 - 10,* n < 11,* n < 11,* n < 11,* n < 11,* n < 11,* n < 11,* n < 11, 0 , 10,0,* n < 11,0,20355,0,0,0
2015,sch,sci,Regular,Jackson,271,Jackson Grammar School,20355,4, 0 - 10,* n < 11,* n < 11,* n < 11,* n < 11,* n < 11,* n < 11,* n < 11, 0 , 10,0,* n < 11,0,20355,0,0,0
2015,sch,mat,Regular,Jaffrey-Rindge Cooperative,274,Conant High School,22265,0,80 - 85,28,32,28,11,40,60,NULL,80 , 85,82.5,40,3300,22265,82.5,3300,40
2015,sch,mat,Regular,Jaffrey-Rindge Cooperative,274,Conant High School,22265,11,80 - 85,28,32,28,11,40,60,2599,80 , 85,0,40,0,22265,0,0,0
2015,sch,rea,Regular,Jaffrey-Rindge Cooperative,274,Conant High School,22265,0,80 - 85,20,17,46,17,63,37,NULL,80 , 85,0,63,0,22265,0,0,0
2015,sch,rea,Regular,Jaffrey-Rindge Cooperative,274,Conant High School,22265,11,80 - 85,20,17,46,17,63,37,2589,80 , 85,0,63,0,22265,0,0,0
2015,sch,sci,Regular,Jaffrey-Rindge Cooperative,274,Conant High School,22265,0,90 - 95,23,49,27,<10,28,72,NULL,90 , 95,0,28,0,22265,0,0,0
2015,sch,sci,Regular,Jaffrey-Rindge Cooperative,274,Conant High School,22265,11,90 - 95,23,49,27,<10,28,72,NULL,90 , 95,0,28,0,22265,0,0,0
2015,sch,mat,Regular,Jaffrey-Rindge Cooperative,274,Jaffrey Grade School,22275,0,150 - 155,14,36,30,19,50,50,NULL,150 , 155,152.5,50,7625,22275,152.5,7625,50
2015,sch,mat,Regular,Jaffrey-Rindge Cooperative,274,Jaffrey Grade School,22275,3,40 - 45,10,24,34,32,66,34,2463,40 , 45,0,66,0,22275,0,0,0
2015,sch,mat,Regular,Jaffrey-Rindge Cooperative,274,Jaffrey Grade School,22275,4,50 - 55,<10,43,32,17,49,51,2486,50 , 55,0,49,0,22275,0,0,0
2015,sch,mat,Regular,Jaffrey-Rindge Cooperative,274,Jaffrey Grade School,22275,5,55 - 60,23,39,26,12,39,61,2504,55 , 60,0,39,0,22275,0,0,0
2015,sch,rea,Regular,Jaffrey-Rindge Cooperative,274,Jaffrey Grade School,22275,0,150 - 155,23,20,30,26,57,43,NULL,150 , 155,0,57,0,22275,0,0,0
2015,sch,rea,Regular,Jaffrey-Rindge Cooperative,274,Jaffrey Grade School,22275,3,40 - 45,20,20,27,34,61,39,2444,40 , 45,0,61,0,22275,0,0,0
2015,sch,rea,Regular,Jaffrey-Rindge Cooperative,274,Jaffrey Grade School,22275,4,50 - 55,34,26,21,19,40,60,2460,50 , 55,0,40,0,22275,0,0,0
2015,sch,rea,Regular,Jaffrey-Rindge Cooperative,274,Jaffrey Grade School,22275,5,55 - 60,16,14,42,28,70,30,2534,55 , 60,0,70,0,22275,0,0,0
2015,sch,sci,Regular,Jaffrey-Rindge Cooperative,274,Jaffrey Grade School,22275,0,50 - 55,<10,43,47,<10,49,51,NULL,50 , 55,0,49,0,22275,0,0,0
2015,sch,sci,Regular,Jaffrey-Rindge Cooperative,274,Jaffrey Grade School,22275,4,50 - 55,<10,43,47,<10,49,51,NULL,50 , 55,0,49,0,22275,0,0,0
2015,sch,mat,Regular,Jaffrey-Rindge Cooperative,274,Jaffrey-Rindge Middle School,22280,0,240 - 245,19,35,29,17,46,54,NULL,240 , 245,242.5,46,11155,22280,242.5,11155,46
2015,sch,mat,Regular,Jaffrey-Rindge Cooperative,274,Jaffrey-Rindge Middle School,22280,6,70 - 75,13,43,24,21,44,56,2548,70 , 75,0,44,0,22280,0,0,0
2015,sch,mat,Regular,Jaffrey-Rindge Cooperative,274,Jaffrey-Rindge Middle School,22280,7,80 - 85,20,39,28,13,41,59,2540,80 , 85,0,41,0,22280,0,0,0
2015,sch,mat,Regular,Jaffrey-Rindge Cooperative,274,Jaffrey-Rindge Middle School,22280,8,85 - 90,22,26,34,19,52,48,2582,85 , 90,0,52,0,22280,0,0,0
2015,sch,rea,Regular,Jaffrey-Rindge Cooperative,274,Jaffrey-Rindge Middle School,22280,0,245 - 250,12,30,44,14,58,42,NULL,245 , 250,0,58,0,22280,0,0,0
2015,sch,rea,Regular,Jaffrey-Rindge Cooperative,274,Jaffrey-Rindge Middle School,22280,6,70 - 75,<10,34,42,16,59,41,2556,70 , 75,0,59,0,22280,0,0,0
2015,sch,rea,Regular,Jaffrey-Rindge Cooperative,274,Jaffrey-Rindge Middle School,22280,7,80 - 85,16,27,41,17,58,42,2563,80 , 85,0,58,0,22280,0,0,0
2015,sch,rea,Regular,Jaffrey-Rindge Cooperative,274,Jaffrey-Rindge Middle School,22280,8,85 - 90,12,30,47,10,57,43,2578,85 , 90,0,57,0,22280,0,0,0
2015,sch,sci,Regular,Jaffrey-Rindge Cooperative,274,Jaffrey-Rindge Middle School,22280,0,100 - 105,22,59,19,<10,19,81,NULL,100 , 105,0,19,0,22280,0,0,0
2015,sch,sci,Regular,Jaffrey-Rindge Cooperative,274,Jaffrey-Rindge Middle School,22280,8,100 - 105,22,59,19,<10,19,81,NULL,100 , 105,0,19,0,22280,0,0,0
2015,sch,mat,Regular,Jaffrey-Rindge Cooperative,274,Rindge Memorial School,22320,0,135 - 140,10,36,39,16,54,46,NULL,135 , 140,137.5,54,7425,22320,137.5,7425,54
2015,sch,mat,Regular,Jaffrey-Rindge Cooperative,274,Rindge Memorial School,22320,3,45 - 50,<10,39,53,<10,59,41,2445,45 , 50,0,59,0,22320,0,0,0
2015,sch,mat,Regular,Jaffrey-Rindge Cooperative,274,Rindge Memorial School,22320,4,40 - 45,10,26,40,24,64,36,2509,40 , 45,0,64,0,22320,0,0,0
2015,sch,mat,Regular,Jaffrey-Rindge Cooperative,274,Rindge Memorial School,22320,5,40 - 45,20,41,20,18,39,61,2519,40 , 45,0,39,0,22320,0,0,0
2015,sch,rea,Regular,Jaffrey-Rindge Cooperative,274,Rindge Memorial School,22320,0,135 - 140,<10,19,40,32,73,27,NULL,135 , 140,0,73,0,22320,0,0,0
2015,sch,rea,Regular,Jaffrey-Rindge Cooperative,274,Rindge Memorial School,22320,3,50 - 55,<10,22,42,30,72,28,2458,50 , 55,0,72,0,22320,0,0,0
2015,sch,rea,Regular,Jaffrey-Rindge Cooperative,274,Rindge Memorial School,22320,4,40 - 45,<10,12,40,43,83,17,2525,40 , 45,0,83,0,22320,0,0,0
2015,sch,rea,Regular,Jaffrey-Rindge Cooperative,274,Rindge Memorial School,22320,5,40 - 45,14,23,39,25,64,36,2529,40 , 45,0,64,0,22320,0,0,0
2015,sch,sci,Regular,Jaffrey-Rindge Cooperative,274,Rindge Memorial School,22320,0,45 - 50,<10,30,65,<10,67,33,NULL,45 , 50,0,67,0,22320,0,0,0
2015,sch,sci,Regular,Jaffrey-Rindge Cooperative,274,Rindge Memorial School,22320,4,45 - 50,<10,30,65,<10,67,33,NULL,45 , 50,0,67,0,22320,0,0,0
2015,sch,mat,Regular,John Stark Regional,275,John Stark Regional High School,26380,0,175 - 180,29,34,32,<10,37,63,NULL,175 , 180,177.5,37,6567.5,26380,177.5,6567.5,37
2015,sch,mat,Regular,John Stark Regional,275,John Stark Regional High School,26380,11,175 - 180,29,34,32,<10,37,63,2589,175 , 180,0,37,0,26380,0,0,0
2015,sch,rea,Regular,John Stark Regional,275,John Stark Regional High School,26380,0,175 - 180,<10,14,45,36,81,19,NULL,175 , 180,0,81,0,26380,0,0,0
2015,sch,rea,Regular,John Stark Regional,275,John Stark Regional High School,26380,11,175 - 180,<10,14,45,36,81,19,2644,175 , 180,0,81,0,26380,0,0,0
2015,sch,sci,Regular,John Stark Regional,275,John Stark Regional High School,26380,0,170 - 175,13,43,44,<10,44,56,NULL,170 , 175,0,44,0,26380,0,0,0
2015,sch,sci,Regular,John Stark Regional,275,John Stark Regional High School,26380,11,170 - 175,13,43,44,<10,44,56,NULL,170 , 175,0,44,0,26380,0,0,0
2015,sch,mat,Regular,Kearsarge Regional,276,Kearsarge Reg. Elem. School at New London,21980,0,165 - 170,<10,21,36,40,75,25,NULL,165 , 170,167.5,75,12562.5,21980,167.5,12562.5,75
2015,sch,mat,Regular,Kearsarge Regional,276,Kearsarge Reg. Elem. School at New London,21980,3,45 - 50,<10,15,38,46,83,17,2497,45 , 50,0,83,0,21980,0,0,0
2015,sch,mat,Regular,Kearsarge Regional,276,Kearsarge Reg. Elem. School at New London,21980,4,55 - 60,<10,21,39,37,75,25,2532,55 , 60,0,75,0,21980,0,0,0
2015,sch,mat,Regular,Kearsarge Regional,276,Kearsarge Reg. Elem. School at New London,21980,5,60 - 65,<10,26,32,37,69,31,2559,60 , 65,0,69,0,21980,0,0,0
2015,sch,rea,Regular,Kearsarge Regional,276,Kearsarge Reg. Elem. School at New London,21980,0,165 - 170,<10,13,32,47,79,21,NULL,165 , 170,0,79,0,21980,0,0,0
2015,sch,rea,Regular,Kearsarge Regional,276,Kearsarge Reg. Elem. School at New London,21980,3,45 - 50,10,13,33,44,77,23,2472,45 , 50,0,77,0,21980,0,0,0
2015,sch,rea,Regular,Kearsarge Regional,276,Kearsarge Reg. Elem. School at New London,21980,4,55 - 60,<10,14,25,53,77,23,2526,55 , 60,0,77,0,21980,0,0,0
2015,sch,rea,Regular,Kearsarge Regional,276,Kearsarge Reg. Elem. School at New London,21980,5,60 - 65,<10,11,39,44,82,18,2570,60 , 65,0,82,0,21980,0,0,0
2015,sch,sci,Regular,Kearsarge Regional,276,Kearsarge Reg. Elem. School at New London,21980,0,55 - 60,<10,32,65,<10,65,35,NULL,55 , 60,0,65,0,21980,0,0,0
2015,sch,sci,Regular,Kearsarge Regional,276,Kearsarge Reg. Elem. School at New London,21980,4,55 - 60,<10,32,65,<10,65,35,NULL,55 , 60,0,65,0,21980,0,0,0
2015,sch,mat,Regular,Kearsarge Regional,276,Kearsarge Reg. Elementary School - Bradford,26530,0,95 - 100,13,31,35,20,56,44,NULL,95 , 100,97.5,56,5460,26530,97.5,5460,56
2015,sch,mat,Regular,Kearsarge Regional,276,Kearsarge Reg. Elementary School - Bradford,26530,3,30 - 35,<10,27,45,24,70,30,2468,30 , 35,0,70,0,26530,0,0,0
2015,sch,mat,Regular,Kearsarge Regional,276,Kearsarge Reg. Elementary School - Bradford,26530,4,35 - 40,16,32,39,13,53,47,2491,35 , 40,0,53,0,26530,0,0,0
2015,sch,mat,Regular,Kearsarge Regional,276,Kearsarge Reg. Elementary School - Bradford,26530,5,25 - 30,21,36,18,25,43,57,2522,25 , 30,0,43,0,26530,0,0,0
2015,sch,rea,Regular,Kearsarge Regional,276,Kearsarge Reg. Elementary School - Bradford,26530,0,95 - 100,10,21,36,32,69,31,NULL,95 , 100,0,69,0,26530,0,0,0
2015,sch,rea,Regular,Kearsarge Regional,276,Kearsarge Reg. Elementary School - Bradford,26530,3,30 - 35,<10,21,42,27,70,30,2446,30 , 35,0,70,0,26530,0,0,0
2015,sch,rea,Regular,Kearsarge Regional,276,Kearsarge Reg. Elementary School - Bradford,26530,4,35 - 40,11,18,34,37,71,29,2513,35 , 40,0,71,0,26530,0,0,0
2015,sch,rea,Regular,Kearsarge Regional,276,Kearsarge Reg. Elementary School - Bradford,26530,5,25 - 30,11,25,32,32,64,36,2530,25 , 30,0,64,0,26530,0,0,0
2015,sch,sci,Regular,Kearsarge Regional,276,Kearsarge Reg. Elementary School - Bradford,26530,0,40 - 45,<10,53,40,<10,40,60,NULL,40 , 45,0,40,0,26530,0,0,0
2015,sch,sci,Regular,Kearsarge Regional,276,Kearsarge Reg. Elementary School - Bradford,26530,4,40 - 45,<10,53,40,<10,40,60,NULL,40 , 45,0,40,0,26530,0,0,0
2015,sch,mat,Regular,Kearsarge Regional,276,Kearsarge Regional High School,22015,0,125 - 130,35,26,20,19,39,61,NULL,125 , 130,127.5,39,4972.5,22015,127.5,4972.5,39
2015,sch,mat,Regular,Kearsarge Regional,276,Kearsarge Regional High School,22015,11,125 - 130,35,26,20,19,39,61,2588,125 , 130,0,39,0,22015,0,0,0
2015,sch,rea,Regular,Kearsarge Regional,276,Kearsarge Regional High School,22015,0,130 - 135,20,18,32,30,62,38,NULL,130 , 135,0,62,0,22015,0,0,0
2015,sch,rea,Regular,Kearsarge Regional,276,Kearsarge Regional High School,22015,11,130 - 135,20,18,32,30,62,38,2605,130 , 135,0,62,0,22015,0,0,0
2015,sch,sci,Regular,Kearsarge Regional,276,Kearsarge Regional High School,22015,0,135 - 140,34,31,33,<10,35,65,NULL,135 , 140,0,35,0,22015,0,0,0
2015,sch,sci,Regular,Kearsarge Regional,276,Kearsarge Regional High School,22015,11,135 - 140,34,31,33,<10,35,65,NULL,135 , 140,0,35,0,22015,0,0,0
2015,sch,mat,Regular,Kearsarge Regional,276,Kearsarge Regional Middle School,26535,0,415 - 420,23,30,28,19,48,52,NULL,415 , 420,417.5,48,20040,26535,417.5,20040,48
2015,sch,mat,Regular,Kearsarge Regional,276,Kearsarge Regional Middle School,26535,6,125 - 130,29,37,19,14,33,67,2519,125 , 130,0,33,0,26535,0,0,0
2015,sch,mat,Regular,Kearsarge Regional,276,Kearsarge Regional Middle School,26535,7,140 - 145,16,28,40,16,56,44,2562,140 , 145,0,56,0,26535,0,0,0
2015,sch,mat,Regular,Kearsarge Regional,276,Kearsarge Regional Middle School,26535,8,145 - 150,23,25,25,27,52,48,2580,145 , 150,0,52,0,26535,0,0,0
2015,sch,rea,Regular,Kearsarge Regional,276,Kearsarge Regional Middle School,26535,0,415 - 420,<10,19,46,26,72,28,NULL,415 , 420,0,72,0,26535,0,0,0
2015,sch,rea,Regular,Kearsarge Regional,276,Kearsarge Regional Middle School,26535,6,125 - 130,<10,26,46,19,65,35,2557,125 , 130,0,65,0,26535,0,0,0
2015,sch,rea,Regular,Kearsarge Regional,276,Kearsarge Regional Middle School,26535,7,140 - 145,<10,16,47,29,76,24,2600,140 , 145,0,76,0,26535,0,0,0
2015,sch,rea,Regular,Kearsarge Regional,276,Kearsarge Regional Middle School,26535,8,145 - 150,12,14,45,29,74,26,2612,145 , 150,0,74,0,26535,0,0,0
2015,sch,sci,Regular,Kearsarge Regional,276,Kearsarge Regional Middle School,26535,0,145 - 150,22,53,25,<10,25,75,NULL,145 , 150,0,25,0,26535,0,0,0
2015,sch,sci,Regular,Kearsarge Regional,276,Kearsarge Regional Middle School,26535,8,145 - 150,22,53,25,<10,25,75,NULL,145 , 150,0,25,0,26535,0,0,0
2015,sch,mat,Regular,Kearsarge Regional,276,Simonds Elementary School,22020,0,75 - 80,14,37,33,15,49,51,NULL,75 , 80,77.5,49,3797.5,22020,77.5,3797.5,49
2015,sch,mat,Regular,Kearsarge Regional,276,Simonds Elementary School,22020,3,25 - 30,<10,25,50,21,71,29,2467,25 , 30,0,71,0,22020,0,0,0
2015,sch,mat,Regular,Kearsarge Regional,276,Simonds Elementary School,22020,4,20 - 25,<10,57,22,13,35,65,2482,20 , 25,0,35,0,22020,0,0,0
2015,sch,mat,Regular,Kearsarge Regional,276,Simonds Elementary School,22020,5,25 - 30,30,33,26,11,37,63,2488,25 , 30,0,37,0,22020,0,0,0
2015,sch,rea,Regular,Kearsarge Regional,276,Simonds Elementary School,22020,0,75 - 80,14,23,35,28,63,37,NULL,75 , 80,0,63,0,22020,0,0,0
2015,sch,rea,Regular,Kearsarge Regional,276,Simonds Elementary School,22020,3,25 - 30,<10,29,29,39,68,32,2465,25 , 30,0,68,0,22020,0,0,0
2015,sch,rea,Regular,Kearsarge Regional,276,Simonds Elementary School,22020,4,20 - 25,17,22,39,22,61,39,2488,20 , 25,0,61,0,22020,0,0,0
2015,sch,rea,Regular,Kearsarge Regional,276,Simonds Elementary School,22020,5,25 - 30,22,19,37,22,59,41,2515,25 , 30,0,59,0,22020,0,0,0
2015,sch,sci,Regular,Kearsarge Regional,276,Simonds Elementary School,22020,0,20 - 25,<10,30,70,<10,70,30,NULL,20 , 25,0,70,0,22020,0,0,0
2015,sch,sci,Regular,Kearsarge Regional,276,Simonds Elementary School,22020,4,20 - 25,<10,30,70,<10,70,30,NULL,20 , 25,0,70,0,22020,0,0,0
2015,sch,mat,Regular,Kearsarge Regional,276,Sutton Central Elementary School,22010,0,45 - 50,13,39,30,17,48,52,NULL,45 , 50,47.5,48,2280,22010,47.5,2280,48
2015,sch,mat,Regular,Kearsarge Regional,276,Sutton Central Elementary School,22010,3,10 - 15,<10,36,36,21,57,43,2460,10 , 15,0,57,0,22010,0,0,0
2015,sch,mat,Regular,Kearsarge Regional,276,Sutton Central Elementary School,22010,4,10 - 15,<10,36,55,<10,64,36,2501,10 , 15,0,64,0,22010,0,0,0
2015,sch,mat,Regular,Kearsarge Regional,276,Sutton Central Elementary School,22010,5,20 - 25,24,43,14,19,33,67,2512,20 , 25,0,33,0,22010,0,0,0
2015,sch,rea,Regular,Kearsarge Regional,276,Sutton Central Elementary School,22010,0,45 - 50,11,17,50,22,72,28,NULL,45 , 50,0,72,0,22010,0,0,0
2015,sch,rea,Regular,Kearsarge Regional,276,Sutton Central Elementary School,22010,3,10 - 15,<10,14,57,21,79,21,2457,10 , 15,0,79,0,22010,0,0,0
2015,sch,rea,Regular,Kearsarge Regional,276,Sutton Central Elementary School,22010,4,10 - 15,<10,18,55,18,73,27,2494,10 , 15,0,73,0,22010,0,0,0
2015,sch,rea,Regular,Kearsarge Regional,276,Sutton Central Elementary School,22010,5,20 - 25,14,19,43,24,67,33,2531,20 , 25,0,67,0,22010,0,0,0
2015,sch,sci,Regular,Kearsarge Regional,276,Sutton Central Elementary School,22010,0,10 - 15,<10,55,36,<10,36,64,NULL,10 , 15,0,36,0,22010,0,0,0
2015,sch,sci,Regular,Kearsarge Regional,276,Sutton Central Elementary School,22010,4,10 - 15,<10,55,36,<10,36,64,NULL,10 , 15,0,36,0,22010,0,0,0
2015,sch,mat,Regular,Keene,279,Franklin Elementary School,21190,0,85 - 90,34,28,30,<10,38,63,NULL,85 , 90,87.5,38,3325,21190,87.5,3325,38
2015,sch,mat,Regular,Keene,279,Franklin Elementary School,21190,3,25 - 30,18,36,43,<10,46,54,2425,25 , 30,0,46,0,21190,0,0,0
2015,sch,mat,Regular,Keene,279,Franklin Elementary School,21190,4,30 - 35,50,20,27,<10,30,70,2421,30 , 35,0,30,0,21190,0,0,0
2015,sch,mat,Regular,Keene,279,Franklin Elementary School,21190,5,30 - 35,33,30,20,17,37,63,2494,30 , 35,0,37,0,21190,0,0,0
2015,sch,rea,Regular,Keene,279,Franklin Elementary School,21190,0,85 - 90,33,27,15,25,40,60,NULL,85 , 90,0,40,0,21190,0,0,0
2015,sch,rea,Regular,Keene,279,Franklin Elementary School,21190,3,25 - 30,25,39,18,18,36,64,2424,25 , 30,0,36,0,21190,0,0,0
2015,sch,rea,Regular,Keene,279,Franklin Elementary School,21190,4,30 - 35,43,20,10,27,37,63,2445,30 , 35,0,37,0,21190,0,0,0
2015,sch,rea,Regular,Keene,279,Franklin Elementary School,21190,5,30 - 35,30,23,17,30,47,53,2509,30 , 35,0,47,0,21190,0,0,0
2015,sch,sci,Regular,Keene,279,Franklin Elementary School,21190,0,30 - 35,10,50,40,<10,40,60,NULL,30 , 35,0,40,0,21190,0,0,0
2015,sch,sci,Regular,Keene,279,Franklin Elementary School,21190,4,30 - 35,10,50,40,<10,40,60,NULL,30 , 35,0,40,0,21190,0,0,0
2015,sch,mat,Regular,Keene,279,Fuller Elementary School,21165,0,150 - 155,16,35,28,21,49,51,NULL,150 , 155,152.5,49,7472.5,21165,152.5,7472.5,49
2015,sch,mat,Regular,Keene,279,Fuller Elementary School,21165,3,55 - 60,12,28,31,29,60,40,2458,55 , 60,0,60,0,21165,0,0,0
2015,sch,mat,Regular,Keene,279,Fuller Elementary School,21165,4,40 - 45,<10,39,36,23,59,41,2504,40 , 45,0,59,0,21165,0,0,0
2015,sch,mat,Regular,Keene,279,Fuller Elementary School,21165,5,50 - 55,31,41,18,10,27,73,2486,50 , 55,0,27,0,21165,0,0,0
2015,sch,rea,Regular,Keene,279,Fuller Elementary School,21165,0,150 - 155,14,23,31,32,63,37,NULL,150 , 155,0,63,0,21165,0,0,0
2015,sch,rea,Regular,Keene,279,Fuller Elementary School,21165,3,55 - 60,16,25,25,35,60,40,2453,55 , 60,0,60,0,21165,0,0,0
2015,sch,rea,Regular,Keene,279,Fuller Elementary School,21165,4,40 - 45,<10,14,42,44,86,14,2529,40 , 45,0,86,0,21165,0,0,0
2015,sch,rea,Regular,Keene,279,Fuller Elementary School,21165,5,50 - 55,24,29,29,18,47,53,2498,50 , 55,0,47,0,21165,0,0,0
2015,sch,sci,Regular,Keene,279,Fuller Elementary School,21165,0,40 - 45,<10,32,66,<10,66,34,NULL,40 , 45,0,66,0,21165,0,0,0
2015,sch,sci,Regular,Keene,279,Fuller Elementary School,21165,4,40 - 45,<10,32,66,<10,66,34,NULL,40 , 45,0,66,0,21165,0,0,0
2015,sch,mat,Regular,Keene,279,Jonathan M. Daniels School,21160,0,80 - 85,<10,24,28,40,68,33,NULL,80 , 85,82.5,68,5610,0,0,0,0
2015,sch,mat,Regular,Keene,279,Jonathan M. Daniels School,21160,3,20 - 25,13,13,29,46,75,25,2473,20 , 25,0,75,0,0,0,0,0
2015,sch,mat,Regular,Keene,279,Jonathan M. Daniels School,21160,4,30 - 35,13,39,23,26,48,52,2488,30 , 35,0,48,0,0,0,0,0
2015,sch,mat,Regular,Keene,279,Jonathan M. Daniels School,21160,5,25 - 30,<10,16,32,52,84,16,2579,25 , 30,0,84,0,0,0,0,0
2015,sch,rea,Regular,Keene,279,Jonathan M. Daniels School,21160,0,80 - 85,<10,20,28,45,73,28,NULL,80 , 85,0,73,0,0,0,0,0
2015,sch,rea,Regular,Keene,279,Jonathan M. Daniels School,21160,3,20 - 25,<10,<10,25,58,83,17,2485,20 , 25,0,83,0,0,0,0,0
2015,sch,rea,Regular,Keene,279,Jonathan M. Daniels School,21160,4,30 - 35,10,42,19,29,48,52,2487,30 , 35,0,48,0,0,0,0,0
2015,sch,rea,Regular,Keene,279,Jonathan M. Daniels School,21160,5,25 - 30,<10,<10,40,52,>90,<10,2576,25 , 30,0,90,0,0,0,0,0
2015,sch,sci,Regular,Keene,279,Jonathan M. Daniels School,21160,0,30 - 35,10,39,48,<10,52,48,NULL,30 , 35,0,52,0,0,0,0,0
2015,sch,sci,Regular,Keene,279,Jonathan M. Daniels School,21160,4,30 - 35,10,39,48,<10,52,48,NULL,30 , 35,0,52,0,0,0,0,0
2015,sch,mat,Regular,Keene,279,Keene High School,21195,0,310 - 315,46,29,18,<10,25,75,NULL,310 , 315,312.5,25,7812.5,21195,312.5,7812.5,25
2015,sch,mat,Regular,Keene,279,Keene High School,21195,11,310 - 315,46,29,18,<10,25,75,2548,310 , 315,0,25,0,21195,0,0,0
2015,sch,rea,Regular,Keene,279,Keene High School,21195,0,310 - 315,24,28,34,14,48,52,NULL,310 , 315,0,48,0,21195,0,0,0
2015,sch,rea,Regular,Keene,279,Keene High School,21195,11,310 - 315,24,28,34,14,48,52,2568,310 , 315,0,48,0,21195,0,0,0
2015,sch,sci,Regular,Keene,279,Keene High School,21195,0,305 - 310,29,41,29,<10,30,70,NULL,305 , 310,0,30,0,21195,0,0,0
2015,sch,sci,Regular,Keene,279,Keene High School,21195,11,305 - 310,29,41,29,<10,30,70,NULL,305 , 310,0,30,0,21195,0,0,0
2015,sch,mat,Regular,Keene,279,Keene Middle School,21185,0,650 - 655,26,31,24,19,43,57,NULL,650 , 655,652.5,43,28057.5,21185,652.5,28057.5,43
2015,sch,mat,Regular,Keene,279,Keene Middle School,21185,6,205 - 210,25,36,22,17,40,60,2525,205 , 210,0,40,0,21185,0,0,0
2015,sch,mat,Regular,Keene,279,Keene Middle School,21185,7,230 - 235,20,30,31,19,50,50,2559,230 , 235,0,50,0,21185,0,0,0
2015,sch,mat,Regular,Keene,279,Keene Middle School,21185,8,215 - 220,33,29,19,19,38,62,2548,215 , 220,0,38,0,21185,0,0,0
2015,sch,rea,Regular,Keene,279,Keene Middle School,21185,0,650 - 655,18,27,38,17,55,45,NULL,650 , 655,0,55,0,21185,0,0,0
2015,sch,rea,Regular,Keene,279,Keene Middle School,21185,6,205 - 210,18,27,38,18,56,44,2540,205 , 210,0,56,0,21185,0,0,0
2015,sch,rea,Regular,Keene,279,Keene Middle School,21185,7,225 - 230,18,26,41,16,57,43,2558,225 , 230,0,57,0,21185,0,0,0
2015,sch,rea,Regular,Keene,279,Keene Middle School,21185,8,215 - 220,20,28,35,16,52,48,2573,215 , 220,0,52,0,21185,0,0,0
2015,sch,sci,Regular,Keene,279,Keene Middle School,21185,0,215 - 220,24,52,23,<10,24,76,NULL,215 , 220,0,24,0,21185,0,0,0
2015,sch,sci,Regular,Keene,279,Keene Middle School,21185,8,215 - 220,24,52,23,<10,24,76,NULL,215 , 220,0,24,0,21185,0,0,0
2015,sch,mat,Regular,Keene,279,Symonds Elementary School,21170,0,155 - 160,<10,29,38,28,66,34,NULL,155 , 160,157.5,66,10395,21170,157.5,10395,66
2015,sch,mat,Regular,Keene,279,Symonds Elementary School,21170,3,45 - 50,<10,27,47,22,69,31,2468,45 , 50,0,69,0,21170,0,0,0
2015,sch,mat,Regular,Keene,279,Symonds Elementary School,21170,4,50 - 55,<10,19,48,26,75,25,2513,50 , 55,0,75,0,21170,0,0,0
2015,sch,mat,Regular,Keene,279,Symonds Elementary School,21170,5,60 - 65,<10,40,22,33,55,45,2547,60 , 65,0,55,0,21170,0,0,0
2015,sch,rea,Regular,Keene,279,Symonds Elementary School,21170,0,155 - 160,<10,19,38,35,73,27,NULL,155 , 160,0,73,0,21170,0,0,0
2015,sch,rea,Regular,Keene,279,Symonds Elementary School,21170,3,45 - 50,13,20,31,36,67,33,2451,45 , 50,0,67,0,21170,0,0,0
2015,sch,rea,Regular,Keene,279,Symonds Elementary School,21170,4,50 - 55,<10,21,29,42,71,29,2520,50 , 55,0,71,0,21170,0,0,0
2015,sch,rea,Regular,Keene,279,Symonds Elementary School,21170,5,60 - 65,<10,17,52,28,80,20,2553,60 , 65,0,80,0,21170,0,0,0
2015,sch,sci,Regular,Keene,279,Symonds Elementary School,21170,0,50 - 55,<10,25,70,<10,74,26,NULL,50 , 55,0,74,0,21170,0,0,0
2015,sch,sci,Regular,Keene,279,Symonds Elementary School,21170,4,50 - 55,<10,25,70,<10,74,26,NULL,50 , 55,0,74,0,21170,0,0,0
2015,sch,mat,Regular,Keene,279,Wheelock Elementary School,21200,0,70 - 75,10,25,32,34,66,34,NULL,70 , 75,72.5,66,4785,21200,72.5,4785,66
2015,sch,mat,Regular,Keene,279,Wheelock Elementary School,21200,3,25 - 30,14,18,36,32,68,32,2455,25 , 30,0,68,0,21200,0,0,0
2015,sch,mat,Regular,Keene,279,Wheelock Elementary School,21200,4,20 - 25,10,20,30,40,70,30,2516,20 , 25,0,70,0,21200,0,0,0
2015,sch,mat,Regular,Keene,279,Wheelock Elementary School,21200,5,25 - 30,<10,36,28,32,60,40,2548,25 , 30,0,60,0,21200,0,0,0
2015,sch,rea,Regular,Keene,279,Wheelock Elementary School,21200,0,70 - 75,19,18,30,33,63,37,NULL,70 , 75,0,63,0,21200,0,0,0
2015,sch,rea,Regular,Keene,279,Wheelock Elementary School,21200,3,25 - 30,18,29,21,32,54,46,2441,25 , 30,0,54,0,21200,0,0,0
2015,sch,rea,Regular,Keene,279,Wheelock Elementary School,21200,4,20 - 25,20,<10,15,60,75,25,2521,20 , 25,0,75,0,21200,0,0,0
2015,sch,rea,Regular,Keene,279,Wheelock Elementary School,21200,5,25 - 30,20,16,52,12,64,36,2520,25 , 30,0,64,0,21200,0,0,0
2015,sch,sci,Regular,Keene,279,Wheelock Elementary School,21200,0,20 - 25,<10,25,65,<10,70,30,NULL,20 , 25,0,70,0,21200,0,0,0
2015,sch,sci,Regular,Keene,279,Wheelock Elementary School,21200,4,20 - 25,<10,25,65,<10,70,30,NULL,20 , 25,0,70,0,21200,0,0,0
2015,sch,mat,Regular,Kensington,281,Kensington Elementary School,20605,0,70 - 75,14,32,34,20,54,46,NULL,70 , 75,72.5,54,3915,20605,72.5,3915,54
2015,sch,mat,Regular,Kensington,281,Kensington Elementary School,20605,3,20 - 25,23,14,41,23,64,36,2448,20 , 25,0,64,0,20605,0,0,0
2015,sch,mat,Regular,Kensington,281,Kensington Elementary School,20605,4,25 - 30,<10,44,37,11,48,52,2488,25 , 30,0,48,0,20605,0,0,0
2015,sch,mat,Regular,Kensington,281,Kensington Elementary School,20605,5,25 - 30,12,36,24,28,52,48,2529,25 , 30,0,52,0,20605,0,0,0
2015,sch,rea,Regular,Kensington,281,Kensington Elementary School,20605,0,70 - 75,11,20,38,31,69,31,NULL,70 , 75,0,69,0,20605,0,0,0
2015,sch,rea,Regular,Kensington,281,Kensington Elementary School,20605,3,20 - 25,<10,27,32,36,68,32,2469,20 , 25,0,68,0,20605,0,0,0
2015,sch,rea,Regular,Kensington,281,Kensington Elementary School,20605,4,25 - 30,<10,19,48,30,78,22,2510,25 , 30,0,78,0,20605,0,0,0
2015,sch,rea,Regular,Kensington,281,Kensington Elementary School,20605,5,25 - 30,24,16,32,28,60,40,2527,25 , 30,0,60,0,20605,0,0,0
2015,sch,sci,Regular,Kensington,281,Kensington Elementary School,20605,0,25 - 30,<10,48,52,<10,52,48,NULL,25 , 30,0,52,0,20605,0,0,0
2015,sch,sci,Regular,Kensington,281,Kensington Elementary School,20605,4,25 - 30,<10,48,52,<10,52,48,NULL,25 , 30,0,52,0,20605,0,0,0
2015,sch,mat,Regular,Laconia,285,Elm Street School,21290,0,150 - 155,38,34,17,11,28,72,NULL,150 , 155,152.5,28,4270,21290,152.5,4270,28
2015,sch,mat,Regular,Laconia,285,Elm Street School,21290,3,50 - 55,52,29,15,<10,19,81,2392,50 , 55,0,19,0,21290,0,0,0
2015,sch,mat,Regular,Laconia,285,Elm Street School,21290,4,50 - 55,28,45,17,<10,26,74,2450,50 , 55,0,26,0,21290,0,0,0
2015,sch,mat,Regular,Laconia,285,Elm Street School,21290,5,45 - 50,34,28,19,19,38,62,2497,45 , 50,0,38,0,21290,0,0,0
2015,sch,rea,Regular,Laconia,285,Elm Street School,21290,0,150 - 155,33,28,25,15,39,61,NULL,150 , 155,0,39,0,21290,0,0,0
2015,sch,rea,Regular,Laconia,285,Elm Street School,21290,3,50 - 55,44,24,18,14,32,68,2397,50 , 55,0,32,0,21290,0,0,0
2015,sch,rea,Regular,Laconia,285,Elm Street School,21290,4,50 - 55,36,30,19,15,34,66,2440,50 , 55,0,34,0,21290,0,0,0
2015,sch,rea,Regular,Laconia,285,Elm Street School,21290,5,45 - 50,19,29,38,15,52,48,2508,45 , 50,0,52,0,21290,0,0,0
2015,sch,sci,Regular,Laconia,285,Elm Street School,21290,0,50 - 55,13,50,35,<10,37,63,NULL,50 , 55,0,37,0,21290,0,0,0
2015,sch,sci,Regular,Laconia,285,Elm Street School,21290,4,50 - 55,13,50,35,<10,37,63,NULL,50 , 55,0,37,0,21290,0,0,0
2015,sch,mat,Regular,Laconia,285,Laconia High School,21255,0,130 - 135,50,19,19,12,31,69,NULL,130 , 135,132.5,31,4107.5,21255,132.5,4107.5,31
2015,sch,mat,Regular,Laconia,285,Laconia High School,21255,11,130 - 135,50,19,19,12,31,69,2558,130 , 135,0,31,0,21255,0,0,0
2015,sch,rea,Regular,Laconia,285,Laconia High School,21255,0,130 - 135,20,20,37,22,60,40,NULL,130 , 135,0,60,0,21255,0,0,0
2015,sch,rea,Regular,Laconia,285,Laconia High School,21255,11,130 - 135,20,20,37,22,60,40,2594,130 , 135,0,60,0,21255,0,0,0
2015,sch,sci,Regular,Laconia,285,Laconia High School,21255,0,135 - 140,34,41,25,<10,25,75,NULL,135 , 140,0,25,0,21255,0,0,0
2015,sch,sci,Regular,Laconia,285,Laconia High School,21255,11,135 - 140,34,41,25,<10,25,75,NULL,135 , 140,0,25,0,21255,0,0,0
2015,sch,mat,Regular,Laconia,285,Laconia Middle School,21275,0,400 - 405,30,36,25,<10,34,66,NULL,400 , 405,402.5,34,13685,21275,402.5,13685,34
2015,sch,mat,Regular,Laconia,285,Laconia Middle School,21275,6,130 - 135,23,43,25,<10,34,66,2520,130 , 135,0,34,0,21275,0,0,0
2015,sch,mat,Regular,Laconia,285,Laconia Middle School,21275,7,135 - 140,36,29,29,<10,35,65,2518,135 , 140,0,35,0,21275,0,0,0
2015,sch,mat,Regular,Laconia,285,Laconia Middle School,21275,8,130 - 135,30,37,20,13,33,67,2550,130 , 135,0,33,0,21275,0,0,0
2015,sch,rea,Regular,Laconia,285,Laconia Middle School,21275,0,395 - 400,21,34,36,<10,45,55,NULL,395 , 400,0,45,0,21275,0,0,0
2015,sch,rea,Regular,Laconia,285,Laconia Middle School,21275,6,130 - 135,25,32,38,<10,43,57,2509,130 , 135,0,43,0,21275,0,0,0
2015,sch,rea,Regular,Laconia,285,Laconia Middle School,21275,7,135 - 140,28,28,34,10,44,56,2538,135 , 140,0,44,0,21275,0,0,0
2015,sch,rea,Regular,Laconia,285,Laconia Middle School,21275,8,130 - 135,<10,43,37,12,49,51,2570,130 , 135,0,49,0,21275,0,0,0
2015,sch,sci,Regular,Laconia,285,Laconia Middle School,21275,0,135 - 140,24,59,17,<10,17,83,NULL,135 , 140,0,17,0,21275,0,0,0
2015,sch,sci,Regular,Laconia,285,Laconia Middle School,21275,8,135 - 140,24,59,17,<10,17,83,NULL,135 , 140,0,17,0,21275,0,0,0
2015,sch,mat,Regular,Laconia,285,Pleasant Street School,21260,0,105 - 110,30,37,18,14,32,68,NULL,105 , 110,107.5,32,3440,21260,107.5,3440,32
2015,sch,mat,Regular,Laconia,285,Pleasant Street School,21260,3,35 - 40,19,43,22,16,38,62,2424,35 , 40,0,38,0,21260,0,0,0
2015,sch,mat,Regular,Laconia,285,Pleasant Street School,21260,4,25 - 30,38,31,21,10,31,69,2436,25 , 30,0,31,0,21260,0,0,0
2015,sch,mat,Regular,Laconia,285,Pleasant Street School,21260,5,35 - 40,36,36,13,15,28,72,2492,35 , 40,0,28,0,21260,0,0,0
2015,sch,rea,Regular,Laconia,285,Pleasant Street School,21260,0,100 - 105,30,20,29,21,50,50,NULL,100 , 105,0,50,0,21260,0,0,0
2015,sch,rea,Regular,Laconia,285,Pleasant Street School,21260,3,35 - 40,16,24,32,27,59,41,2445,35 , 40,0,59,0,21260,0,0,0
2015,sch,rea,Regular,Laconia,285,Pleasant Street School,21260,4,25 - 30,45,14,21,21,41,59,2451,25 , 30,0,41,0,21260,0,0,0
2015,sch,rea,Regular,Laconia,285,Pleasant Street School,21260,5,35 - 40,32,21,32,16,47,53,2496,35 , 40,0,47,0,21260,0,0,0
2015,sch,sci,Regular,Laconia,285,Pleasant Street School,21260,0,25 - 30,28,38,34,<10,34,66,NULL,25 , 30,0,34,0,21260,0,0,0
2015,sch,sci,Regular,Laconia,285,Pleasant Street School,21260,4,25 - 30,28,38,34,<10,34,66,NULL,25 , 30,0,34,0,21260,0,0,0
2015,sch,mat,Regular,Laconia,285,Woodland Heights Elementary School,21285,0,155 - 160,41,35,16,<10,25,75,NULL,155 , 160,157.5,25,3937.5,21285,157.5,3937.5,25
2015,sch,mat,Regular,Laconia,285,Woodland Heights Elementary School,21285,3,50 - 55,49,19,23,<10,32,68,2399,50 , 55,0,32,0,21285,0,0,0
2015,sch,mat,Regular,Laconia,285,Woodland Heights Elementary School,21285,4,50 - 55,42,46,10,<10,12,88,2406,50 , 55,0,12,0,21285,0,0,0
2015,sch,mat,Regular,Laconia,285,Woodland Heights Elementary School,21285,5,50 - 55,30,40,16,14,30,70,2485,50 , 55,0,30,0,21285,0,0,0
2015,sch,rea,Regular,Laconia,285,Woodland Heights Elementary School,21285,0,155 - 160,34,28,23,15,38,62,NULL,155 , 160,0,38,0,21285,0,0,0
2015,sch,rea,Regular,Laconia,285,Woodland Heights Elementary School,21285,3,50 - 55,32,34,21,13,34,66,2395,50 , 55,0,34,0,21285,0,0,0
2015,sch,rea,Regular,Laconia,285,Woodland Heights Elementary School,21285,4,50 - 55,48,19,17,15,33,67,2413,50 , 55,0,33,0,21285,0,0,0
2015,sch,rea,Regular,Laconia,285,Woodland Heights Elementary School,21285,5,50 - 55,22,30,32,16,48,52,2499,50 , 55,0,48,0,21285,0,0,0
2015,sch,sci,Regular,Laconia,285,Woodland Heights Elementary School,21285,0,50 - 55,33,33,33,<10,35,65,NULL,50 , 55,0,35,0,21285,0,0,0
2015,sch,sci,Regular,Laconia,285,Woodland Heights Elementary School,21285,4,50 - 55,33,33,33,<10,35,65,NULL,50 , 55,0,35,0,21285,0,0,0
2015,sch,mat,Regular,Lafayette Regional,288,Lafayette Regional School,21405,0,65 - 70,14,29,23,34,57,43,NULL,65 , 70,67.5,57,3847.5,21405,67.5,3847.5,57
2015,sch,mat,Regular,Lafayette Regional,288,Lafayette Regional School,21405,3,15 - 20,16,32,37,16,53,47,2432,15 , 20,0,53,0,21405,0,0,0
2015,sch,mat,Regular,Lafayette Regional,288,Lafayette Regional School,21405,4,15 - 20,20,27,40,13,53,47,2486,15 , 20,0,53,0,21405,0,0,0
2015,sch,mat,Regular,Lafayette Regional,288,Lafayette Regional School,21405,5,15 - 20,11,22,<10,61,67,33,2558,15 , 20,0,67,0,21405,0,0,0
2015,sch,mat,Regular,Lafayette Regional,288,Lafayette Regional School,21405,6,10 - 15,<10,38,<10,46,54,46,2578,10 , 15,0,54,0,21405,0,0,0
2015,sch,rea,Regular,Lafayette Regional,288,Lafayette Regional School,21405,0,65 - 70,<10,15,32,45,77,23,NULL,65 , 70,0,77,0,21405,0,0,0
2015,sch,rea,Regular,Lafayette Regional,288,Lafayette Regional School,21405,3,15 - 20,<10,26,37,32,68,32,2464,15 , 20,0,68,0,21405,0,0,0
2015,sch,rea,Regular,Lafayette Regional,288,Lafayette Regional School,21405,4,15 - 20,20,<10,27,53,80,20,2538,15 , 20,0,80,0,21405,0,0,0
2015,sch,rea,Regular,Lafayette Regional,288,Lafayette Regional School,21405,5,15 - 20,<10,11,28,56,83,17,2568,15 , 20,0,83,0,21405,0,0,0
2015,sch,rea,Regular,Lafayette Regional,288,Lafayette Regional School,21405,6,10 - 15,<10,23,38,38,77,23,2603,10 , 15,0,77,0,21405,0,0,0
2015,sch,sci,Regular,Lafayette Regional,288,Lafayette Regional School,21405,0,15 - 20,<10,27,73,<10,73,27,NULL,15 , 20,0,73,0,21405,0,0,0
2015,sch,sci,Regular,Lafayette Regional,288,Lafayette Regional School,21405,4,15 - 20,<10,27,73,<10,73,27,NULL,15 , 20,0,73,0,21405,0,0,0
2015,sch,mat,Regular,Landaff,291,Landaff Blue School,21410,0, 0 - 10,* n < 11,* n < 11,* n < 11,* n < 11,* n < 11,* n < 11,* n < 11, 0 , 10,0,* n < 11,0,21410,0,0,0
2015,sch,mat,Regular,Landaff,291,Landaff Blue School,21410,3, 0 - 10,* n < 11,* n < 11,* n < 11,* n < 11,* n < 11,* n < 11,* n < 11, 0 , 10,0,* n < 11,0,21410,0,0,0
2015,sch,rea,Regular,Landaff,291,Landaff Blue School,21410,0, 0 - 10,* n < 11,* n < 11,* n < 11,* n < 11,* n < 11,* n < 11,* n < 11, 0 , 10,0,* n < 11,0,21410,0,0,0
2015,sch,rea,Regular,Landaff,291,Landaff Blue School,21410,3, 0 - 10,* n < 11,* n < 11,* n < 11,* n < 11,* n < 11,* n < 11,* n < 11, 0 , 10,0,* n < 11,0,21410,0,0,0
2015,sch,mat,Regular,Lebanon,295,Hanover Street School,21335,0,105 - 110,17,20,34,28,62,38,NULL,105 , 110,107.5,62,6665,21335,107.5,6665,62
2015,sch,mat,Regular,Lebanon,295,Hanover Street School,21335,3,55 - 60,21,20,45,14,59,41,2438,55 , 60,0,59,0,21335,0,0,0
2015,sch,mat,Regular,Lebanon,295,Hanover Street School,21335,4,50 - 55,13,21,23,43,66,34,2524,50 , 55,0,66,0,21335,0,0,0
2015,sch,rea,Regular,Lebanon,295,Hanover Street School,21335,0,105 - 110,17,22,20,40,61,39,NULL,105 , 110,0,61,0,21335,0,0,0
2015,sch,rea,Regular,Lebanon,295,Hanover Street School,21335,3,55 - 60,20,25,20,36,55,45,2447,55 , 60,0,55,0,21335,0,0,0
2015,sch,rea,Regular,Lebanon,295,Hanover Street School,21335,4,50 - 55,15,19,21,45,66,34,2518,50 , 55,0,66,0,21335,0,0,0
2015,sch,sci,Regular,Lebanon,295,Hanover Street School,21335,0,50 - 55,11,37,50,<10,52,48,NULL,50 , 55,0,52,0,21335,0,0,0
2015,sch,sci,Regular,Lebanon,295,Hanover Street School,21335,4,50 - 55,11,37,50,<10,52,48,NULL,50 , 55,0,52,0,21335,0,0,0
2015,sch,mat,Regular,Lebanon,295,Lebanon High School,21360,0,140 - 145,30,23,24,24,47,53,NULL,140 , 145,142.5,47,6697.5,21360,142.5,6697.5,47
2015,sch,mat,Regular,Lebanon,295,Lebanon High School,21360,11,140 - 145,30,23,24,24,47,53,2621,140 , 145,0,47,0,21360,0,0,0
2015,sch,rea,Regular,Lebanon,295,Lebanon High School,21360,0,145 - 150,10,29,34,28,61,39,NULL,145 , 150,0,61,0,21360,0,0,0
2015,sch,rea,Regular,Lebanon,295,Lebanon High School,21360,11,145 - 150,10,29,34,28,61,39,2615,145 , 150,0,61,0,21360,0,0,0
2015,sch,sci,Regular,Lebanon,295,Lebanon High School,21360,0,145 - 150,23,42,34,<10,35,65,NULL,145 , 150,0,35,0,21360,0,0,0
2015,sch,sci,Regular,Lebanon,295,Lebanon High School,21360,11,145 - 150,23,42,34,<10,35,65,NULL,145 , 150,0,35,0,21360,0,0,0
2015,sch,mat,Regular,Lebanon,295,Lebanon Middle School,21370,0,450 - 455,18,29,24,29,53,47,NULL,450 , 455,452.5,53,23982.5,21370,452.5,23982.5,53
2015,sch,mat,Regular,Lebanon,295,Lebanon Middle School,21370,5,105 - 110,30,34,25,11,36,64,2496,105 , 110,0,36,0,21370,0,0,0
2015,sch,mat,Regular,Lebanon,295,Lebanon Middle School,21370,6,95 - 100,16,31,24,29,53,47,2555,95 , 100,0,53,0,21370,0,0,0
2015,sch,mat,Regular,Lebanon,295,Lebanon Middle School,21370,7,120 - 125,13,25,26,36,62,38,2601,120 , 125,0,62,0,21370,0,0,0
2015,sch,mat,Regular,Lebanon,295,Lebanon Middle School,21370,8,125 - 130,13,27,23,36,59,41,2610,125 , 130,0,59,0,21370,0,0,0
2015,sch,rea,Regular,Lebanon,295,Lebanon Middle School,21370,0,450 - 455,11,20,43,26,69,31,NULL,450 , 455,0,69,0,21370,0,0,0
2015,sch,rea,Regular,Lebanon,295,Lebanon Middle School,21370,5,105 - 110,18,19,36,27,63,37,2526,105 , 110,0,63,0,21370,0,0,0
2015,sch,rea,Regular,Lebanon,295,Lebanon Middle School,21370,6,95 - 100,<10,25,40,26,66,34,2560,95 , 100,0,66,0,21370,0,0,0
2015,sch,rea,Regular,Lebanon,295,Lebanon Middle School,21370,7,120 - 125,11,12,46,31,77,23,2600,120 , 125,0,77,0,21370,0,0,0
2015,sch,rea,Regular,Lebanon,295,Lebanon Middle School,21370,8,125 - 130,<10,24,48,22,70,30,2608,125 , 130,0,70,0,21370,0,0,0
2015,sch,sci,Regular,Lebanon,295,Lebanon Middle School,21370,0,125 - 130,<10,46,45,<10,47,53,NULL,125 , 130,0,47,0,21370,0,0,0
2015,sch,sci,Regular,Lebanon,295,Lebanon Middle School,21370,8,125 - 130,<10,46,45,<10,47,53,NULL,125 , 130,0,47,0,21370,0,0,0
2015,sch,mat,Regular,Lebanon,295,Mt. Lebanon School,21355,0,80 - 85,22,29,31,18,49,51,NULL,80 , 85,82.5,49,4042.5,21355,82.5,4042.5,49
2015,sch,mat,Regular,Lebanon,295,Mt. Lebanon School,21355,3,40 - 45,19,24,40,17,57,43,2445,40 , 45,0,57,0,21355,0,0,0
2015,sch,mat,Regular,Lebanon,295,Mt. Lebanon School,21355,4,40 - 45,24,34,22,20,41,59,2473,40 , 45,0,41,0,21355,0,0,0
2015,sch,rea,Regular,Lebanon,295,Mt. Lebanon School,21355,0,80 - 85,19,32,26,23,49,51,NULL,80 , 85,0,49,0,21355,0,0,0
2015,sch,rea,Regular,Lebanon,295,Mt. Lebanon School,21355,3,40 - 45,21,29,36,14,50,50,2428,40 , 45,0,50,0,21355,0,0,0
2015,sch,rea,Regular,Lebanon,295,Mt. Lebanon School,21355,4,40 - 45,17,36,17,31,48,52,2479,40 , 45,0,48,0,21355,0,0,0
2015,sch,sci,Regular,Lebanon,295,Mt. Lebanon School,21355,0,40 - 45,17,52,29,<10,31,69,NULL,40 , 45,0,31,0,21355,0,0,0
2015,sch,sci,Regular,Lebanon,295,Mt. Lebanon School,21355,4,40 - 45,17,52,29,<10,31,69,NULL,40 , 45,0,31,0,21355,0,0,0
2015,sch,mat,Regular,Ledyard Charter School,719,Ledyard Charter School,28565,0, 0 - 10,* n < 11,* n < 11,* n < 11,* n < 11,* n < 11,* n < 11,* n < 11, 0 , 10,0,* n < 11,0,28565,0,0,0
2015,sch,mat,Regular,Ledyard Charter School,719,Ledyard Charter School,28565,11, 0 - 10,* n < 11,* n < 11,* n < 11,* n < 11,* n < 11,* n < 11,* n < 11, 0 , 10,0,* n < 11,0,28565,0,0,0
2015,sch,rea,Regular,Ledyard Charter School,719,Ledyard Charter School,28565,0, 0 - 10,* n < 11,* n < 11,* n < 11,* n < 11,* n < 11,* n < 11,* n < 11, 0 , 10,0,* n < 11,0,28565,0,0,0
2015,sch,rea,Regular,Ledyard Charter School,719,Ledyard Charter School,28565,11, 0 - 10,* n < 11,* n < 11,* n < 11,* n < 11,* n < 11,* n < 11,* n < 11, 0 , 10,0,* n < 11,0,28565,0,0,0
2015,sch,sci,Regular,Ledyard Charter School,719,Ledyard Charter School,28565,0, 0 - 10,* n < 11,* n < 11,* n < 11,* n < 11,* n < 11,* n < 11,* n < 11, 0 , 10,0,* n < 11,0,28565,0,0,0
2015,sch,sci,Regular,Ledyard Charter School,719,Ledyard Charter School,28565,11, 0 - 10,* n < 11,* n < 11,* n < 11,* n < 11,* n < 11,* n < 11,* n < 11, 0 , 10,0,* n < 11,0,28565,0,0,0
2015,sch,mat,Regular,Lincoln-Woodstock Cooperative,305,Lin-Wood Public School (Elem),20880,0,55 - 60,<10,32,43,16,59,41,NULL,55 , 60,57.5,59,3392.5,20880,57.5,3392.5,59
2015,sch,mat,Regular,Lincoln-Woodstock Cooperative,305,Lin-Wood Public School (Elem),20880,3,10 - 15,<10,36,57,<10,64,36,2454,10 , 15,0,64,0,20880,0,0,0
2015,sch,mat,Regular,Lincoln-Woodstock Cooperative,305,Lin-Wood Public School (Elem),20880,4,20 - 25,<10,35,39,22,61,39,2504,20 , 25,0,61,0,20880,0,0,0
2015,sch,mat,Regular,Lincoln-Woodstock Cooperative,305,Lin-Wood Public School (Elem),20880,5,15 - 20,21,26,37,16,53,47,2525,15 , 20,0,53,0,20880,0,0,0
2015,sch,rea,Regular,Lincoln-Woodstock Cooperative,305,Lin-Wood Public School (Elem),20880,0,55 - 60,<10,23,43,27,70,30,NULL,55 , 60,0,70,0,20880,0,0,0
2015,sch,rea,Regular,Lincoln-Woodstock Cooperative,305,Lin-Wood Public School (Elem),20880,3,10 - 15,<10,21,50,29,79,21,2465,10 , 15,0,79,0,20880,0,0,0
2015,sch,rea,Regular,Lincoln-Woodstock Cooperative,305,Lin-Wood Public School (Elem),20880,4,20 - 25,13,26,35,26,61,39,2495,20 , 25,0,61,0,20880,0,0,0
2015,sch,rea,Regular,Lincoln-Woodstock Cooperative,305,Lin-Wood Public School (Elem),20880,5,15 - 20,<10,21,47,26,74,26,2546,15 , 20,0,74,0,20880,0,0,0
2015,sch,sci,Regular,Lincoln-Woodstock Cooperative,305,Lin-Wood Public School (Elem),20880,0,20 - 25,<10,43,48,<10,52,48,NULL,20 , 25,0,52,0,20880,0,0,0
2015,sch,sci,Regular,Lincoln-Woodstock Cooperative,305,Lin-Wood Public School (Elem),20880,4,20 - 25,<10,43,48,<10,52,48,NULL,20 , 25,0,52,0,20880,0,0,0
2015,sch,mat,Regular,Lincoln-Woodstock Cooperative,305,Lin-Wood Public School (High),23110,0,25 - 30,18,39,32,11,43,57,NULL,25 , 30,27.5,43,1182.5,23110,27.5,1182.5,43
2015,sch,mat,Regular,Lincoln-Woodstock Cooperative,305,Lin-Wood Public School (High),23110,11,25 - 30,18,39,32,11,43,57,2620,25 , 30,0,43,0,23110,0,0,0
2015,sch,rea,Regular,Lincoln-Woodstock Cooperative,305,Lin-Wood Public School (High),23110,0,25 - 30,26,19,37,19,56,44,NULL,25 , 30,0,56,0,23110,0,0,0
2015,sch,rea,Regular,Lincoln-Woodstock Cooperative,305,Lin-Wood Public School (High),23110,11,25 - 30,26,19,37,19,56,44,2584,25 , 30,0,56,0,23110,0,0,0
2015,sch,sci,Regular,Lincoln-Woodstock Cooperative,305,Lin-Wood Public School (High),23110,0,30 - 35,<10,47,43,<10,47,53,NULL,30 , 35,0,47,0,23110,0,0,0
2015,sch,sci,Regular,Lincoln-Woodstock Cooperative,305,Lin-Wood Public School (High),23110,11,30 - 35,<10,47,43,<10,47,53,NULL,30 , 35,0,47,0,23110,0,0,0
2015,sch,mat,Regular,Lincoln-Woodstock Cooperative,305,Lin-Wood Public School (Middle),23105,0,65 - 70,<10,33,35,23,58,42,NULL,65 , 70,67.5,58,3915,23105,67.5,3915,58
2015,sch,mat,Regular,Lincoln-Woodstock Cooperative,305,Lin-Wood Public School (Middle),23105,6,25 - 30,16,44,20,20,40,60,2538,25 , 30,0,40,0,23105,0,0,0
2015,sch,mat,Regular,Lincoln-Woodstock Cooperative,305,Lin-Wood Public School (Middle),23105,7,25 - 30,<10,24,48,28,76,24,2609,25 , 30,0,76,0,23105,0,0,0
2015,sch,mat,Regular,Lincoln-Woodstock Cooperative,305,Lin-Wood Public School (Middle),23105,8,15 - 20,11,32,37,21,58,42,2589,15 , 20,0,58,0,23105,0,0,0
2015,sch,rea,Regular,Lincoln-Woodstock Cooperative,305,Lin-Wood Public School (Middle),23105,0,65 - 70,<10,20,57,20,77,23,NULL,65 , 70,0,77,0,23105,0,0,0
2015,sch,rea,Regular,Lincoln-Woodstock Cooperative,305,Lin-Wood Public School (Middle),23105,6,25 - 30,<10,28,44,24,68,32,2562,25 , 30,0,68,0,23105,0,0,0
2015,sch,rea,Regular,Lincoln-Woodstock Cooperative,305,Lin-Wood Public School (Middle),23105,7,20 - 25,<10,18,55,23,77,23,2596,20 , 25,0,77,0,23105,0,0,0
2015,sch,rea,Regular,Lincoln-Woodstock Cooperative,305,Lin-Wood Public School (Middle),23105,8,15 - 20,<10,11,78,11,89,11,2623,15 , 20,0,89,0,23105,0,0,0
2015,sch,sci,Regular,Lincoln-Woodstock Cooperative,305,Lin-Wood Public School (Middle),23105,0,20 - 25,10,80,10,<10,10,90,NULL,20 , 25,0,10,0,23105,0,0,0
2015,sch,sci,Regular,Lincoln-Woodstock Cooperative,305,Lin-Wood Public School (Middle),23105,8,20 - 25,10,80,10,<10,10,90,NULL,20 , 25,0,10,0,23105,0,0,0
2015,sch,mat,Regular,Lisbon Regional,306,Lisbon Regional School (Elem),21420,0,95 - 100,17,38,36,<10,46,54,NULL,95 , 100,97.5,46,4485,21420,97.5,4485,46
2015,sch,mat,Regular,Lisbon Regional,306,Lisbon Regional School (Elem),21420,3,10 - 15,<10,25,58,17,75,25,2469,10 , 15,0,75,0,21420,0,0,0
2015,sch,mat,Regular,Lisbon Regional,306,Lisbon Regional School (Elem),21420,4,20 - 25,14,43,43,<10,43,57,2465,20 , 25,0,43,0,21420,0,0,0
2015,sch,mat,Regular,Lisbon Regional,306,Lisbon Regional School (Elem),21420,5,35 - 40,28,31,33,<10,42,58,2501,35 , 40,0,42,0,21420,0,0,0
2015,sch,mat,Regular,Lisbon Regional,306,Lisbon Regional School (Elem),21420,6,25 - 30,11,48,26,15,41,59,2549,25 , 30,0,41,0,21420,0,0,0
2015,sch,rea,Regular,Lisbon Regional,306,Lisbon Regional School (Elem),21420,0,95 - 100,18,36,39,<10,46,54,NULL,95 , 100,0,46,0,21420,0,0,0
2015,sch,rea,Regular,Lisbon Regional,306,Lisbon Regional School (Elem),21420,3,10 - 15,<10,67,25,<10,25,75,2403,10 , 15,0,25,0,21420,0,0,0
2015,sch,rea,Regular,Lisbon Regional,306,Lisbon Regional School (Elem),21420,4,20 - 25,33,38,29,<10,29,71,2441,20 , 25,0,29,0,21420,0,0,0
2015,sch,rea,Regular,Lisbon Regional,306,Lisbon Regional School (Elem),21420,5,35 - 40,19,31,39,11,50,50,2503,35 , 40,0,50,0,21420,0,0,0
2015,sch,rea,Regular,Lisbon Regional,306,Lisbon Regional School (Elem),21420,6,25 - 30,<10,30,52,11,63,37,2544,25 , 30,0,63,0,21420,0,0,0
2015,sch,sci,Regular,Lisbon Regional,306,Lisbon Regional School (Elem),21420,0,20 - 25,<10,62,33,<10,33,67,NULL,20 , 25,0,33,0,21420,0,0,0
2015,sch,sci,Regular,Lisbon Regional,306,Lisbon Regional School (Elem),21420,4,20 - 25,<10,62,33,<10,33,67,NULL,20 , 25,0,33,0,21420,0,0,0
2015,sch,mat,Regular,Lisbon Regional,306,Lisbon Regional School (High),23100,0,30 - 35,22,22,50,<10,56,44,NULL,30 , 35,32.5,56,1820,23100,32.5,1820,56
2015,sch,mat,Regular,Lisbon Regional,306,Lisbon Regional School (High),23100,11,30 - 35,22,22,50,<10,56,44,2613,30 , 35,0,56,0,23100,0,0,0
2015,sch,rea,Regular,Lisbon Regional,306,Lisbon Regional School (High),23100,0,30 - 35,<10,13,41,38,78,22,NULL,30 , 35,0,78,0,23100,0,0,0
2015,sch,rea,Regular,Lisbon Regional,306,Lisbon Regional School (High),23100,11,30 - 35,<10,13,41,38,78,22,2633,30 , 35,0,78,0,23100,0,0,0
2015,sch,sci,Regular,Lisbon Regional,306,Lisbon Regional School (High),23100,0,30 - 35,19,47,34,<10,34,66,NULL,30 , 35,0,34,0,23100,0,0,0
2015,sch,sci,Regular,Lisbon Regional,306,Lisbon Regional School (High),23100,11,30 - 35,19,47,34,<10,34,66,NULL,30 , 35,0,34,0,23100,0,0,0
2015,sch,mat,Regular,Lisbon Regional,306,Lisbon Regional School (Middle),23095,0,55 - 60,15,25,36,24,59,41,NULL,55 , 60,57.5,59,3392.5,23095,57.5,3392.5,59
2015,sch,mat,Regular,Lisbon Regional,306,Lisbon Regional School (Middle),23095,7,25 - 30,14,32,32,21,54,46,2570,25 , 30,0,54,0,23095,0,0,0
2015,sch,mat,Regular,Lisbon Regional,306,Lisbon Regional School (Middle),23095,8,30 - 35,16,19,39,26,65,35,2600,30 , 35,0,65,0,23095,0,0,0
2015,sch,rea,Regular,Lisbon Regional,306,Lisbon Regional School (Middle),23095,0,55 - 60,<10,25,51,17,68,32,NULL,55 , 60,0,68,0,23095,0,0,0
2015,sch,rea,Regular,Lisbon Regional,306,Lisbon Regional School (Middle),23095,7,25 - 30,11,25,50,14,64,36,2574,25 , 30,0,64,0,23095,0,0,0
2015,sch,rea,Regular,Lisbon Regional,306,Lisbon Regional School (Middle),23095,8,30 - 35,<10,26,52,19,71,29,2611,30 , 35,0,71,0,23095,0,0,0
2015,sch,sci,Regular,Lisbon Regional,306,Lisbon Regional School (Middle),23095,0,30 - 35,10,52,39,<10,39,61,NULL,30 , 35,0,39,0,23095,0,0,0
2015,sch,sci,Regular,Lisbon Regional,306,Lisbon Regional School (Middle),23095,8,30 - 35,10,52,39,<10,39,61,NULL,30 , 35,0,39,0,23095,0,0,0
2015,sch,mat,Regular,Litchfield,315,Campbell High School,27715,0,105 - 110,33,26,24,17,41,59,NULL,105 , 110,107.5,41,4407.5,27715,107.5,4407.5,41
2015,sch,mat,Regular,Litchfield,315,Campbell High School,27715,11,105 - 110,33,26,24,17,41,59,2600,105 , 110,0,41,0,27715,0,0,0
2015,sch,rea,Regular,Litchfield,315,Campbell High School,27715,0,100 - 105,<10,21,36,37,73,27,NULL,100 , 105,0,73,0,27715,0,0,0
2015,sch,rea,Regular,Litchfield,315,Campbell High School,27715,11,100 - 105,<10,21,36,37,73,27,2643,100 , 105,0,73,0,27715,0,0,0
2015,sch,sci,Regular,Litchfield,315,Campbell High School,27715,0,125 - 130,14,40,40,<10,45,55,NULL,125 , 130,0,45,0,27715,0,0,0
2015,sch,sci,Regular,Litchfield,315,Campbell High School,27715,11,125 - 130,14,40,40,<10,45,55,NULL,125 , 130,0,45,0,27715,0,0,0
2015,sch,mat,Regular,Litchfield,315,Griffin Memorial School,21095,0,195 - 200,11,40,36,14,49,51,NULL,195 , 200,197.5,49,9677.5,21095,197.5,9677.5,49
2015,sch,mat,Regular,Litchfield,315,Griffin Memorial School,21095,3,90 - 95,11,26,49,14,63,37,2447,90 , 95,0,63,0,21095,0,0,0
2015,sch,mat,Regular,Litchfield,315,Griffin Memorial School,21095,4,100 - 105,12,52,23,13,37,63,2469,100 , 105,0,37,0,21095,0,0,0
2015,sch,rea,Regular,Litchfield,315,Griffin Memorial School,21095,0,195 - 200,16,17,35,32,67,33,NULL,195 , 200,0,67,0,21095,0,0,0
2015,sch,rea,Regular,Litchfield,315,Griffin Memorial School,21095,3,90 - 95,16,16,35,32,68,32,2452,90 , 95,0,68,0,21095,0,0,0
2015,sch,rea,Regular,Litchfield,315,Griffin Memorial School,21095,4,100 - 105,15,18,35,32,66,34,2499,100 , 105,0,66,0,21095,0,0,0
2015,sch,sci,Regular,Litchfield,315,Griffin Memorial School,21095,0,100 - 105,<10,41,53,<10,53,47,NULL,100 , 105,0,53,0,21095,0,0,0
2015,sch,sci,Regular,Litchfield,315,Griffin Memorial School,21095,4,100 - 105,<10,41,53,<10,53,47,NULL,100 , 105,0,53,0,21095,0,0,0
2015,sch,mat,Regular,Litchfield,315,Litchfield Middle School,26640,0,435 - 440,18,34,29,20,48,52,NULL,435 , 440,437.5,48,21000,26640,437.5,21000,48
2015,sch,mat,Regular,Litchfield,315,Litchfield Middle School,26640,5,100 - 105,27,41,28,<10,32,68,2490,100 , 105,0,32,0,26640,0,0,0
2015,sch,mat,Regular,Litchfield,315,Litchfield Middle School,26640,6,110 - 115,10,32,33,26,58,42,2563,110 , 115,0,58,0,26640,0,0,0
2015,sch,mat,Regular,Litchfield,315,Litchfield Middle School,26640,7,105 - 110,13,26,31,30,61,39,2589,105 , 110,0,61,0,26640,0,0,0
2015,sch,mat,Regular,Litchfield,315,Litchfield Middle School,26640,8,115 - 120,24,36,22,18,40,60,2565,115 , 120,0,40,0,26640,0,0,0
2015,sch,rea,Regular,Litchfield,315,Litchfield Middle School,26640,0,435 - 440,11,24,44,21,65,35,NULL,435 , 440,0,65,0,26640,0,0,0
2015,sch,rea,Regular,Litchfield,315,Litchfield Middle School,26640,5,100 - 105,16,22,40,22,62,38,2521,100 , 105,0,62,0,26640,0,0,0
2015,sch,rea,Regular,Litchfield,315,Litchfield Middle School,26640,6,110 - 115,11,20,47,22,69,31,2561,110 , 115,0,69,0,26640,0,0,0
2015,sch,rea,Regular,Litchfield,315,Litchfield Middle School,26640,7,105 - 110,<10,16,49,27,76,24,2595,105 , 110,0,76,0,26640,0,0,0
2015,sch,rea,Regular,Litchfield,315,Litchfield Middle School,26640,8,115 - 120,11,36,40,13,53,47,2577,115 , 120,0,53,0,26640,0,0,0
2015,sch,sci,Regular,Litchfield,315,Litchfield Middle School,26640,0,120 - 125,12,60,28,<10,28,72,NULL,120 , 125,0,28,0,26640,0,0,0
2015,sch,sci,Regular,Litchfield,315,Litchfield Middle School,26640,8,120 - 125,12,60,28,<10,28,72,NULL,120 , 125,0,28,0,26640,0,0,0
2015,sch,mat,Regular,Littleton,317,Daisy Bronson Junior High School,21440,0,95 - 100,26,28,23,24,46,54,NULL,95 , 100,97.5,46,4485,21440,97.5,4485,46
2015,sch,mat,Regular,Littleton,317,Daisy Bronson Junior High School,21440,7,45 - 50,27,23,21,29,50,50,2551,45 , 50,0,50,0,21440,0,0,0
2015,sch,mat,Regular,Littleton,317,Daisy Bronson Junior High School,21440,8,45 - 50,24,33,24,18,43,57,2570,45 , 50,0,43,0,21440,0,0,0
2015,sch,rea,Regular,Littleton,317,Daisy Bronson Junior High School,21440,0,95 - 100,19,21,46,13,59,41,NULL,95 , 100,0,59,0,21440,0,0,0
2015,sch,rea,Regular,Littleton,317,Daisy Bronson Junior High School,21440,7,45 - 50,25,19,40,17,56,44,2548,45 , 50,0,56,0,21440,0,0,0
2015,sch,rea,Regular,Littleton,317,Daisy Bronson Junior High School,21440,8,50 - 55,14,24,52,10,62,38,2578,50 , 55,0,62,0,21440,0,0,0
2015,sch,sci,Regular,Littleton,317,Daisy Bronson Junior High School,21440,0,50 - 55,33,60,<10,<10,<10,>90,NULL,50 , 55,0,10,0,21440,0,0,0
2015,sch,sci,Regular,Littleton,317,Daisy Bronson Junior High School,21440,8,50 - 55,33,60,<10,<10,<10,>90,NULL,50 , 55,0,10,0,21440,0,0,0
2015,sch,mat,Regular,Littleton,317,Littleton High School,21445,0,45 - 50,30,39,26,<10,30,70,NULL,45 , 50,47.5,30,1425,21445,47.5,1425,30
2015,sch,mat,Regular,Littleton,317,Littleton High School,21445,11,45 - 50,30,39,26,<10,30,70,2585,45 , 50,0,30,0,21445,0,0,0
2015,sch,rea,Regular,Littleton,317,Littleton High School,21445,0,45 - 50,13,30,37,20,57,43,NULL,45 , 50,0,57,0,21445,0,0,0
2015,sch,rea,Regular,Littleton,317,Littleton High School,21445,11,45 - 50,13,30,37,20,57,43,2589,45 , 50,0,57,0,21445,0,0,0
2015,sch,sci,Regular,Littleton,317,Littleton High School,21445,0,50 - 55,25,45,25,<10,29,71,NULL,50 , 55,0,29,0,21445,0,0,0
2015,sch,sci,Regular,Littleton,317,Littleton High School,21445,11,50 - 55,25,45,25,<10,29,71,NULL,50 , 55,0,29,0,21445,0,0,0
2015,sch,mat,Regular,Littleton,317,Mildred C. Lakeway School,21450,0,220 - 225,25,32,27,17,44,56,NULL,220 , 225,222.5,44,9790,21450,222.5,9790,44
2015,sch,mat,Regular,Littleton,317,Mildred C. Lakeway School,21450,3,60 - 65,18,26,39,18,56,44,2439,60 , 65,0,56,0,21450,0,0,0
2015,sch,mat,Regular,Littleton,317,Mildred C. Lakeway School,21450,4,50 - 55,23,38,31,<10,38,62,2461,50 , 55,0,38,0,21450,0,0,0
2015,sch,mat,Regular,Littleton,317,Mildred C. Lakeway School,21450,5,45 - 50,31,27,22,20,42,58,2503,45 , 50,0,42,0,21450,0,0,0
2015,sch,mat,Regular,Littleton,317,Mildred C. Lakeway School,21450,6,60 - 65,28,36,15,21,36,64,2518,60 , 65,0,36,0,21450,0,0,0
2015,sch,rea,Regular,Littleton,317,Mildred C. Lakeway School,21450,0,215 - 220,22,29,29,20,48,52,NULL,215 , 220,0,48,0,21450,0,0,0
2015,sch,rea,Regular,Littleton,317,Mildred C. Lakeway School,21450,3,60 - 65,13,41,23,23,46,54,2432,60 , 65,0,46,0,21450,0,0,0
2015,sch,rea,Regular,Littleton,317,Mildred C. Lakeway School,21450,4,50 - 55,29,31,22,18,39,61,2461,50 , 55,0,39,0,21450,0,0,0
2015,sch,rea,Regular,Littleton,317,Mildred C. Lakeway School,21450,5,45 - 50,31,18,31,20,51,49,2500,45 , 50,0,51,0,21450,0,0,0
2015,sch,rea,Regular,Littleton,317,Mildred C. Lakeway School,21450,6,60 - 65,19,24,39,18,56,44,2533,60 , 65,0,56,0,21450,0,0,0
2015,sch,sci,Regular,Littleton,317,Mildred C. Lakeway School,21450,0,50 - 55,17,54,29,<10,29,71,NULL,50 , 55,0,29,0,21450,0,0,0
2015,sch,sci,Regular,Littleton,317,Mildred C. Lakeway School,21450,4,50 - 55,17,54,29,<10,29,71,NULL,50 , 55,0,29,0,21450,0,0,0
2015,sch,mat,Regular,Londonderry,319,Londonderry Middle School,20480,0,880 - 885,14,27,33,26,59,41,NULL,880 , 885,882.5,59,52067.5,20480,882.5,52067.5,59
2015,sch,mat,Regular,Londonderry,319,Londonderry Middle School,20480,6,295 - 300,<10,32,38,21,59,41,2559,295 , 300,0,59,0,20480,0,0,0
2015,sch,mat,Regular,Londonderry,319,Londonderry Middle School,20480,7,285 - 290,13,24,34,30,64,36,2590,285 , 290,0,64,0,20480,0,0,0
2015,sch,mat,Regular,Londonderry,319,Londonderry Middle School,20480,8,300 - 305,19,26,28,27,55,45,2590,300 , 305,0,55,0,20480,0,0,0
2015,sch,rea,Regular,Londonderry,319,Londonderry Middle School,20480,0,880 - 885,<10,19,45,29,74,26,NULL,880 , 885,0,74,0,20480,0,0,0
2015,sch,rea,Regular,Londonderry,319,Londonderry Middle School,20480,6,290 - 295,<10,19,45,29,73,27,2569,290 , 295,0,73,0,20480,0,0,0
2015,sch,rea,Regular,Londonderry,319,Londonderry Middle School,20480,7,285 - 290,<10,18,45,29,74,26,2599,285 , 290,0,74,0,20480,0,0,0
2015,sch,rea,Regular,Londonderry,319,Londonderry Middle School,20480,8,300 - 305,<10,20,45,29,74,26,2620,300 , 305,0,74,0,20480,0,0,0
2015,sch,sci,Regular,Londonderry,319,Londonderry Middle School,20480,0,295 - 300,<10,51,40,<10,41,59,NULL,295 , 300,0,41,0,20480,0,0,0
2015,sch,sci,Regular,Londonderry,319,Londonderry Middle School,20480,8,295 - 300,<10,51,40,<10,41,59,NULL,295 , 300,0,41,0,20480,0,0,0
2015,sch,mat,Regular,Londonderry,319,Londonderry Senior High School,20490,0,305 - 310,21,29,25,25,50,50,NULL,305 , 310,307.5,50,15375,20490,307.5,15375,50
2015,sch,mat,Regular,Londonderry,319,Londonderry Senior High School,20490,11,305 - 310,21,29,25,25,50,50,2630,305 , 310,0,50,0,20490,0,0,0
2015,sch,rea,Regular,Londonderry,319,Londonderry Senior High School,20490,0,300 - 305,13,25,34,28,62,38,NULL,300 , 305,0,62,0,20490,0,0,0
2015,sch,rea,Regular,Londonderry,319,Londonderry Senior High School,20490,11,300 - 305,13,25,34,28,62,38,2613,300 , 305,0,62,0,20490,0,0,0
2015,sch,sci,Regular,Londonderry,319,Londonderry Senior High School,20490,0,380 - 385,21,45,34,<10,34,66,NULL,380 , 385,0,34,0,20490,0,0,0
2015,sch,sci,Regular,Londonderry,319,Londonderry Senior High School,20490,11,380 - 385,21,45,34,<10,34,66,NULL,380 , 385,0,34,0,20490,0,0,0
2015,sch,mat,Regular,Londonderry,319,Matthew Thornton Elementary School,20485,0,320 - 325,11,38,34,17,51,49,NULL,320 , 325,322.5,51,16447.5,20485,322.5,16447.5,51
2015,sch,mat,Regular,Londonderry,319,Matthew Thornton Elementary School,20485,3,95 - 100,<10,30,44,21,65,35,2462,95 , 100,0,65,0,20485,0,0,0
2015,sch,mat,Regular,Londonderry,319,Matthew Thornton Elementary School,20485,4,110 - 115,12,34,40,14,54,46,2490,110 , 115,0,54,0,20485,0,0,0
2015,sch,mat,Regular,Londonderry,319,Matthew Thornton Elementary School,20485,5,110 - 115,16,50,19,16,35,65,2510,110 , 115,0,35,0,20485,0,0,0
2015,sch,rea,Regular,Londonderry,319,Matthew Thornton Elementary School,20485,0,320 - 325,12,16,37,35,72,28,NULL,320 , 325,0,72,0,20485,0,0,0
2015,sch,rea,Regular,Londonderry,319,Matthew Thornton Elementary School,20485,3,95 - 100,<10,19,35,37,71,29,2467,95 , 100,0,71,0,20485,0,0,0
2015,sch,rea,Regular,Londonderry,319,Matthew Thornton Elementary School,20485,4,110 - 115,18,12,37,33,70,30,2496,110 , 115,0,70,0,20485,0,0,0
2015,sch,rea,Regular,Londonderry,319,Matthew Thornton Elementary School,20485,5,110 - 115,10,16,40,35,74,26,2546,110 , 115,0,74,0,20485,0,0,0
2015,sch,sci,Regular,Londonderry,319,Matthew Thornton Elementary School,20485,0,110 - 115,16,40,43,<10,44,56,NULL,110 , 115,0,44,0,20485,0,0,0
2015,sch,sci,Regular,Londonderry,319,Matthew Thornton Elementary School,20485,4,110 - 115,16,40,43,<10,44,56,NULL,110 , 115,0,44,0,20485,0,0,0
2015,sch,mat,Regular,Londonderry,319,North Londonderry Elementary School,20470,0,245 - 250,11,31,38,20,58,42,NULL,245 , 250,247.5,58,14355,20470,247.5,14355,58
2015,sch,mat,Regular,Londonderry,319,North Londonderry Elementary School,20470,3,70 - 75,<10,22,49,23,73,27,2466,70 , 75,0,73,0,20470,0,0,0
2015,sch,mat,Regular,Londonderry,319,North Londonderry Elementary School,20470,4,90 - 95,12,30,45,13,58,42,2488,90 , 95,0,58,0,20470,0,0,0
2015,sch,mat,Regular,Londonderry,319,North Londonderry Elementary School,20470,5,80 - 85,16,40,20,24,45,55,2526,80 , 85,0,45,0,20470,0,0,0
2015,sch,rea,Regular,Londonderry,319,North Londonderry Elementary School,20470,0,245 - 250,13,15,30,41,71,29,NULL,245 , 250,0,71,0,20470,0,0,0
2015,sch,rea,Regular,Londonderry,319,North Londonderry Elementary School,20470,3,70 - 75,<10,13,30,52,82,18,2489,70 , 75,0,82,0,20470,0,0,0
2015,sch,rea,Regular,Londonderry,319,North Londonderry Elementary School,20470,4,90 - 95,21,20,26,34,60,40,2487,90 , 95,0,60,0,20470,0,0,0
2015,sch,rea,Regular,Londonderry,319,North Londonderry Elementary School,20470,5,80 - 85,12,13,34,41,75,25,2549,80 , 85,0,75,0,20470,0,0,0
2015,sch,sci,Regular,Londonderry,319,North Londonderry Elementary School,20470,0,95 - 100,16,44,39,<10,39,61,NULL,95 , 100,0,39,0,20470,0,0,0
2015,sch,sci,Regular,Londonderry,319,North Londonderry Elementary School,20470,4,95 - 100,16,44,39,<10,39,61,NULL,95 , 100,0,39,0,20470,0,0,0
2015,sch,mat,Regular,Londonderry,319,South Londonderry Elementary School,20475,0,270 - 275,10,36,32,23,54,46,NULL,270 , 275,272.5,54,14715,20475,272.5,14715,54
2015,sch,mat,Regular,Londonderry,319,South Londonderry Elementary School,20475,3,75 - 80,<10,24,45,22,67,33,2458,75 , 80,0,67,0,20475,0,0,0
2015,sch,mat,Regular,Londonderry,319,South Londonderry Elementary School,20475,4,90 - 95,<10,46,32,15,47,53,2492,90 , 95,0,47,0,20475,0,0,0
2015,sch,mat,Regular,Londonderry,319,South Londonderry Elementary School,20475,5,100 - 105,14,35,22,30,51,49,2538,100 , 105,0,51,0,20475,0,0,0
2015,sch,rea,Regular,Londonderry,319,South Londonderry Elementary School,20475,0,270 - 275,16,20,27,38,64,36,NULL,270 , 275,0,64,0,20475,0,0,0
2015,sch,rea,Regular,Londonderry,319,South Londonderry Elementary School,20475,3,75 - 80,14,19,24,42,67,33,2461,75 , 80,0,67,0,20475,0,0,0
2015,sch,rea,Regular,Londonderry,319,South Londonderry Elementary School,20475,4,90 - 95,13,25,23,38,62,38,2500,90 , 95,0,62,0,20475,0,0,0
2015,sch,rea,Regular,Londonderry,319,South Londonderry Elementary School,20475,5,100 - 105,19,16,32,34,65,35,2535,100 , 105,0,65,0,20475,0,0,0
2015,sch,sci,Regular,Londonderry,319,South Londonderry Elementary School,20475,0,90 - 95,10,44,46,<10,47,53,NULL,90 , 95,0,47,0,20475,0,0,0
2015,sch,sci,Regular,Londonderry,319,South Londonderry Elementary School,20475,4,90 - 95,10,44,46,<10,47,53,NULL,90 , 95,0,47,0,20475,0,0,0
2015,sch,mat,Regular,Lyme,327,Lyme Elementary School,20835,0,140 - 145,12,19,30,39,69,31,NULL,140 , 145,142.5,69,9832.5,20835,142.5,9832.5,69
2015,sch,mat,Regular,Lyme,327,Lyme Elementary School,20835,3,25 - 30,<10,12,42,38,81,19,2479,25 , 30,0,81,0,20835,0,0,0
2015,sch,mat,Regular,Lyme,327,Lyme Elementary School,20835,4,15 - 20,17,17,50,17,67,33,2478,15 , 20,0,67,0,20835,0,0,0
2015,sch,mat,Regular,Lyme,327,Lyme Elementary School,20835,5,35 - 40,<10,29,26,37,63,37,2550,35 , 40,0,63,0,20835,0,0,0
2015,sch,mat,Regular,Lyme,327,Lyme Elementary School,20835,6,20 - 25,<10,29,29,33,63,38,2568,20 , 25,0,63,0,20835,0,0,0
2015,sch,mat,Regular,Lyme,327,Lyme Elementary School,20835,7,15 - 20,<10,22,17,61,78,22,2629,15 , 20,0,78,0,20835,0,0,0
2015,sch,mat,Regular,Lyme,327,Lyme Elementary School,20835,8,15 - 20,37,<10,16,47,63,37,2596,15 , 20,0,63,0,20835,0,0,0
2015,sch,rea,Regular,Lyme,327,Lyme Elementary School,20835,0,140 - 145,<10,18,33,40,73,27,NULL,140 , 145,0,73,0,20835,0,0,0
2015,sch,rea,Regular,Lyme,327,Lyme Elementary School,20835,3,25 - 30,<10,19,23,50,73,27,2481,25 , 30,0,73,0,20835,0,0,0
2015,sch,rea,Regular,Lyme,327,Lyme Elementary School,20835,4,15 - 20,18,29,24,29,53,47,2481,15 , 20,0,53,0,20835,0,0,0
2015,sch,rea,Regular,Lyme,327,Lyme Elementary School,20835,5,35 - 40,<10,19,44,31,75,25,2555,35 , 40,0,75,0,20835,0,0,0
2015,sch,rea,Regular,Lyme,327,Lyme Elementary School,20835,6,25 - 30,12,12,36,40,76,24,2592,25 , 30,0,76,0,20835,0,0,0
2015,sch,rea,Regular,Lyme,327,Lyme Elementary School,20835,7,15 - 20,<10,<10,44,44,89,11,2628,15 , 20,0,89,0,20835,0,0,0
2015,sch,rea,Regular,Lyme,327,Lyme Elementary School,20835,8,15 - 20,11,21,21,47,68,32,2628,15 , 20,0,68,0,20835,0,0,0
2015,sch,sci,Regular,Lyme,327,Lyme Elementary School,20835,0,35 - 40,14,27,57,<10,59,41,NULL,35 , 40,0,59,0,20835,0,0,0
2015,sch,sci,Regular,Lyme,327,Lyme Elementary School,20835,4,15 - 20,<10,33,61,<10,61,39,NULL,15 , 20,0,61,0,20835,0,0,0
2015,sch,sci,Regular,Lyme,327,Lyme Elementary School,20835,8,15 - 20,21,21,53,<10,58,42,NULL,15 , 20,0,58,0,20835,0,0,0
2015,sch,mat,Regular,Madison,333,Madison Elementary School,20360,0,85 - 90,12,34,35,20,55,45,NULL,85 , 90,87.5,55,4812.5,20360,87.5,4812.5,55
2015,sch,mat,Regular,Madison,333,Madison Elementary School,20360,3,20 - 25,10,29,43,19,62,38,2450,20 , 25,0,62,0,20360,0,0,0
2015,sch,mat,Regular,Madison,333,Madison Elementary School,20360,4,20 - 25,<10,32,50,14,64,36,2495,20 , 25,0,64,0,20360,0,0,0
2015,sch,mat,Regular,Madison,333,Madison Elementary School,20360,5,15 - 20,32,26,26,16,42,58,2505,15 , 20,0,42,0,20360,0,0,0
2015,sch,mat,Regular,Madison,333,Madison Elementary School,20360,6,20 - 25,<10,46,21,29,50,50,2568,20 , 25,0,50,0,20360,0,0,0
2015,sch,rea,Regular,Madison,333,Madison Elementary School,20360,0,85 - 90,<10,33,30,32,62,38,NULL,85 , 90,0,62,0,20360,0,0,0
2015,sch,rea,Regular,Madison,333,Madison Elementary School,20360,3,20 - 25,<10,32,23,45,68,32,2479,20 , 25,0,68,0,20360,0,0,0
2015,sch,rea,Regular,Madison,333,Madison Elementary School,20360,4,20 - 25,<10,41,18,36,55,45,2498,20 , 25,0,55,0,20360,0,0,0
2015,sch,rea,Regular,Madison,333,Madison Elementary School,20360,5,15 - 20,<10,26,42,26,68,32,2536,15 , 20,0,68,0,20360,0,0,0
2015,sch,rea,Regular,Madison,333,Madison Elementary School,20360,6,20 - 25,<10,33,38,21,58,42,2557,20 , 25,0,58,0,20360,0,0,0
2015,sch,sci,Regular,Madison,333,Madison Elementary School,20360,0,20 - 25,<10,36,59,<10,59,41,NULL,20 , 25,0,59,0,20360,0,0,0
2015,sch,sci,Regular,Madison,333,Madison Elementary School,20360,4,20 - 25,<10,36,59,<10,59,41,NULL,20 , 25,0,59,0,20360,0,0,0
2015,sch,mat,Regular,Making Community Connections Charter School,733,Making Community Connections Charter School (H),29060,0, 0 - 10,* n < 11,* n < 11,* n < 11,* n < 11,* n < 11,* n < 11,* n < 11, 0 , 10,0,* n < 11,0,0,0,0,0
2015,sch,mat,Regular,Making Community Connections Charter School,733,Making Community Connections Charter School (H),29060,11, 0 - 10,* n < 11,* n < 11,* n < 11,* n < 11,* n < 11,* n < 11,* n < 11, 0 , 10,0,* n < 11,0,0,0,0,0
2015,sch,rea,Regular,Making Community Connections Charter School,733,Making Community Connections Charter School (H),29060,0, 0 - 10,* n < 11,* n < 11,* n < 11,* n < 11,* n < 11,* n < 11,* n < 11, 0 , 10,0,* n < 11,0,0,0,0,0
2015,sch,rea,Regular,Making Community Connections Charter School,733,Making Community Connections Charter School (H),29060,11, 0 - 10,* n < 11,* n < 11,* n < 11,* n < 11,* n < 11,* n < 11,* n < 11, 0 , 10,0,* n < 11,0,0,0,0,0
2015,sch,sci,Regular,Making Community Connections Charter School,733,Making Community Connections Charter School (H),29060,0, 0 - 10,* n < 11,* n < 11,* n < 11,* n < 11,* n < 11,* n < 11,* n < 11, 0 , 10,0,* n < 11,0,0,0,0,0
2015,sch,sci,Regular,Making Community Connections Charter School,733,Making Community Connections Charter School (H),29060,11, 0 - 10,* n < 11,* n < 11,* n < 11,* n < 11,* n < 11,* n < 11,* n < 11, 0 , 10,0,* n < 11,0,0,0,0,0
2015,sch,mat,Regular,Making Community Connections Charter School,733,Making Community Connections Charter School (M),29100,0, 0 - 10,* n < 11,* n < 11,* n < 11,* n < 11,* n < 11,* n < 11,* n < 11, 0 , 10,0,* n < 11,0,0,0,0,0
2015,sch,mat,Regular,Making Community Connections Charter School,733,Making Community Connections Charter School (M),29100,8, 0 - 10,* n < 11,* n < 11,* n < 11,* n < 11,* n < 11,* n < 11,* n < 11, 0 , 10,0,* n < 11,0,0,0,0,0
2015,sch,rea,Regular,Making Community Connections Charter School,733,Making Community Connections Charter School (M),29100,0, 0 - 10,* n < 11,* n < 11,* n < 11,* n < 11,* n < 11,* n < 11,* n < 11, 0 , 10,0,* n < 11,0,0,0,0,0
2015,sch,rea,Regular,Making Community Connections Charter School,733,Making Community Connections Charter School (M),29100,8, 0 - 10,* n < 11,* n < 11,* n < 11,* n < 11,* n < 11,* n < 11,* n < 11, 0 , 10,0,* n < 11,0,0,0,0,0
2015,sch,sci,Regular,Making Community Connections Charter School,733,Making Community Connections Charter School (M),29100,0, 0 - 10,* n < 11,* n < 11,* n < 11,* n < 11,* n < 11,* n < 11,* n < 11, 0 , 10,0,* n < 11,0,0,0,0,0
2015,sch,sci,Regular,Making Community Connections Charter School,733,Making Community Connections Charter School (M),29100,8, 0 - 10,* n < 11,* n < 11,* n < 11,* n < 11,* n < 11,* n < 11,* n < 11, 0 , 10,0,* n < 11,0,0,0,0,0
2015,sch,mat,Regular,Manchester,335,Bakersville School,21545,0,130 - 135,51,33,14,<10,16,84,NULL,130 , 135,132.5,16,2120,21545,132.5,2120,16
2015,sch,mat,Regular,Manchester,335,Bakersville School,21545,3,40 - 45,40,37,16,<10,23,77,2392,40 , 45,0,23,0,21545,0,0,0
2015,sch,mat,Regular,Manchester,335,Bakersville School,21545,4,45 - 50,58,27,16,<10,16,84,2402,45 , 50,0,16,0,21545,0,0,0
2015,sch,mat,Regular,Manchester,335,Bakersville School,21545,5,40 - 45,55,36,10,<10,10,90,2449,40 , 45,0,10,0,21545,0,0,0
2015,sch,rea,Regular,Manchester,335,Bakersville School,21545,0,130 - 135,56,26,15,<10,18,82,NULL,130 , 135,0,18,0,21545,0,0,0
2015,sch,rea,Regular,Manchester,335,Bakersville School,21545,3,40 - 45,55,25,14,<10,20,80,2360,40 , 45,0,20,0,21545,0,0,0
2015,sch,rea,Regular,Manchester,335,Bakersville School,21545,4,40 - 45,70,25,<10,<10,<10,>90,2373,40 , 45,0,10,0,21545,0,0,0
2015,sch,rea,Regular,Manchester,335,Bakersville School,21545,5,40 - 45,44,28,26,<10,28,72,2447,40 , 45,0,28,0,21545,0,0,0
2015,sch,sci,Regular,Manchester,335,Bakersville School,21545,0,45 - 50,63,33,<10,<10,<10,>90,NULL,45 , 50,0,10,0,21545,0,0,0
2015,sch,sci,Regular,Manchester,335,Bakersville School,21545,4,45 - 50,63,33,<10,<10,<10,>90,NULL,45 , 50,0,10,0,21545,0,0,0
2015,sch,mat,Regular,Manchester,335,Beech Street School,21600,0,235 - 240,67,25,<10,<10,<10,>90,NULL,235 , 240,237.5,10,2375,21600,237.5,2375,10
2015,sch,mat,Regular,Manchester,335,Beech Street School,21600,3,80 - 85,65,22,12,<10,12,88,2357,80 , 85,0,12,0,21600,0,0,0
2015,sch,mat,Regular,Manchester,335,Beech Street School,21600,4,75 - 80,62,33,<10,<10,<10,>90,2389,75 , 80,0,10,0,21600,0,0,0
2015,sch,mat,Regular,Manchester,335,Beech Street School,21600,5,80 - 85,73,20,<10,<10,<10,>90,2418,80 , 85,0,10,0,21600,0,0,0
2015,sch,rea,Regular,Manchester,335,Beech Street School,21600,0,205 - 210,77,15,<10,<10,<10,>90,NULL,205 , 210,0,10,0,21600,0,0,0
2015,sch,rea,Regular,Manchester,335,Beech Street School,21600,3,75 - 80,79,14,<10,<10,<10,>90,2331,75 , 80,0,10,0,21600,0,0,0
2015,sch,rea,Regular,Manchester,335,Beech Street School,21600,4,65 - 70,82,<10,<10,<10,<10,>90,2368,65 , 70,0,10,0,21600,0,0,0
2015,sch,rea,Regular,Manchester,335,Beech Street School,21600,5,65 - 70,71,22,<10,<10,<10,>90,2399,65 , 70,0,10,0,21600,0,0,0
2015,sch,sci,Regular,Manchester,335,Beech Street School,21600,0,80 - 85,45,45,10,<10,10,90,NULL,80 , 85,0,10,0,21600,0,0,0
2015,sch,sci,Regular,Manchester,335,Beech Street School,21600,4,80 - 85,45,45,10,<10,10,90,NULL,80 , 85,0,10,0,21600,0,0,0
2015,sch,mat,Regular,Manchester,335,Gossler Park School,21530,0,185 - 190,35,36,22,<10,29,71,NULL,185 , 190,187.5,29,5437.5,21530,187.5,5437.5,29
2015,sch,mat,Regular,Manchester,335,Gossler Park School,21530,3,55 - 60,32,32,25,12,37,63,2416,55 , 60,0,37,0,21530,0,0,0
2015,sch,mat,Regular,Manchester,335,Gossler Park School,21530,4,55 - 60,29,38,27,<10,34,66,2453,55 , 60,0,34,0,21530,0,0,0
2015,sch,mat,Regular,Manchester,335,Gossler Park School,21530,5,75 - 80,43,37,16,<10,20,80,2468,75 , 80,0,20,0,21530,0,0,0
2015,sch,rea,Regular,Manchester,335,Gossler Park School,21530,0,185 - 190,41,28,21,10,31,69,NULL,185 , 190,0,31,0,21530,0,0,0
2015,sch,rea,Regular,Manchester,335,Gossler Park School,21530,3,55 - 60,35,33,21,11,32,68,2402,55 , 60,0,32,0,21530,0,0,0
2015,sch,rea,Regular,Manchester,335,Gossler Park School,21530,4,55 - 60,55,23,11,11,21,79,2405,55 , 60,0,21,0,21530,0,0,0
2015,sch,rea,Regular,Manchester,335,Gossler Park School,21530,5,75 - 80,35,28,29,<10,37,63,2481,75 , 80,0,37,0,21530,0,0,0
2015,sch,sci,Regular,Manchester,335,Gossler Park School,21530,0,55 - 60,54,36,11,<10,11,89,NULL,55 , 60,0,11,0,21530,0,0,0
2015,sch,sci,Regular,Manchester,335,Gossler Park School,21530,4,55 - 60,54,36,11,<10,11,89,NULL,55 , 60,0,11,0,21530,0,0,0
2015,sch,mat,Regular,Manchester,335,Green Acres School,21610,0,295 - 300,18,32,32,18,50,50,NULL,295 , 300,297.5,50,14875,21610,297.5,14875,50
2015,sch,mat,Regular,Manchester,335,Green Acres School,21610,3,100 - 105,22,31,31,17,48,52,2432,100 , 105,0,48,0,21610,0,0,0
2015,sch,mat,Regular,Manchester,335,Green Acres School,21610,4,100 - 105,14,24,41,21,62,38,2486,100 , 105,0,62,0,21610,0,0,0
2015,sch,mat,Regular,Manchester,335,Green Acres School,21610,5,95 - 100,19,41,25,15,40,60,2514,95 , 100,0,40,0,21610,0,0,0
2015,sch,rea,Regular,Manchester,335,Green Acres School,21610,0,295 - 300,16,26,34,23,58,42,NULL,295 , 300,0,58,0,21610,0,0,0
2015,sch,rea,Regular,Manchester,335,Green Acres School,21610,3,100 - 105,15,32,26,28,53,47,2440,100 , 105,0,53,0,21610,0,0,0
2015,sch,rea,Regular,Manchester,335,Green Acres School,21610,4,100 - 105,22,25,27,25,52,48,2477,100 , 105,0,52,0,21610,0,0,0
2015,sch,rea,Regular,Manchester,335,Green Acres School,21610,5,95 - 100,11,22,51,17,67,33,2525,95 , 100,0,67,0,21610,0,0,0
2015,sch,sci,Regular,Manchester,335,Green Acres School,21610,0,105 - 110,18,40,42,<10,42,58,NULL,105 , 110,0,42,0,21610,0,0,0
2015,sch,sci,Regular,Manchester,335,Green Acres School,21610,4,105 - 110,18,40,42,<10,42,58,NULL,105 , 110,0,42,0,21610,0,0,0
2015,sch,mat,Regular,Manchester,335,Hallsville School,21625,0,160 - 165,41,29,23,<10,29,71,NULL,160 , 165,162.5,29,4712.5,0,0,0,0
2015,sch,mat,Regular,Manchester,335,Hallsville School,21625,3,55 - 60,32,32,25,10,36,64,2410,55 , 60,0,36,0,0,0,0,0
2015,sch,mat,Regular,Manchester,335,Hallsville School,21625,4,50 - 55,35,27,31,<10,38,62,2448,50 , 55,0,38,0,0,0,0,0
2015,sch,mat,Regular,Manchester,335,Hallsville School,21625,5,50 - 55,58,29,12,<10,13,87,2447,50 , 55,0,13,0,0,0,0,0
2015,sch,rea,Regular,Manchester,335,Hallsville School,21625,0,160 - 165,41,27,21,10,31,69,NULL,160 , 165,0,31,0,0,0,0,0
2015,sch,rea,Regular,Manchester,335,Hallsville School,21625,3,55 - 60,42,32,22,<10,25,75,2381,55 , 60,0,25,0,0,0,0,0
2015,sch,rea,Regular,Manchester,335,Hallsville School,21625,4,50 - 55,47,25,<10,20,27,73,2438,50 , 55,0,27,0,0,0,0,0
2015,sch,rea,Regular,Manchester,335,Hallsville School,21625,5,50 - 55,35,23,33,10,42,58,2473,50 , 55,0,42,0,0,0,0,0
2015,sch,sci,Regular,Manchester,335,Hallsville School,21625,0,50 - 55,33,46,20,<10,20,80,NULL,50 , 55,0,20,0,0,0,0,0
2015,sch,sci,Regular,Manchester,335,Hallsville School,21625,4,50 - 55,33,46,20,<10,20,80,NULL,50 , 55,0,20,0,0,0,0,0
2015,sch,mat,Regular,Manchester,335,Henry J. McLaughlin Middle School,27595,0,580 - 585,48,27,17,<10,25,75,NULL,580 , 585,582.5,25,14562.5,27595,582.5,14562.5,25
2015,sch,mat,Regular,Manchester,335,Henry J. McLaughlin Middle School,27595,6,200 - 205,47,28,19,<10,26,74,2482,200 , 205,0,26,0,27595,0,0,0
2015,sch,mat,Regular,Manchester,335,Henry J. McLaughlin Middle School,27595,7,195 - 200,46,29,15,11,26,74,2499,195 , 200,0,26,0,27595,0,0,0
2015,sch,mat,Regular,Manchester,335,Henry J. McLaughlin Middle School,27595,8,185 - 190,53,25,17,<10,23,77,2499,185 , 190,0,23,0,27595,0,0,0
2015,sch,rea,Regular,Manchester,335,Henry J. McLaughlin Middle School,27595,0,580 - 585,39,28,26,<10,33,67,NULL,580 , 585,0,33,0,27595,0,0,0
2015,sch,rea,Regular,Manchester,335,Henry J. McLaughlin Middle School,27595,6,200 - 205,42,35,20,<10,24,77,2475,200 , 205,0,24,0,27595,0,0,0
2015,sch,rea,Regular,Manchester,335,Henry J. McLaughlin Middle School,27595,7,195 - 200,39,21,31,<10,40,60,2517,195 , 200,0,40,0,27595,0,0,0
2015,sch,rea,Regular,Manchester,335,Henry J. McLaughlin Middle School,27595,8,185 - 190,35,30,26,<10,35,65,2527,185 , 190,0,35,0,27595,0,0,0
2015,sch,sci,Regular,Manchester,335,Henry J. McLaughlin Middle School,27595,0,245 - 250,48,45,<10,<10,<10,>90,NULL,245 , 250,0,10,0,27595,0,0,0
2015,sch,sci,Regular,Manchester,335,Henry J. McLaughlin Middle School,27595,8,245 - 250,48,45,<10,<10,<10,>90,NULL,245 , 250,0,10,0,27595,0,0,0
2015,sch,mat,Regular,Manchester,335,Highland-Goffes Falls School,21560,0,235 - 240,31,40,22,<10,29,71,NULL,235 , 240,237.5,29,6887.5,21560,237.5,6887.5,29
2015,sch,mat,Regular,Manchester,335,Highland-Goffes Falls School,21560,3,60 - 65,33,33,27,<10,33,67,2401,60 , 65,0,33,0,21560,0,0,0
2015,sch,mat,Regular,Manchester,335,Highland-Goffes Falls School,21560,4,80 - 85,27,45,21,<10,27,73,2447,80 , 85,0,27,0,21560,0,0,0
2015,sch,mat,Regular,Manchester,335,Highland-Goffes Falls School,21560,5,90 - 95,33,41,19,<10,26,74,2485,90 , 95,0,26,0,21560,0,0,0
2015,sch,rea,Regular,Manchester,335,Highland-Goffes Falls School,21560,0,235 - 240,40,27,22,11,33,67,NULL,235 , 240,0,33,0,21560,0,0,0
2015,sch,rea,Regular,Manchester,335,Highland-Goffes Falls School,21560,3,60 - 65,52,22,17,10,27,73,2379,60 , 65,0,27,0,21560,0,0,0
2015,sch,rea,Regular,Manchester,335,Highland-Goffes Falls School,21560,4,80 - 85,37,31,17,15,32,68,2443,80 , 85,0,32,0,21560,0,0,0
2015,sch,rea,Regular,Manchester,335,Highland-Goffes Falls School,21560,5,90 - 95,34,27,30,<10,38,62,2476,90 , 95,0,38,0,21560,0,0,0
2015,sch,sci,Regular,Manchester,335,Highland-Goffes Falls School,21560,0,95 - 100,20,62,18,<10,18,82,NULL,95 , 100,0,18,0,21560,0,0,0
2015,sch,sci,Regular,Manchester,335,Highland-Goffes Falls School,21560,4,95 - 100,20,62,18,<10,18,82,NULL,95 , 100,0,18,0,21560,0,0,0
2015,sch,mat,Regular,Manchester,335,Hillside Middle School,21520,0,575 - 580,41,35,17,<10,25,75,NULL,575 , 580,577.5,25,14437.5,21520,577.5,14437.5,25
2015,sch,mat,Regular,Manchester,335,Hillside Middle School,21520,6,195 - 200,37,41,19,<10,22,78,2490,195 , 200,0,22,0,21520,0,0,0
2015,sch,mat,Regular,Manchester,335,Hillside Middle School,21520,7,205 - 210,39,33,17,11,28,72,2509,205 , 210,0,28,0,21520,0,0,0
2015,sch,mat,Regular,Manchester,335,Hillside Middle School,21520,8,175 - 180,46,31,16,<10,23,77,2508,175 , 180,0,23,0,21520,0,0,0
2015,sch,rea,Regular,Manchester,335,Hillside Middle School,21520,0,570 - 575,39,30,24,<10,31,69,NULL,570 , 575,0,31,0,21520,0,0,0
2015,sch,rea,Regular,Manchester,335,Hillside Middle School,21520,6,190 - 195,32,36,24,<10,33,67,2492,190 , 195,0,33,0,21520,0,0,0
2015,sch,rea,Regular,Manchester,335,Hillside Middle School,21520,7,205 - 210,38,29,24,<10,33,67,2516,205 , 210,0,33,0,21520,0,0,0
2015,sch,rea,Regular,Manchester,335,Hillside Middle School,21520,8,175 - 180,47,25,23,<10,28,72,2509,175 , 180,0,28,0,21520,0,0,0
2015,sch,sci,Regular,Manchester,335,Hillside Middle School,21520,0,235 - 240,48,42,<10,<10,10,90,NULL,235 , 240,0,10,0,21520,0,0,0
2015,sch,sci,Regular,Manchester,335,Hillside Middle School,21520,8,235 - 240,48,42,<10,<10,10,90,NULL,235 , 240,0,10,0,21520,0,0,0
2015,sch,mat,Regular,Manchester,335,Jewett School,21590,0,150 - 155,36,43,16,<10,21,79,NULL,150 , 155,152.5,21,3202.5,21590,152.5,3202.5,21
2015,sch,mat,Regular,Manchester,335,Jewett School,21590,3,40 - 45,31,26,38,<10,43,57,2410,40 , 45,0,43,0,21590,0,0,0
2015,sch,mat,Regular,Manchester,335,Jewett School,21590,4,55 - 60,34,50,<10,<10,16,84,2436,55 , 60,0,16,0,21590,0,0,0
2015,sch,mat,Regular,Manchester,335,Jewett School,21590,5,50 - 55,41,50,<10,<10,<10,>90,2456,50 , 55,0,10,0,21590,0,0,0
2015,sch,rea,Regular,Manchester,335,Jewett School,21590,0,150 - 155,43,22,24,11,35,65,NULL,150 , 155,0,35,0,21590,0,0,0
2015,sch,rea,Regular,Manchester,335,Jewett School,21590,3,40 - 45,36,26,33,<10,38,62,2402,40 , 45,0,38,0,21590,0,0,0
2015,sch,rea,Regular,Manchester,335,Jewett School,21590,4,55 - 60,52,21,18,<10,27,73,2423,55 , 60,0,27,0,21590,0,0,0
2015,sch,rea,Regular,Manchester,335,Jewett School,21590,5,50 - 55,39,20,24,17,41,59,2483,50 , 55,0,41,0,21590,0,0,0
2015,sch,sci,Regular,Manchester,335,Jewett School,21590,0,60 - 65,19,55,24,<10,26,74,NULL,60 , 65,0,26,0,21590,0,0,0
2015,sch,sci,Regular,Manchester,335,Jewett School,21590,4,60 - 65,19,55,24,<10,26,74,NULL,60 , 65,0,26,0,21590,0,0,0
2015,sch,mat,Regular,Manchester,335,Manchester Central High School,21510,0,255 - 260,37,25,25,13,39,61,NULL,255 , 260,257.5,39,10042.5,21510,257.5,10042.5,39
2015,sch,mat,Regular,Manchester,335,Manchester Central High School,21510,11,255 - 260,37,25,25,13,39,61,2591,255 , 260,0,39,0,21510,0,0,0
2015,sch,rea,Regular,Manchester,335,Manchester Central High School,21510,0,265 - 270,15,20,33,32,65,35,NULL,265 , 270,0,65,0,21510,0,0,0
2015,sch,rea,Regular,Manchester,335,Manchester Central High School,21510,11,265 - 270,15,20,33,32,65,35,2620,265 , 270,0,65,0,21510,0,0,0
2015,sch,sci,Regular,Manchester,335,Manchester Central High School,21510,0,405 - 410,31,45,23,<10,24,76,NULL,405 , 410,0,24,0,21510,0,0,0
2015,sch,sci,Regular,Manchester,335,Manchester Central High School,21510,11,405 - 410,31,45,23,<10,24,76,NULL,405 , 410,0,24,0,21510,0,0,0
2015,sch,mat,Regular,Manchester,335,Manchester Memorial High School,21505,0,125 - 130,68,15,<10,11,17,83,NULL,125 , 130,127.5,17,2167.5,21505,127.5,2167.5,17
2015,sch,mat,Regular,Manchester,335,Manchester Memorial High School,21505,11,125 - 130,68,15,<10,11,17,83,2510,125 , 130,0,17,0,21505,0,0,0
2015,sch,rea,Regular,Manchester,335,Manchester Memorial High School,21505,0,120 - 125,27,27,30,17,47,53,NULL,120 , 125,0,47,0,21505,0,0,0
2015,sch,rea,Regular,Manchester,335,Manchester Memorial High School,21505,11,120 - 125,27,27,30,17,47,53,2571,120 , 125,0,47,0,21505,0,0,0
2015,sch,sci,Regular,Manchester,335,Manchester Memorial High School,21505,0,365 - 370,35,38,25,<10,26,74,NULL,365 , 370,0,26,0,21505,0,0,0
2015,sch,sci,Regular,Manchester,335,Manchester Memorial High School,21505,11,365 - 370,35,38,25,<10,26,74,NULL,365 , 370,0,26,0,21505,0,0,0
2015,sch,mat,Regular,Manchester,335,Manchester School of Technology (High School),29085,0,20 - 25,64,27,<10,<10,<10,>90,NULL,20 , 25,22.5,10,225,29085,22.5,225,10
2015,sch,mat,Regular,Manchester,335,Manchester School of Technology (High School),29085,11,20 - 25,64,27,<10,<10,<10,>90,2504,20 , 25,0,10,0,29085,0,0,0
2015,sch,rea,Regular,Manchester,335,Manchester School of Technology (High School),29085,0,20 - 25,33,33,29,<10,33,67,NULL,20 , 25,0,33,0,29085,0,0,0
2015,sch,rea,Regular,Manchester,335,Manchester School of Technology (High School),29085,11,20 - 25,33,33,29,<10,33,67,2538,20 , 25,0,33,0,29085,0,0,0
2015,sch,sci,Regular,Manchester,335,Manchester School of Technology (High School),29085,0,50 - 55,41,45,14,<10,14,86,NULL,50 , 55,0,14,0,29085,0,0,0
2015,sch,sci,Regular,Manchester,335,Manchester School of Technology (High School),29085,11,50 - 55,41,45,14,<10,14,86,NULL,50 , 55,0,14,0,29085,0,0,0
2015,sch,mat,Regular,Manchester,335,Manchester West High School,21555,0,135 - 140,47,32,14,<10,21,79,NULL,135 , 140,137.5,21,2887.5,21555,137.5,2887.5,21
2015,sch,mat,Regular,Manchester,335,Manchester West High School,21555,11,135 - 140,47,32,14,<10,21,79,2546,135 , 140,0,21,0,21555,0,0,0
2015,sch,rea,Regular,Manchester,335,Manchester West High School,21555,0,140 - 145,24,26,34,16,50,50,NULL,140 , 145,0,50,0,21555,0,0,0
2015,sch,rea,Regular,Manchester,335,Manchester West High School,21555,11,140 - 145,24,26,34,16,50,50,2571,140 , 145,0,50,0,21555,0,0,0
2015,sch,sci,Regular,Manchester,335,Manchester West High School,21555,0,190 - 195,45,34,20,<10,21,79,NULL,190 , 195,0,21,0,21555,0,0,0
2015,sch,sci,Regular,Manchester,335,Manchester West High School,21555,11,190 - 195,45,34,20,<10,21,79,NULL,190 , 195,0,21,0,21555,0,0,0
2015,sch,mat,Regular,Manchester,335,McDonough School,21565,0,210 - 215,28,35,29,<10,37,63,NULL,210 , 215,212.5,37,7862.5,21565,212.5,7862.5,37
2015,sch,mat,Regular,Manchester,335,McDonough School,21565,3,70 - 75,21,36,38,<10,44,56,2422,70 , 75,0,44,0,21565,0,0,0
2015,sch,mat,Regular,Manchester,335,McDonough School,21565,4,65 - 70,25,35,30,10,41,59,2467,65 , 70,0,41,0,21565,0,0,0
2015,sch,mat,Regular,Manchester,335,McDonough School,21565,5,70 - 75,38,35,17,10,27,73,2471,70 , 75,0,27,0,21565,0,0,0
2015,sch,rea,Regular,Manchester,335,McDonough School,21565,0,205 - 210,41,26,19,14,33,67,NULL,205 , 210,0,33,0,21565,0,0,0
2015,sch,rea,Regular,Manchester,335,McDonough School,21565,3,70 - 75,38,27,18,16,34,66,2400,70 , 75,0,34,0,21565,0,0,0
2015,sch,rea,Regular,Manchester,335,McDonough School,21565,4,60 - 65,39,31,14,16,30,70,2442,60 , 65,0,30,0,21565,0,0,0
2015,sch,rea,Regular,Manchester,335,McDonough School,21565,5,70 - 75,46,19,24,11,36,64,2468,70 , 75,0,36,0,21565,0,0,0
2015,sch,sci,Regular,Manchester,335,McDonough School,21565,0,75 - 80,21,56,23,<10,23,77,NULL,75 , 80,0,23,0,21565,0,0,0
2015,sch,sci,Regular,Manchester,335,McDonough School,21565,4,75 - 80,21,56,23,<10,23,77,NULL,75 , 80,0,23,0,21565,0,0,0
2015,sch,mat,Regular,Manchester,335,Middle School At Parkside,21525,0,465 - 470,48,32,15,<10,20,80,NULL,465 , 470,467.5,20,9350,21525,467.5,9350,20
2015,sch,mat,Regular,Manchester,335,Middle School At Parkside,21525,6,160 - 165,37,39,17,<10,25,75,2491,160 , 165,0,25,0,21525,0,0,0
2015,sch,mat,Regular,Manchester,335,Middle School At Parkside,21525,7,190 - 195,49,30,14,<10,20,80,2478,190 , 195,0,20,0,21525,0,0,0
2015,sch,mat,Regular,Manchester,335,Middle School At Parkside,21525,8,110 - 115,61,24,13,<10,15,85,2474,110 , 115,0,15,0,21525,0,0,0
2015,sch,rea,Regular,Manchester,335,Middle School At Parkside,21525,0,470 - 475,47,29,19,<10,24,76,NULL,470 , 475,0,24,0,21525,0,0,0
2015,sch,rea,Regular,Manchester,335,Middle School At Parkside,21525,6,160 - 165,38,36,18,<10,26,74,2478,160 , 165,0,26,0,21525,0,0,0
2015,sch,rea,Regular,Manchester,335,Middle School At Parkside,21525,7,190 - 195,55,24,19,<10,21,79,2477,190 , 195,0,21,0,21525,0,0,0
2015,sch,rea,Regular,Manchester,335,Middle School At Parkside,21525,8,115 - 120,47,29,22,<10,24,76,2502,115 , 120,0,24,0,21525,0,0,0
2015,sch,sci,Regular,Manchester,335,Middle School At Parkside,21525,0,175 - 180,36,53,12,<10,12,88,NULL,175 , 180,0,12,0,21525,0,0,0
2015,sch,sci,Regular,Manchester,335,Middle School At Parkside,21525,8,175 - 180,36,53,12,<10,12,88,NULL,175 , 180,0,12,0,21525,0,0,0
2015,sch,mat,Regular,Manchester,335,Northwest Elementary School,26435,0,230 - 235,21,41,25,13,38,62,NULL,230 , 235,232.5,38,8835,26435,232.5,8835,38
2015,sch,mat,Regular,Manchester,335,Northwest Elementary School,26435,3,75 - 80,13,29,34,24,58,42,2453,75 , 80,0,58,0,26435,0,0,0
2015,sch,mat,Regular,Manchester,335,Northwest Elementary School,26435,4,80 - 85,18,49,27,<10,33,67,2459,80 , 85,0,33,0,26435,0,0,0
2015,sch,mat,Regular,Manchester,335,Northwest Elementary School,26435,5,70 - 75,34,44,13,<10,21,79,2485,70 , 75,0,21,0,26435,0,0,0
2015,sch,rea,Regular,Manchester,335,Northwest Elementary School,26435,0,275 - 280,34,29,21,16,37,63,NULL,275 , 280,0,37,0,26435,0,0,0
2015,sch,rea,Regular,Manchester,335,Northwest Elementary School,26435,3,95 - 100,31,28,20,21,41,59,2415,95 , 100,0,41,0,26435,0,0,0
2015,sch,rea,Regular,Manchester,335,Northwest Elementary School,26435,4,100 - 105,41,28,14,16,31,69,2431,100 , 105,0,31,0,26435,0,0,0
2015,sch,rea,Regular,Manchester,335,Northwest Elementary School,26435,5,80 - 85,28,31,30,11,41,59,2491,80 , 85,0,41,0,26435,0,0,0
2015,sch,sci,Regular,Manchester,335,Northwest Elementary School,26435,0,105 - 110,29,51,19,<10,20,80,NULL,105 , 110,0,20,0,26435,0,0,0
2015,sch,sci,Regular,Manchester,335,Northwest Elementary School,26435,4,105 - 110,29,51,19,<10,20,80,NULL,105 , 110,0,20,0,26435,0,0,0
2015,sch,mat,Regular,Manchester,335,Parker-Varney School,21540,0,195 - 200,39,37,20,<10,25,75,NULL,195 , 200,197.5,25,4937.5,21540,197.5,4937.5,25
2015,sch,mat,Regular,Manchester,335,Parker-Varney School,21540,3,65 - 70,44,33,18,<10,23,77,2390,65 , 70,0,23,0,21540,0,0,0
2015,sch,mat,Regular,Manchester,335,Parker-Varney School,21540,4,70 - 75,38,39,19,<10,24,76,2427,70 , 75,0,24,0,21540,0,0,0
2015,sch,mat,Regular,Manchester,335,Parker-Varney School,21540,5,60 - 65,34,38,21,<10,28,72,2483,60 , 65,0,28,0,21540,0,0,0
2015,sch,rea,Regular,Manchester,335,Parker-Varney School,21540,0,195 - 200,50,25,18,<10,25,75,NULL,195 , 200,0,25,0,21540,0,0,0
2015,sch,rea,Regular,Manchester,335,Parker-Varney School,21540,3,65 - 70,53,29,11,<10,18,82,2372,65 , 70,0,18,0,21540,0,0,0
2015,sch,rea,Regular,Manchester,335,Parker-Varney School,21540,4,70 - 75,64,21,10,<10,15,85,2397,70 , 75,0,15,0,21540,0,0,0
2015,sch,rea,Regular,Manchester,335,Parker-Varney School,21540,5,60 - 65,31,25,36,<10,44,56,2484,60 , 65,0,44,0,21540,0,0,0
2015,sch,sci,Regular,Manchester,335,Parker-Varney School,21540,0,70 - 75,38,51,11,<10,11,89,NULL,70 , 75,0,11,0,21540,0,0,0
2015,sch,sci,Regular,Manchester,335,Parker-Varney School,21540,4,70 - 75,38,51,11,<10,11,89,NULL,70 , 75,0,11,0,21540,0,0,0
2015,sch,mat,Regular,Manchester,335,Smyth Road School,21605,0,140 - 145,13,40,31,16,47,53,NULL,140 , 145,142.5,47,6697.5,21605,142.5,6697.5,47
2015,sch,mat,Regular,Manchester,335,Smyth Road School,21605,3,40 - 45,25,38,28,10,38,63,2420,40 , 45,0,38,0,21605,0,0,0
2015,sch,mat,Regular,Manchester,335,Smyth Road School,21605,4,55 - 60,<10,39,40,12,53,47,2487,55 , 60,0,53,0,21605,0,0,0
2015,sch,mat,Regular,Manchester,335,Smyth Road School,21605,5,45 - 50,<10,43,23,26,49,51,2535,45 , 50,0,49,0,21605,0,0,0
2015,sch,rea,Regular,Manchester,335,Smyth Road School,21605,0,140 - 145,14,23,39,24,63,37,NULL,140 , 145,0,63,0,21605,0,0,0
2015,sch,rea,Regular,Manchester,335,Smyth Road School,21605,3,40 - 45,25,23,40,13,53,48,2423,40 , 45,0,53,0,21605,0,0,0
2015,sch,rea,Regular,Manchester,335,Smyth Road School,21605,4,55 - 60,12,30,30,28,58,42,2488,55 , 60,0,58,0,21605,0,0,0
2015,sch,rea,Regular,Manchester,335,Smyth Road School,21605,5,45 - 50,<10,15,49,30,79,21,2552,45 , 50,0,79,0,21605,0,0,0
2015,sch,sci,Regular,Manchester,335,Smyth Road School,21605,0,65 - 70,16,51,33,<10,33,67,NULL,65 , 70,0,33,0,21605,0,0,0
2015,sch,sci,Regular,Manchester,335,Smyth Road School,21605,4,65 - 70,16,51,33,<10,33,67,NULL,65 , 70,0,33,0,21605,0,0,0
2015,sch,mat,Regular,Manchester,335,Southside Middle School,21575,0,535 - 540,46,30,18,<10,24,76,NULL,535 , 540,537.5,24,12900,21575,537.5,12900,24
2015,sch,mat,Regular,Manchester,335,Southside Middle School,21575,6,215 - 220,53,30,15,<10,16,84,2457,215 , 220,0,16,0,21575,0,0,0
2015,sch,mat,Regular,Manchester,335,Southside Middle School,21575,7,140 - 145,40,38,18,<10,22,78,2490,140 , 145,0,22,0,21575,0,0,0
2015,sch,mat,Regular,Manchester,335,Southside Middle School,21575,8,175 - 180,42,24,23,11,34,66,2530,175 , 180,0,34,0,21575,0,0,0
2015,sch,rea,Regular,Manchester,335,Southside Middle School,21575,0,525 - 530,41,34,22,<10,25,75,NULL,525 , 530,0,25,0,21575,0,0,0
2015,sch,rea,Regular,Manchester,335,Southside Middle School,21575,6,210 - 215,48,37,14,<10,15,85,2459,210 , 215,0,15,0,21575,0,0,0
2015,sch,rea,Regular,Manchester,335,Southside Middle School,21575,7,140 - 145,43,31,23,<10,26,74,2495,140 , 145,0,26,0,21575,0,0,0
2015,sch,rea,Regular,Manchester,335,Southside Middle School,21575,8,170 - 175,31,32,31,<10,37,63,2531,170 , 175,0,37,0,21575,0,0,0
2015,sch,sci,Regular,Manchester,335,Southside Middle School,21575,0,230 - 235,44,45,11,<10,11,89,NULL,230 , 235,0,11,0,21575,0,0,0
2015,sch,sci,Regular,Manchester,335,Southside Middle School,21575,8,230 - 235,44,45,11,<10,11,89,NULL,230 , 235,0,11,0,21575,0,0,0
2015,sch,mat,Regular,Manchester,335,Webster School,21635,0,175 - 180,27,29,27,18,44,56,NULL,175 , 180,177.5,44,7810,21635,177.5,7810,44
2015,sch,mat,Regular,Manchester,335,Webster School,21635,3,65 - 70,18,22,39,21,60,40,2446,65 , 70,0,60,0,21635,0,0,0
2015,sch,mat,Regular,Manchester,335,Webster School,21635,4,40 - 45,35,35,23,<10,30,70,2448,40 , 45,0,30,0,21635,0,0,0
2015,sch,mat,Regular,Manchester,335,Webster School,21635,5,65 - 70,31,31,16,21,37,63,2500,65 , 70,0,37,0,21635,0,0,0
2015,sch,rea,Regular,Manchester,335,Webster School,21635,0,165 - 170,33,22,22,23,45,55,NULL,165 , 170,0,45,0,21635,0,0,0
2015,sch,rea,Regular,Manchester,335,Webster School,21635,3,60 - 65,20,31,22,27,48,52,2430,60 , 65,0,48,0,21635,0,0,0
2015,sch,rea,Regular,Manchester,335,Webster School,21635,4,40 - 45,52,19,17,12,29,71,2421,40 , 45,0,29,0,21635,0,0,0
2015,sch,rea,Regular,Manchester,335,Webster School,21635,5,60 - 65,34,15,26,26,52,48,2503,60 , 65,0,52,0,21635,0,0,0
2015,sch,sci,Regular,Manchester,335,Webster School,21635,0,50 - 55,20,56,24,<10,24,76,NULL,50 , 55,0,24,0,21635,0,0,0
2015,sch,sci,Regular,Manchester,335,Webster School,21635,4,50 - 55,20,56,24,<10,24,76,NULL,50 , 55,0,24,0,21635,0,0,0
2015,sch,mat,Regular,Manchester,335,Weston School,21515,0,240 - 245,27,37,25,11,36,64,NULL,240 , 245,242.5,36,8730,21515,242.5,8730,36
2015,sch,mat,Regular,Manchester,335,Weston School,21515,3,75 - 80,25,24,34,17,51,49,2429,75 , 80,0,51,0,21515,0,0,0
2015,sch,mat,Regular,Manchester,335,Weston School,21515,4,65 - 70,21,49,25,<10,31,69,2452,65 , 70,0,31,0,21515,0,0,0
2015,sch,mat,Regular,Manchester,335,Weston School,21515,5,95 - 100,32,40,17,10,27,73,2484,95 , 100,0,27,0,21515,0,0,0
2015,sch,rea,Regular,Manchester,335,Weston School,21515,0,240 - 245,28,29,27,16,43,57,NULL,240 , 245,0,43,0,21515,0,0,0
2015,sch,rea,Regular,Manchester,335,Weston School,21515,3,75 - 80,26,34,22,18,40,60,2416,75 , 80,0,40,0,21515,0,0,0
2015,sch,rea,Regular,Manchester,335,Weston School,21515,4,65 - 70,37,25,30,<10,37,63,2441,65 , 70,0,37,0,21515,0,0,0
2015,sch,rea,Regular,Manchester,335,Weston School,21515,5,95 - 100,23,28,29,19,48,52,2499,95 , 100,0,48,0,21515,0,0,0
2015,sch,sci,Regular,Manchester,335,Weston School,21515,0,75 - 80,21,53,25,<10,25,75,NULL,75 , 80,0,25,0,21515,0,0,0
2015,sch,sci,Regular,Manchester,335,Weston School,21515,4,75 - 80,21,53,25,<10,25,75,NULL,75 , 80,0,25,0,21515,0,0,0
2015,sch,mat,Regular,Manchester,335,Wilson School,21640,0,180 - 185,53,32,12,<10,15,85,NULL,180 , 185,182.5,15,2737.5,0,0,0,0
2015,sch,mat,Regular,Manchester,335,Wilson School,21640,3,75 - 80,69,19,<10,<10,12,88,2347,75 , 80,0,12,0,0,0,0,0
2015,sch,mat,Regular,Manchester,335,Wilson School,21640,4,55 - 60,31,44,24,<10,25,75,2439,55 , 60,0,25,0,0,0,0,0
2015,sch,mat,Regular,Manchester,335,Wilson School,21640,5,45 - 50,53,38,<10,<10,<10,>90,2439,45 , 50,0,10,0,0,0,0,0
2015,sch,rea,Regular,Manchester,335,Wilson School,21640,0,175 - 180,58,24,14,<10,18,82,NULL,175 , 180,0,18,0,0,0,0,0
2015,sch,rea,Regular,Manchester,335,Wilson School,21640,3,75 - 80,79,13,<10,<10,<10,>90,2335,75 , 80,0,10,0,0,0,0,0
2015,sch,rea,Regular,Manchester,335,Wilson School,21640,4,55 - 60,51,29,15,<10,20,80,2410,55 , 60,0,20,0,0,0,0,0
2015,sch,rea,Regular,Manchester,335,Wilson School,21640,5,45 - 50,31,38,27,<10,31,69,2463,45 , 50,0,31,0,0,0,0,0
2015,sch,sci,Regular,Manchester,335,Wilson School,21640,0,55 - 60,41,50,<10,<10,<10,>90,NULL,55 , 60,0,10,0,0,0,0,0
2015,sch,sci,Regular,Manchester,335,Wilson School,21640,4,55 - 60,41,50,<10,<10,<10,>90,NULL,55 , 60,0,10,0,0,0,0,0
2015,sch,mat,Regular,Marlborough,339,Marlborough Elementary School,21210,0,115 - 120,22,41,30,<10,37,63,NULL,115 , 120,117.5,37,4347.5,21210,117.5,4347.5,37
2015,sch,mat,Regular,Marlborough,339,Marlborough Elementary School,21210,3,15 - 20,19,38,44,<10,44,56,2424,15 , 20,0,44,0,21210,0,0,0
2015,sch,mat,Regular,Marlborough,339,Marlborough Elementary School,21210,4,15 - 20,42,47,11,<10,11,89,2417,15 , 20,0,11,0,21210,0,0,0
2015,sch,mat,Regular,Marlborough,339,Marlborough Elementary School,21210,5,15 - 20,33,50,17,<10,17,83,2484,15 , 20,0,17,0,21210,0,0,0
2015,sch,mat,Regular,Marlborough,339,Marlborough Elementary School,21210,6,10 - 15,14,36,43,<10,50,50,2546,10 , 15,0,50,0,21210,0,0,0
2015,sch,mat,Regular,Marlborough,339,Marlborough Elementary School,21210,7,25 - 30,11,41,33,15,48,52,2560,25 , 30,0,48,0,21210,0,0,0
2015,sch,mat,Regular,Marlborough,339,Marlborough Elementary School,21210,8,20 - 25,14,33,33,19,52,48,2579,20 , 25,0,52,0,21210,0,0,0
2015,sch,rea,Regular,Marlborough,339,Marlborough Elementary School,21210,0,110 - 115,12,30,43,15,58,42,NULL,110 , 115,0,58,0,21210,0,0,0
2015,sch,rea,Regular,Marlborough,339,Marlborough Elementary School,21210,3,15 - 20,13,40,33,13,47,53,2430,15 , 20,0,47,0,21210,0,0,0
2015,sch,rea,Regular,Marlborough,339,Marlborough Elementary School,21210,4,15 - 20,21,53,16,11,26,74,2460,15 , 20,0,26,0,21210,0,0,0
2015,sch,rea,Regular,Marlborough,339,Marlborough Elementary School,21210,5,15 - 20,<10,22,61,11,72,28,2527,15 , 20,0,72,0,21210,0,0,0
2015,sch,rea,Regular,Marlborough,339,Marlborough Elementary School,21210,6,10 - 15,<10,21,64,14,79,21,2560,10 , 15,0,79,0,21210,0,0,0
2015,sch,rea,Regular,Marlborough,339,Marlborough Elementary School,21210,7,25 - 30,19,27,38,15,54,46,2560,25 , 30,0,54,0,21210,0,0,0
2015,sch,rea,Regular,Marlborough,339,Marlborough Elementary School,21210,8,20 - 25,<10,19,52,24,76,24,2626,20 , 25,0,76,0,21210,0,0,0
2015,sch,sci,Regular,Marlborough,339,Marlborough Elementary School,21210,0,35 - 40,<10,54,38,<10,38,62,NULL,35 , 40,0,38,0,21210,0,0,0
2015,sch,sci,Regular,Marlborough,339,Marlborough Elementary School,21210,4,15 - 20,<10,37,58,<10,58,42,NULL,15 , 20,0,58,0,21210,0,0,0
2015,sch,sci,Regular,Marlborough,339,Marlborough Elementary School,21210,8,20 - 25,10,70,20,<10,20,80,NULL,20 , 25,0,20,0,21210,0,0,0
2015,sch,mat,Regular,Marlow,341,John Perkins Elementary School,23000,0,15 - 20,12,24,41,24,65,35,NULL,15 , 20,17.5,65,1137.5,23000,17.5,1137.5,65
2015,sch,mat,Regular,Marlow,341,John Perkins Elementary School,23000,3, 0 - 10,* n < 11,* n < 11,* n < 11,* n < 11,* n < 11,* n < 11,* n < 11, 0 , 10,0,* n < 11,0,23000,0,0,0
2015,sch,mat,Regular,Marlow,341,John Perkins Elementary School,23000,4, 0 - 10,* n < 11,* n < 11,* n < 11,* n < 11,* n < 11,* n < 11,* n < 11, 0 , 10,0,* n < 11,0,23000,0,0,0
2015,sch,mat,Regular,Marlow,341,John Perkins Elementary School,23000,5, 0 - 10,* n < 11,* n < 11,* n < 11,* n < 11,* n < 11,* n < 11,* n < 11, 0 , 10,0,* n < 11,0,23000,0,0,0
2015,sch,mat,Regular,Marlow,341,John Perkins Elementary School,23000,6, 0 - 10,* n < 11,* n < 11,* n < 11,* n < 11,* n < 11,* n < 11,* n < 11, 0 , 10,0,* n < 11,0,23000,0,0,0
2015,sch,rea,Regular,Marlow,341,John Perkins Elementary School,23000,0,15 - 20,<10,35,35,29,65,35,NULL,15 , 20,0,65,0,23000,0,0,0
2015,sch,rea,Regular,Marlow,341,John Perkins Elementary School,23000,3, 0 - 10,* n < 11,* n < 11,* n < 11,* n < 11,* n < 11,* n < 11,* n < 11, 0 , 10,0,* n < 11,0,23000,0,0,0
2015,sch,rea,Regular,Marlow,341,John Perkins Elementary School,23000,4, 0 - 10,* n < 11,* n < 11,* n < 11,* n < 11,* n < 11,* n < 11,* n < 11, 0 , 10,0,* n < 11,0,23000,0,0,0
2015,sch,rea,Regular,Marlow,341,John Perkins Elementary School,23000,5, 0 - 10,* n < 11,* n < 11,* n < 11,* n < 11,* n < 11,* n < 11,* n < 11, 0 , 10,0,* n < 11,0,23000,0,0,0
2015,sch,rea,Regular,Marlow,341,John Perkins Elementary School,23000,6, 0 - 10,* n < 11,* n < 11,* n < 11,* n < 11,* n < 11,* n < 11,* n < 11, 0 , 10,0,* n < 11,0,23000,0,0,0
2015,sch,sci,Regular,Marlow,341,John Perkins Elementary School,23000,0, 0 - 10,* n < 11,* n < 11,* n < 11,* n < 11,* n < 11,* n < 11,* n < 11, 0 , 10,0,* n < 11,0,23000,0,0,0
2015,sch,sci,Regular,Marlow,341,John Perkins Elementary School,23000,4, 0 - 10,* n < 11,* n < 11,* n < 11,* n < 11,* n < 11,* n < 11,* n < 11, 0 , 10,0,* n < 11,0,23000,0,0,0
2015,sch,mat,Regular,Mascenic Regional,342,Boynton Middle School,26685,0,270 - 275,31,43,19,<10,26,74,NULL,270 , 275,272.5,26,7085,26685,272.5,7085,26
2015,sch,mat,Regular,Mascenic Regional,342,Boynton Middle School,26685,5,80 - 85,34,45,14,<10,21,79,2483,80 , 85,0,21,0,26685,0,0,0
2015,sch,mat,Regular,Mascenic Regional,342,Boynton Middle School,26685,6,65 - 70,42,47,<10,<10,11,89,2477,65 , 70,0,11,0,26685,0,0,0
2015,sch,mat,Regular,Mascenic Regional,342,Boynton Middle School,26685,7,70 - 75,15,47,29,<10,38,63,2546,70 , 75,0,38,0,26685,0,0,0
2015,sch,mat,Regular,Mascenic Regional,342,Boynton Middle School,26685,8,55 - 60,34,32,29,<10,34,66,2523,55 , 60,0,34,0,26685,0,0,0
2015,sch,rea,Regular,Mascenic Regional,342,Boynton Middle School,26685,0,265 - 270,22,36,32,11,42,58,NULL,265 , 270,0,42,0,26685,0,0,0
2015,sch,rea,Regular,Mascenic Regional,342,Boynton Middle School,26685,5,75 - 80,19,34,34,13,47,53,2501,75 , 80,0,47,0,26685,0,0,0
2015,sch,rea,Regular,Mascenic Regional,342,Boynton Middle School,26685,6,65 - 70,31,34,27,<10,34,66,2499,65 , 70,0,34,0,26685,0,0,0
2015,sch,rea,Regular,Mascenic Regional,342,Boynton Middle School,26685,7,65 - 70,16,36,41,<10,48,52,2549,65 , 70,0,48,0,26685,0,0,0
2015,sch,rea,Regular,Mascenic Regional,342,Boynton Middle School,26685,8,55 - 60,21,39,23,16,39,61,2552,55 , 60,0,39,0,26685,0,0,0
2015,sch,sci,Regular,Mascenic Regional,342,Boynton Middle School,26685,0,85 - 90,29,53,17,<10,17,83,NULL,85 , 90,0,17,0,26685,0,0,0
2015,sch,sci,Regular,Mascenic Regional,342,Boynton Middle School,26685,8,85 - 90,29,53,17,<10,17,83,NULL,85 , 90,0,17,0,26685,0,0,0
2015,sch,mat,Regular,Mascenic Regional,342,Highbridge Hill Elementary School,28990,0,135 - 140,13,41,33,13,46,54,NULL,135 , 140,137.5,46,6325,28990,137.5,6325,46
2015,sch,mat,Regular,Mascenic Regional,342,Highbridge Hill Elementary School,28990,3,70 - 75,13,38,36,14,50,50,2437,70 , 75,0,50,0,28990,0,0,0
2015,sch,mat,Regular,Mascenic Regional,342,Highbridge Hill Elementary School,28990,4,65 - 70,13,45,30,12,42,58,2472,65 , 70,0,42,0,28990,0,0,0
2015,sch,rea,Regular,Mascenic Regional,342,Highbridge Hill Elementary School,28990,0,135 - 140,16,19,31,34,65,35,NULL,135 , 140,0,65,0,28990,0,0,0
2015,sch,rea,Regular,Mascenic Regional,342,Highbridge Hill Elementary School,28990,3,70 - 75,14,21,29,36,64,36,2458,70 , 75,0,64,0,28990,0,0,0
2015,sch,rea,Regular,Mascenic Regional,342,Highbridge Hill Elementary School,28990,4,65 - 70,18,16,34,31,66,34,2492,65 , 70,0,66,0,28990,0,0,0
2015,sch,sci,Regular,Mascenic Regional,342,Highbridge Hill Elementary School,28990,0,75 - 80,<10,45,47,<10,47,53,NULL,75 , 80,0,47,0,28990,0,0,0
2015,sch,sci,Regular,Mascenic Regional,342,Highbridge Hill Elementary School,28990,4,75 - 80,<10,45,47,<10,47,53,NULL,75 , 80,0,47,0,28990,0,0,0
2015,sch,mat,Regular,Mascenic Regional,342,Mascenic Regional High School,23050,0,45 - 50,29,31,33,<10,40,60,NULL,45 , 50,47.5,40,1900,23050,47.5,1900,40
2015,sch,mat,Regular,Mascenic Regional,342,Mascenic Regional High School,23050,11,45 - 50,29,31,33,<10,40,60,2597,45 , 50,0,40,0,23050,0,0,0
2015,sch,rea,Regular,Mascenic Regional,342,Mascenic Regional High School,23050,0,40 - 45,<10,19,47,28,74,26,NULL,40 , 45,0,74,0,23050,0,0,0
2015,sch,rea,Regular,Mascenic Regional,342,Mascenic Regional High School,23050,11,40 - 45,<10,19,47,28,74,26,2629,40 , 45,0,74,0,23050,0,0,0
2015,sch,sci,Regular,Mascenic Regional,342,Mascenic Regional High School,23050,0,70 - 75,20,54,24,<10,26,74,NULL,70 , 75,0,26,0,23050,0,0,0
2015,sch,sci,Regular,Mascenic Regional,342,Mascenic Regional High School,23050,11,70 - 75,20,54,24,<10,26,74,NULL,70 , 75,0,26,0,23050,0,0,0
2015,sch,mat,Regular,Mascoma Valley Regional,343,Canaan Elementary School,21315,0,95 - 100,12,42,35,10,45,55,NULL,95 , 100,97.5,45,4387.5,21315,97.5,4387.5,45
2015,sch,mat,Regular,Mascoma Valley Regional,343,Canaan Elementary School,21315,3,45 - 50,17,43,28,11,39,61,2427,45 , 50,0,39,0,21315,0,0,0
2015,sch,mat,Regular,Mascoma Valley Regional,343,Canaan Elementary School,21315,4,50 - 55,<10,41,41,10,51,49,2486,50 , 55,0,51,0,21315,0,0,0
2015,sch,rea,Regular,Mascoma Valley Regional,343,Canaan Elementary School,21315,0,95 - 100,19,26,36,19,55,45,NULL,95 , 100,0,55,0,21315,0,0,0
2015,sch,rea,Regular,Mascoma Valley Regional,343,Canaan Elementary School,21315,3,45 - 50,13,32,32,23,55,45,2436,45 , 50,0,55,0,21315,0,0,0
2015,sch,rea,Regular,Mascoma Valley Regional,343,Canaan Elementary School,21315,4,50 - 55,25,20,39,16,55,45,2475,50 , 55,0,55,0,21315,0,0,0
2015,sch,sci,Regular,Mascoma Valley Regional,343,Canaan Elementary School,21315,0,50 - 55,<10,22,75,<10,78,22,NULL,50 , 55,0,78,0,21315,0,0,0
2015,sch,sci,Regular,Mascoma Valley Regional,343,Canaan Elementary School,21315,4,50 - 55,<10,22,75,<10,78,22,NULL,50 , 55,0,78,0,21315,0,0,0
2015,sch,mat,Regular,Mascoma Valley Regional,343,Enfield Village School,21325,0,80 - 85,21,48,26,<10,31,69,NULL,80 , 85,82.5,31,2557.5,21325,82.5,2557.5,31
2015,sch,mat,Regular,Mascoma Valley Regional,343,Enfield Village School,21325,3,40 - 45,23,48,20,10,30,70,2415,40 , 45,0,30,0,21325,0,0,0
2015,sch,mat,Regular,Mascoma Valley Regional,343,Enfield Village School,21325,4,40 - 45,20,48,33,<10,33,68,2455,40 , 45,0,33,0,21325,0,0,0
2015,sch,rea,Regular,Mascoma Valley Regional,343,Enfield Village School,21325,0,80 - 85,15,46,20,19,39,61,NULL,80 , 85,0,39,0,21325,0,0,0
2015,sch,rea,Regular,Mascoma Valley Regional,343,Enfield Village School,21325,3,40 - 45,20,45,23,13,35,65,2417,40 , 45,0,35,0,21325,0,0,0
2015,sch,rea,Regular,Mascoma Valley Regional,343,Enfield Village School,21325,4,40 - 45,10,48,18,25,43,58,2484,40 , 45,0,43,0,21325,0,0,0
2015,sch,sci,Regular,Mascoma Valley Regional,343,Enfield Village School,21325,0,40 - 45,10,54,37,<10,37,63,NULL,40 , 45,0,37,0,21325,0,0,0
2015,sch,sci,Regular,Mascoma Valley Regional,343,Enfield Village School,21325,4,40 - 45,10,54,37,<10,37,63,NULL,40 , 45,0,37,0,21325,0,0,0
2015,sch,mat,Regular,Mascoma Valley Regional,343,Indian River School,26405,0,295 - 300,21,37,23,18,41,59,NULL,295 , 300,297.5,41,12197.5,26405,297.5,12197.5,41
2015,sch,mat,Regular,Mascoma Valley Regional,343,Indian River School,26405,5,65 - 70,29,44,21,<10,26,74,2490,65 , 70,0,26,0,26405,0,0,0
2015,sch,mat,Regular,Mascoma Valley Regional,343,Indian River School,26405,6,90 - 95,18,39,18,24,43,57,2537,90 , 95,0,43,0,26405,0,0,0
2015,sch,mat,Regular,Mascoma Valley Regional,343,Indian River School,26405,7,75 - 80,13,29,36,21,57,43,2566,75 , 80,0,57,0,26405,0,0,0
2015,sch,mat,Regular,Mascoma Valley Regional,343,Indian River School,26405,8,60 - 65,27,35,18,19,37,63,2563,60 , 65,0,37,0,26405,0,0,0
2015,sch,rea,Regular,Mascoma Valley Regional,343,Indian River School,26405,0,300 - 305,15,20,49,16,65,35,NULL,300 , 305,0,65,0,26405,0,0,0
2015,sch,rea,Regular,Mascoma Valley Regional,343,Indian River School,26405,5,65 - 70,15,21,53,12,65,35,2518,65 , 70,0,65,0,26405,0,0,0
2015,sch,rea,Regular,Mascoma Valley Regional,343,Indian River School,26405,6,90 - 95,17,23,38,21,60,40,2545,90 , 95,0,60,0,26405,0,0,0
2015,sch,rea,Regular,Mascoma Valley Regional,343,Indian River School,26405,7,75 - 80,13,16,56,15,71,29,2575,75 , 80,0,71,0,26405,0,0,0
2015,sch,rea,Regular,Mascoma Valley Regional,343,Indian River School,26405,8,60 - 65,14,21,52,13,65,35,2585,60 , 65,0,65,0,26405,0,0,0
2015,sch,sci,Regular,Mascoma Valley Regional,343,Indian River School,26405,0,60 - 65,17,63,19,<10,19,81,NULL,60 , 65,0,19,0,26405,0,0,0
2015,sch,sci,Regular,Mascoma Valley Regional,343,Indian River School,26405,8,60 - 65,17,63,19,<10,19,81,NULL,60 , 65,0,19,0,26405,0,0,0
2015,sch,mat,Regular,Mascoma Valley Regional,343,Mascoma Valley Regional High School,21305,0,85 - 90,55,22,10,13,23,77,NULL,85 , 90,87.5,23,2012.5,21305,87.5,2012.5,23
2015,sch,mat,Regular,Mascoma Valley Regional,343,Mascoma Valley Regional High School,21305,11,85 - 90,55,22,10,13,23,77,2527,85 , 90,0,23,0,21305,0,0,0
2015,sch,rea,Regular,Mascoma Valley Regional,343,Mascoma Valley Regional High School,21305,0,85 - 90,30,32,24,14,38,62,NULL,85 , 90,0,38,0,21305,0,0,0
2015,sch,rea,Regular,Mascoma Valley Regional,343,Mascoma Valley Regional High School,21305,11,85 - 90,30,32,24,14,38,62,2555,85 , 90,0,38,0,21305,0,0,0
2015,sch,sci,Regular,Mascoma Valley Regional,343,Mascoma Valley Regional High School,21305,0,85 - 90,32,45,22,<10,24,76,NULL,85 , 90,0,24,0,21305,0,0,0
2015,sch,sci,Regular,Mascoma Valley Regional,343,Mascoma Valley Regional High School,21305,11,85 - 90,32,45,22,<10,24,76,NULL,85 , 90,0,24,0,21305,0,0,0
2015,sch,mat,Regular,Mason,345,Mason Elementary School,23040,0,35 - 40,<10,36,31,33,64,36,NULL,35 , 40,37.5,64,2400,23040,37.5,2400,64
2015,sch,mat,Regular,Mason,345,Mason Elementary School,23040,3, 0 - 10,* n < 11,* n < 11,* n < 11,* n < 11,* n < 11,* n < 11,* n < 11, 0 , 10,0,* n < 11,0,23040,0,0,0
2015,sch,mat,Regular,Mason,345,Mason Elementary School,23040,4,10 - 15,<10,50,36,14,50,50,2494,10 , 15,0,50,0,23040,0,0,0
2015,sch,mat,Regular,Mason,345,Mason Elementary School,23040,5,15 - 20,<10,19,19,63,81,19,2587,15 , 20,0,81,0,23040,0,0,0
2015,sch,rea,Regular,Mason,345,Mason Elementary School,23040,0,35 - 40,<10,18,33,41,74,26,NULL,35 , 40,0,74,0,23040,0,0,0
2015,sch,rea,Regular,Mason,345,Mason Elementary School,23040,3, 0 - 10,* n < 11,* n < 11,* n < 11,* n < 11,* n < 11,* n < 11,* n < 11, 0 , 10,0,* n < 11,0,23040,0,0,0
2015,sch,rea,Regular,Mason,345,Mason Elementary School,23040,4,10 - 15,21,29,29,21,50,50,2493,10 , 15,0,50,0,23040,0,0,0
2015,sch,rea,Regular,Mason,345,Mason Elementary School,23040,5,15 - 20,<10,<10,25,69,>90,<10,2604,15 , 20,0,90,0,23040,0,0,0
2015,sch,sci,Regular,Mason,345,Mason Elementary School,23040,0,10 - 15,<10,36,64,<10,64,36,NULL,10 , 15,0,64,0,23040,0,0,0
2015,sch,sci,Regular,Mason,345,Mason Elementary School,23040,4,10 - 15,<10,36,64,<10,64,36,NULL,10 , 15,0,64,0,23040,0,0,0
2015,sch,mat,Regular,Merrimack,351,James Mastricola Elementary School,21020,0,165 - 170,16,25,39,21,59,41,NULL,165 , 170,167.5,59,9882.5,21020,167.5,9882.5,59
2015,sch,mat,Regular,Merrimack,351,James Mastricola Elementary School,21020,3,70 - 75,21,21,39,18,58,42,2441,70 , 75,0,58,0,21020,0,0,0
2015,sch,mat,Regular,Merrimack,351,James Mastricola Elementary School,21020,4,90 - 95,12,28,38,22,61,39,2496,90 , 95,0,61,0,21020,0,0,0
2015,sch,rea,Regular,Merrimack,351,James Mastricola Elementary School,21020,0,165 - 170,22,24,31,22,53,47,NULL,165 , 170,0,53,0,21020,0,0,0
2015,sch,rea,Regular,Merrimack,351,James Mastricola Elementary School,21020,3,70 - 75,27,17,35,21,56,44,2429,70 , 75,0,56,0,21020,0,0,0
2015,sch,rea,Regular,Merrimack,351,James Mastricola Elementary School,21020,4,90 - 95,19,30,28,23,51,49,2479,90 , 95,0,51,0,21020,0,0,0
2015,sch,sci,Regular,Merrimack,351,James Mastricola Elementary School,21020,0,90 - 95,<10,40,56,<10,57,43,NULL,90 , 95,0,57,0,21020,0,0,0
2015,sch,sci,Regular,Merrimack,351,James Mastricola Elementary School,21020,4,90 - 95,<10,40,56,<10,57,43,NULL,90 , 95,0,57,0,21020,0,0,0
2015,sch,mat,Regular,Merrimack,351,James Mastricola Upper Elementary School,21025,0,590 - 595,15,35,28,22,50,50,NULL,590 , 595,592.5,50,29625,21025,592.5,29625,50
2015,sch,mat,Regular,Merrimack,351,James Mastricola Upper Elementary School,21025,5,315 - 320,17,35,26,22,48,52,2520,315 , 320,0,48,0,21025,0,0,0
2015,sch,mat,Regular,Merrimack,351,James Mastricola Upper Elementary School,21025,6,275 - 280,13,35,29,23,52,48,2553,275 , 280,0,52,0,21025,0,0,0
2015,sch,rea,Regular,Merrimack,351,James Mastricola Upper Elementary School,21025,0,590 - 595,15,22,42,20,63,37,NULL,590 , 595,0,63,0,21025,0,0,0
2015,sch,rea,Regular,Merrimack,351,James Mastricola Upper Elementary School,21025,5,315 - 320,17,20,41,22,63,37,2517,315 , 320,0,63,0,21025,0,0,0
2015,sch,rea,Regular,Merrimack,351,James Mastricola Upper Elementary School,21025,6,275 - 280,12,25,44,19,63,37,2554,275 , 280,0,63,0,21025,0,0,0
2015,sch,mat,Regular,Merrimack,351,Merrimack High School,21040,0,275 - 280,31,32,25,12,37,63,NULL,275 , 280,277.5,37,10267.5,21040,277.5,10267.5,37
2015,sch,mat,Regular,Merrimack,351,Merrimack High School,21040,11,275 - 280,31,32,25,12,37,63,2591,275 , 280,0,37,0,21040,0,0,0
2015,sch,rea,Regular,Merrimack,351,Merrimack High School,21040,0,280 - 285,<10,20,40,35,75,25,NULL,280 , 285,0,75,0,21040,0,0,0
2015,sch,rea,Regular,Merrimack,351,Merrimack High School,21040,11,280 - 285,<10,20,40,35,75,25,2639,280 , 285,0,75,0,21040,0,0,0
2015,sch,sci,Regular,Merrimack,351,Merrimack High School,21040,0,310 - 315,15,45,39,<10,40,60,NULL,310 , 315,0,40,0,21040,0,0,0
2015,sch,sci,Regular,Merrimack,351,Merrimack High School,21040,11,310 - 315,15,45,39,<10,40,60,NULL,310 , 315,0,40,0,21040,0,0,0
2015,sch,mat,Regular,Merrimack,351,Merrimack Middle School,28375,0,575 - 580,22,27,28,23,51,49,NULL,575 , 580,577.5,51,29452.5,28375,577.5,29452.5,51
2015,sch,mat,Regular,Merrimack,351,Merrimack Middle School,28375,7,300 - 305,21,27,26,26,52,48,2565,300 , 305,0,52,0,28375,0,0,0
2015,sch,mat,Regular,Merrimack,351,Merrimack Middle School,28375,8,270 - 275,24,27,29,20,49,51,2568,270 , 275,0,49,0,28375,0,0,0
2015,sch,rea,Regular,Merrimack,351,Merrimack Middle School,28375,0,575 - 580,13,23,45,19,64,36,NULL,575 , 580,0,64,0,28375,0,0,0
2015,sch,rea,Regular,Merrimack,351,Merrimack Middle School,28375,7,300 - 305,15,20,46,19,65,35,2577,300 , 305,0,65,0,28375,0,0,0
2015,sch,rea,Regular,Merrimack,351,Merrimack Middle School,28375,8,270 - 275,10,26,45,19,64,36,2590,270 , 275,0,64,0,28375,0,0,0
2015,sch,sci,Regular,Merrimack,351,Merrimack Middle School,28375,0,275 - 280,18,57,24,<10,25,75,NULL,275 , 280,0,25,0,28375,0,0,0
2015,sch,sci,Regular,Merrimack,351,Merrimack Middle School,28375,8,275 - 280,18,57,24,<10,25,75,NULL,275 , 280,0,25,0,28375,0,0,0
2015,sch,mat,Regular,Merrimack,351,Reeds Ferry School,21015,0,205 - 210,17,29,37,17,54,46,NULL,205 , 210,207.5,54,11205,21015,207.5,11205,54
2015,sch,mat,Regular,Merrimack,351,Reeds Ferry School,21015,3,100 - 105,23,21,42,14,55,45,2435,100 , 105,0,55,0,21015,0,0,0
2015,sch,mat,Regular,Merrimack,351,Reeds Ferry School,21015,4,100 - 105,11,37,32,20,52,48,2489,100 , 105,0,52,0,21015,0,0,0
2015,sch,rea,Regular,Merrimack,351,Reeds Ferry School,21015,0,200 - 205,25,28,27,20,47,53,NULL,200 , 205,0,47,0,21015,0,0,0
2015,sch,rea,Regular,Merrimack,351,Reeds Ferry School,21015,3,100 - 105,22,25,35,18,53,47,2430,100 , 105,0,53,0,21015,0,0,0
2015,sch,rea,Regular,Merrimack,351,Reeds Ferry School,21015,4,100 - 105,27,31,20,22,41,59,2470,100 , 105,0,41,0,21015,0,0,0
2015,sch,sci,Regular,Merrimack,351,Reeds Ferry School,21015,0,100 - 105,13,46,42,<10,42,58,NULL,100 , 105,0,42,0,21015,0,0,0
2015,sch,sci,Regular,Merrimack,351,Reeds Ferry School,21015,4,100 - 105,13,46,42,<10,42,58,NULL,100 , 105,0,42,0,21015,0,0,0
2015,sch,mat,Regular,Merrimack,351,Thorntons Ferry School,21035,0,170 - 175,13,30,34,23,57,43,NULL,170 , 175,172.5,57,9832.5,21035,172.5,9832.5,57
2015,sch,mat,Regular,Merrimack,351,Thorntons Ferry School,21035,3,95 - 100,18,25,33,24,57,43,2448,95 , 100,0,57,0,21035,0,0,0
2015,sch,mat,Regular,Merrimack,351,Thorntons Ferry School,21035,4,75 - 80,<10,37,36,21,57,43,2500,75 , 80,0,57,0,21035,0,0,0
2015,sch,rea,Regular,Merrimack,351,Thorntons Ferry School,21035,0,170 - 175,17,26,29,29,57,43,NULL,170 , 175,0,57,0,21035,0,0,0
2015,sch,rea,Regular,Merrimack,351,Thorntons Ferry School,21035,3,95 - 100,15,24,29,32,61,39,2452,95 , 100,0,61,0,21035,0,0,0
2015,sch,rea,Regular,Merrimack,351,Thorntons Ferry School,21035,4,75 - 80,20,28,28,25,53,47,2480,75 , 80,0,53,0,21035,0,0,0
2015,sch,sci,Regular,Merrimack,351,Thorntons Ferry School,21035,0,75 - 80,11,41,47,<10,49,51,NULL,75 , 80,0,49,0,21035,0,0,0
2015,sch,sci,Regular,Merrimack,351,Thorntons Ferry School,21035,4,75 - 80,11,41,47,<10,49,51,NULL,75 , 80,0,49,0,21035,0,0,0
2015,sch,mat,Regular,Merrimack Valley,352,Boscawen Elementary School,22155,0,115 - 120,16,27,26,32,58,42,NULL,115 , 120,117.5,58,6815,22155,117.5,6815,58
2015,sch,mat,Regular,Merrimack Valley,352,Boscawen Elementary School,22155,3,30 - 35,16,16,38,31,69,31,2452,30 , 35,0,69,0,22155,0,0,0
2015,sch,mat,Regular,Merrimack Valley,352,Boscawen Elementary School,22155,4,40 - 45,<10,27,29,39,68,32,2520,40 , 45,0,68,0,22155,0,0,0
2015,sch,mat,Regular,Merrimack Valley,352,Boscawen Elementary School,22155,5,40 - 45,26,35,14,26,40,60,2510,40 , 45,0,40,0,22155,0,0,0
2015,sch,rea,Regular,Merrimack Valley,352,Boscawen Elementary School,22155,0,115 - 120,20,33,27,21,47,53,NULL,115 , 120,0,47,0,22155,0,0,0
2015,sch,rea,Regular,Merrimack Valley,352,Boscawen Elementary School,22155,3,30 - 35,13,47,25,16,41,59,2425,30 , 35,0,41,0,22155,0,0,0
2015,sch,rea,Regular,Merrimack Valley,352,Boscawen Elementary School,22155,4,40 - 45,22,24,29,24,54,46,2482,40 , 45,0,54,0,22155,0,0,0
2015,sch,rea,Regular,Merrimack Valley,352,Boscawen Elementary School,22155,5,40 - 45,23,30,26,21,47,53,2507,40 , 45,0,47,0,22155,0,0,0
2015,sch,sci,Regular,Merrimack Valley,352,Boscawen Elementary School,22155,0,40 - 45,10,25,65,<10,65,35,NULL,40 , 45,0,65,0,22155,0,0,0
2015,sch,sci,Regular,Merrimack Valley,352,Boscawen Elementary School,22155,4,40 - 45,10,25,65,<10,65,35,NULL,40 , 45,0,65,0,22155,0,0,0
2015,sch,mat,Regular,Merrimack Valley,352,Loudon Elementary School,22180,0,135 - 140,15,28,39,17,56,44,NULL,135 , 140,137.5,56,7700,22180,137.5,7700,56
2015,sch,mat,Regular,Merrimack Valley,352,Loudon Elementary School,22180,3,40 - 45,19,26,40,16,56,44,2436,40 , 45,0,56,0,22180,0,0,0
2015,sch,mat,Regular,Merrimack Valley,352,Loudon Elementary School,22180,4,45 - 50,17,29,40,15,54,46,2485,45 , 50,0,54,0,22180,0,0,0
2015,sch,mat,Regular,Merrimack Valley,352,Loudon Elementary School,22180,5,45 - 50,11,30,39,20,59,41,2529,45 , 50,0,59,0,22180,0,0,0
2015,sch,rea,Regular,Merrimack Valley,352,Loudon Elementary School,22180,0,135 - 140,10,27,29,33,63,38,NULL,135 , 140,0,63,0,22180,0,0,0
2015,sch,rea,Regular,Merrimack Valley,352,Loudon Elementary School,22180,3,40 - 45,16,28,21,35,56,44,2445,40 , 45,0,56,0,22180,0,0,0
2015,sch,rea,Regular,Merrimack Valley,352,Loudon Elementary School,22180,4,45 - 50,11,35,22,33,54,46,2500,45 , 50,0,54,0,22180,0,0,0
2015,sch,rea,Regular,Merrimack Valley,352,Loudon Elementary School,22180,5,45 - 50,<10,19,45,32,77,23,2555,45 , 50,0,77,0,22180,0,0,0
2015,sch,sci,Regular,Merrimack Valley,352,Loudon Elementary School,22180,0,50 - 55,<10,54,37,<10,37,63,NULL,50 , 55,0,37,0,22180,0,0,0
2015,sch,sci,Regular,Merrimack Valley,352,Loudon Elementary School,22180,4,50 - 55,<10,54,37,<10,37,63,NULL,50 , 55,0,37,0,22180,0,0,0
2015,sch,mat,Regular,Merrimack Valley,352,Merrimack Valley High School,22195,0,150 - 155,41,33,21,<10,26,74,NULL,150 , 155,152.5,26,3965,22195,152.5,3965,26
2015,sch,mat,Regular,Merrimack Valley,352,Merrimack Valley High School,22195,11,150 - 155,41,33,21,<10,26,74,2553,150 , 155,0,26,0,22195,0,0,0
2015,sch,rea,Regular,Merrimack Valley,352,Merrimack Valley High School,22195,0,150 - 155,25,25,37,13,50,50,NULL,150 , 155,0,50,0,22195,0,0,0
2015,sch,rea,Regular,Merrimack Valley,352,Merrimack Valley High School,22195,11,150 - 155,25,25,37,13,50,50,2566,150 , 155,0,50,0,22195,0,0,0
2015,sch,sci,Regular,Merrimack Valley,352,Merrimack Valley High School,22195,0,155 - 160,29,51,20,<10,20,80,NULL,155 , 160,0,20,0,22195,0,0,0
2015,sch,sci,Regular,Merrimack Valley,352,Merrimack Valley High School,22195,11,155 - 160,29,51,20,<10,20,80,NULL,155 , 160,0,20,0,22195,0,0,0
2015,sch,mat,Regular,Merrimack Valley,352,Merrimack Valley Middle School,26585,0,570 - 575,27,38,22,13,35,65,NULL,570 , 575,572.5,35,20037.5,26585,572.5,20037.5,35
2015,sch,mat,Regular,Merrimack Valley,352,Merrimack Valley Middle School,26585,6,185 - 190,23,43,24,10,34,66,2521,185 , 190,0,34,0,26585,0,0,0
2015,sch,mat,Regular,Merrimack Valley,352,Merrimack Valley Middle School,26585,7,190 - 195,22,37,23,18,41,59,2547,190 , 195,0,41,0,26585,0,0,0
2015,sch,mat,Regular,Merrimack Valley,352,Merrimack Valley Middle School,26585,8,190 - 195,37,34,18,11,29,71,2532,190 , 195,0,29,0,26585,0,0,0
2015,sch,rea,Regular,Merrimack Valley,352,Merrimack Valley Middle School,26585,0,565 - 570,16,30,40,14,54,46,NULL,565 , 570,0,54,0,26585,0,0,0
2015,sch,rea,Regular,Merrimack Valley,352,Merrimack Valley Middle School,26585,6,185 - 190,17,31,40,11,52,48,2530,185 , 190,0,52,0,26585,0,0,0
2015,sch,rea,Regular,Merrimack Valley,352,Merrimack Valley Middle School,26585,7,185 - 190,<10,26,42,22,65,35,2583,185 , 190,0,65,0,26585,0,0,0
2015,sch,rea,Regular,Merrimack Valley,352,Merrimack Valley Middle School,26585,8,190 - 195,21,33,37,<10,46,54,2556,190 , 195,0,46,0,26585,0,0,0
2015,sch,sci,Regular,Merrimack Valley,352,Merrimack Valley Middle School,26585,0,200 - 205,31,55,13,<10,13,87,NULL,200 , 205,0,13,0,26585,0,0,0
2015,sch,sci,Regular,Merrimack Valley,352,Merrimack Valley Middle School,26585,8,200 - 205,31,55,13,<10,13,87,NULL,200 , 205,0,13,0,26585,0,0,0
2015,sch,mat,Regular,Merrimack Valley,352,Penacook Elementary School,22185,0,190 - 195,28,35,27,10,37,63,NULL,190 , 195,192.5,37,7122.5,22185,192.5,7122.5,37
2015,sch,mat,Regular,Merrimack Valley,352,Penacook Elementary School,22185,3,65 - 70,29,37,29,<10,34,66,2413,65 , 70,0,34,0,22185,0,0,0
2015,sch,mat,Regular,Merrimack Valley,352,Penacook Elementary School,22185,4,60 - 65,19,25,35,21,56,44,2483,60 , 65,0,56,0,22185,0,0,0
2015,sch,mat,Regular,Merrimack Valley,352,Penacook Elementary School,22185,5,65 - 70,36,41,17,<10,23,77,2484,65 , 70,0,23,0,22185,0,0,0
2015,sch,rea,Regular,Merrimack Valley,352,Penacook Elementary School,22185,0,195 - 200,22,28,36,14,50,50,NULL,195 , 200,0,50,0,22185,0,0,0
2015,sch,rea,Regular,Merrimack Valley,352,Penacook Elementary School,22185,3,65 - 70,20,35,35,11,45,55,2417,65 , 70,0,45,0,22185,0,0,0
2015,sch,rea,Regular,Merrimack Valley,352,Penacook Elementary School,22185,4,60 - 65,17,24,32,27,59,41,2485,60 , 65,0,59,0,22185,0,0,0
2015,sch,rea,Regular,Merrimack Valley,352,Penacook Elementary School,22185,5,65 - 70,29,26,41,<10,45,55,2492,65 , 70,0,45,0,22185,0,0,0
2015,sch,sci,Regular,Merrimack Valley,352,Penacook Elementary School,22185,0,60 - 65,<10,31,63,<10,65,35,NULL,60 , 65,0,65,0,22185,0,0,0
2015,sch,sci,Regular,Merrimack Valley,352,Penacook Elementary School,22185,4,60 - 65,<10,31,63,<10,65,35,NULL,60 , 65,0,65,0,22185,0,0,0
2015,sch,mat,Regular,Merrimack Valley,352,Salisbury Elementary School,22200,0,35 - 40,10,21,41,28,69,31,NULL,35 , 40,37.5,69,2587.5,22200,37.5,2587.5,69
2015,sch,mat,Regular,Merrimack Valley,352,Salisbury Elementary School,22200,3,10 - 15,31,<10,46,15,62,38,2425,10 , 15,0,62,0,22200,0,0,0
2015,sch,mat,Regular,Merrimack Valley,352,Salisbury Elementary School,22200,4,10 - 15,<10,14,43,43,86,14,2531,10 , 15,0,86,0,22200,0,0,0
2015,sch,mat,Regular,Merrimack Valley,352,Salisbury Elementary School,22200,5,10 - 15,<10,42,33,25,58,42,2547,10 , 15,0,58,0,22200,0,0,0
2015,sch,rea,Regular,Merrimack Valley,352,Salisbury Elementary School,22200,0,35 - 40,10,15,33,41,74,26,NULL,35 , 40,0,74,0,22200,0,0,0
2015,sch,rea,Regular,Merrimack Valley,352,Salisbury Elementary School,22200,3,10 - 15,23,23,15,38,54,46,2444,10 , 15,0,54,0,22200,0,0,0
2015,sch,rea,Regular,Merrimack Valley,352,Salisbury Elementary School,22200,4,10 - 15,<10,14,43,36,79,21,2520,10 , 15,0,79,0,22200,0,0,0
2015,sch,rea,Regular,Merrimack Valley,352,Salisbury Elementary School,22200,5,10 - 15,<10,<10,42,50,>90,<10,2567,10 , 15,0,90,0,22200,0,0,0
2015,sch,sci,Regular,Merrimack Valley,352,Salisbury Elementary School,22200,0,10 - 15,<10,<10,79,14,>90,<10,NULL,10 , 15,0,90,0,22200,0,0,0
2015,sch,sci,Regular,Merrimack Valley,352,Salisbury Elementary School,22200,4,10 - 15,<10,<10,79,14,>90,<10,NULL,10 , 15,0,90,0,22200,0,0,0
2015,sch,mat,Regular,Merrimack Valley,352,Webster Elementary School,22205,0,45 - 50,19,31,31,19,50,50,NULL,45 , 50,47.5,50,2375,22205,47.5,2375,50
2015,sch,mat,Regular,Merrimack Valley,352,Webster Elementary School,22205,3,15 - 20,27,27,27,20,47,53,2436,15 , 20,0,47,0,22205,0,0,0
2015,sch,mat,Regular,Merrimack Valley,352,Webster Elementary School,22205,4,10 - 15,<10,42,50,<10,58,42,2502,10 , 15,0,58,0,22205,0,0,0
2015,sch,mat,Regular,Merrimack Valley,352,Webster Elementary School,22205,5,20 - 25,24,29,24,24,48,52,2517,20 , 25,0,48,0,22205,0,0,0
2015,sch,rea,Regular,Merrimack Valley,352,Webster Elementary School,22205,0,45 - 50,21,25,19,35,54,46,NULL,45 , 50,0,54,0,22205,0,0,0
2015,sch,rea,Regular,Merrimack Valley,352,Webster Elementary School,22205,3,15 - 20,20,13,13,53,67,33,2449,15 , 20,0,67,0,22205,0,0,0
2015,sch,rea,Regular,Merrimack Valley,352,Webster Elementary School,22205,4,10 - 15,<10,50,17,25,42,58,2490,10 , 15,0,42,0,22205,0,0,0
2015,sch,rea,Regular,Merrimack Valley,352,Webster Elementary School,22205,5,20 - 25,29,19,24,29,52,48,2516,20 , 25,0,52,0,22205,0,0,0
2015,sch,sci,Regular,Merrimack Valley,352,Webster Elementary School,22205,0,10 - 15,<10,17,75,<10,83,17,NULL,10 , 15,0,83,0,22205,0,0,0
2015,sch,sci,Regular,Merrimack Valley,352,Webster Elementary School,22205,4,10 - 15,<10,17,75,<10,83,17,NULL,10 , 15,0,83,0,22205,0,0,0
2015,sch,mat,Regular,Milan,355,Milan Village Elementary School,20760,0,50 - 55,15,30,28,26,55,45,NULL,50 , 55,52.5,55,2887.5,20760,52.5,2887.5,55
2015,sch,mat,Regular,Milan,355,Milan Village Elementary School,20760,3,15 - 20,27,27,27,20,47,53,2432,15 , 20,0,47,0,20760,0,0,0
2015,sch,mat,Regular,Milan,355,Milan Village Elementary School,20760,4,15 - 20,12,29,41,18,59,41,2497,15 , 20,0,59,0,20760,0,0,0
2015,sch,mat,Regular,Milan,355,Milan Village Elementary School,20760,5,15 - 20,<10,47,27,20,47,53,2529,15 , 20,0,47,0,20760,0,0,0
2015,sch,mat,Regular,Milan,355,Milan Village Elementary School,20760,6, 0 - 10,* n < 11,* n < 11,* n < 11,* n < 11,* n < 11,* n < 11,* n < 11, 0 , 10,0,* n < 11,0,20760,0,0,0
2015,sch,rea,Regular,Milan,355,Milan Village Elementary School,20760,0,50 - 55,15,20,46,19,65,35,NULL,50 , 55,0,65,0,20760,0,0,0
2015,sch,rea,Regular,Milan,355,Milan Village Elementary School,20760,3,15 - 20,25,25,25,25,50,50,2426,15 , 20,0,50,0,20760,0,0,0
2015,sch,rea,Regular,Milan,355,Milan Village Elementary School,20760,4,15 - 20,24,18,41,18,59,41,2480,15 , 20,0,59,0,20760,0,0,0
2015,sch,rea,Regular,Milan,355,Milan Village Elementary School,20760,5,15 - 20,<10,13,80,<10,87,13,2530,15 , 20,0,87,0,20760,0,0,0
2015,sch,rea,Regular,Milan,355,Milan Village Elementary School,20760,6, 0 - 10,* n < 11,* n < 11,* n < 11,* n < 11,* n < 11,* n < 11,* n < 11, 0 , 10,0,* n < 11,0,20760,0,0,0
2015,sch,sci,Regular,Milan,355,Milan Village Elementary School,20760,0,15 - 20,<10,65,29,<10,29,71,NULL,15 , 20,0,29,0,20760,0,0,0
2015,sch,sci,Regular,Milan,355,Milan Village Elementary School,20760,4,15 - 20,<10,65,29,<10,29,71,NULL,15 , 20,0,29,0,20760,0,0,0
2015,sch,mat,Regular,Milford,357,Heron Pond Elementary School,27895,0,490 - 495,16,29,31,24,55,45,NULL,490 , 495,492.5,55,27087.5,27895,492.5,27087.5,55
2015,sch,mat,Regular,Milford,357,Heron Pond Elementary School,27895,3,145 - 150,26,36,28,10,38,62,2421,145 , 150,0,38,0,27895,0,0,0
2015,sch,mat,Regular,Milford,357,Heron Pond Elementary School,27895,4,175 - 180,<10,31,36,24,60,40,2502,175 , 180,0,60,0,27895,0,0,0
2015,sch,mat,Regular,Milford,357,Heron Pond Elementary School,27895,5,165 - 170,15,21,30,34,64,36,2543,165 , 170,0,64,0,27895,0,0,0
2015,sch,rea,Regular,Milford,357,Heron Pond Elementary School,27895,0,495 - 500,19,23,28,29,57,43,NULL,495 , 500,0,57,0,27895,0,0,0
2015,sch,rea,Regular,Milford,357,Heron Pond Elementary School,27895,3,145 - 150,26,28,24,22,46,54,2427,145 , 150,0,46,0,27895,0,0,0
2015,sch,rea,Regular,Milford,357,Heron Pond Elementary School,27895,4,175 - 180,20,20,27,34,61,39,2492,175 , 180,0,61,0,27895,0,0,0
2015,sch,rea,Regular,Milford,357,Heron Pond Elementary School,27895,5,170 - 175,13,23,34,30,63,37,2533,170 , 175,0,63,0,27895,0,0,0
2015,sch,sci,Regular,Milford,357,Heron Pond Elementary School,27895,0,175 - 180,10,29,60,<10,61,39,NULL,175 , 180,0,61,0,27895,0,0,0
2015,sch,sci,Regular,Milford,357,Heron Pond Elementary School,27895,4,175 - 180,10,29,60,<10,61,39,NULL,175 , 180,0,61,0,27895,0,0,0
2015,sch,mat,Regular,Milford,357,Milford High School,21765,0,185 - 190,37,32,20,12,32,68,NULL,185 , 190,187.5,32,6000,21765,187.5,6000,32
2015,sch,mat,Regular,Milford,357,Milford High School,21765,11,185 - 190,37,32,20,12,32,68,2577,185 , 190,0,32,0,21765,0,0,0
2015,sch,rea,Regular,Milford,357,Milford High School,21765,0,185 - 190,18,36,34,13,46,54,NULL,185 , 190,0,46,0,21765,0,0,0
2015,sch,rea,Regular,Milford,357,Milford High School,21765,11,185 - 190,18,36,34,13,46,54,2573,185 , 190,0,46,0,21765,0,0,0
2015,sch,sci,Regular,Milford,357,Milford High School,21765,0,190 - 195,30,46,24,<10,24,76,NULL,190 , 195,0,24,0,21765,0,0,0
2015,sch,sci,Regular,Milford,357,Milford High School,21765,11,190 - 195,30,46,24,<10,24,76,NULL,190 , 195,0,24,0,21765,0,0,0
2015,sch,mat,Regular,Milford,357,Milford Middle School,21760,0,625 - 630,19,28,30,23,53,47,NULL,625 , 630,627.5,53,33257.5,21760,627.5,33257.5,53
2015,sch,mat,Regular,Milford,357,Milford Middle School,21760,6,200 - 205,19,31,33,17,50,50,2541,200 , 205,0,50,0,21760,0,0,0
2015,sch,mat,Regular,Milford,357,Milford Middle School,21760,7,225 - 230,17,25,30,27,57,43,2576,225 , 230,0,57,0,21760,0,0,0
2015,sch,mat,Regular,Milford,357,Milford Middle School,21760,8,195 - 200,21,28,27,24,51,49,2579,195 , 200,0,51,0,21760,0,0,0
2015,sch,rea,Regular,Milford,357,Milford Middle School,21760,0,625 - 630,15,25,44,16,60,40,NULL,625 , 630,0,60,0,21760,0,0,0
2015,sch,rea,Regular,Milford,357,Milford Middle School,21760,6,200 - 205,23,29,34,14,49,51,2524,200 , 205,0,49,0,21760,0,0,0
2015,sch,rea,Regular,Milford,357,Milford Middle School,21760,7,225 - 230,12,21,50,17,68,32,2578,225 , 230,0,68,0,21760,0,0,0
2015,sch,rea,Regular,Milford,357,Milford Middle School,21760,8,195 - 200,11,25,47,17,64,36,2591,195 , 200,0,64,0,21760,0,0,0
2015,sch,sci,Regular,Milford,357,Milford Middle School,21760,0,210 - 215,17,58,25,<10,26,74,NULL,210 , 215,0,26,0,21760,0,0,0
2015,sch,sci,Regular,Milford,357,Milford Middle School,21760,8,210 - 215,17,58,25,<10,26,74,NULL,210 , 215,0,26,0,21760,0,0,0
2015,sch,mat,Regular,Mill Falls Charter School,729,Mill Falls Charter School,29040,0,65 - 70,15,28,34,24,57,43,NULL,65 , 70,67.5,57,3847.5,29040,67.5,3847.5,57
2015,sch,mat,Regular,Mill Falls Charter School,729,Mill Falls Charter School,29040,3,20 - 25,13,17,48,22,70,30,2458,20 , 25,0,70,0,29040,0,0,0
2015,sch,mat,Regular,Mill Falls Charter School,729,Mill Falls Charter School,29040,4,20 - 25,<10,30,35,26,61,39,2500,20 , 25,0,61,0,29040,0,0,0
2015,sch,mat,Regular,Mill Falls Charter School,729,Mill Falls Charter School,29040,5,20 - 25,23,36,18,23,41,59,2513,20 , 25,0,41,0,29040,0,0,0
2015,sch,rea,Regular,Mill Falls Charter School,729,Mill Falls Charter School,29040,0,65 - 70,13,24,32,31,63,37,NULL,65 , 70,0,63,0,29040,0,0,0
2015,sch,rea,Regular,Mill Falls Charter School,729,Mill Falls Charter School,29040,3,20 - 25,13,26,17,43,61,39,2468,20 , 25,0,61,0,29040,0,0,0
2015,sch,rea,Regular,Mill Falls Charter School,729,Mill Falls Charter School,29040,4,20 - 25,13,22,26,39,65,35,2501,20 , 25,0,65,0,29040,0,0,0
2015,sch,rea,Regular,Mill Falls Charter School,729,Mill Falls Charter School,29040,5,20 - 25,14,23,55,<10,64,36,2523,20 , 25,0,64,0,29040,0,0,0
2015,sch,sci,Regular,Mill Falls Charter School,729,Mill Falls Charter School,29040,0,20 - 25,13,38,50,<10,50,50,NULL,20 , 25,0,50,0,29040,0,0,0
2015,sch,sci,Regular,Mill Falls Charter School,729,Mill Falls Charter School,29040,4,20 - 25,13,38,50,<10,50,50,NULL,20 , 25,0,50,0,29040,0,0,0
2015,sch,mat,Regular,Milton,359,Milton Elementary School,22075,0,100 - 105,41,33,20,<10,25,75,NULL,100 , 105,102.5,25,2562.5,22075,102.5,2562.5,25
2015,sch,mat,Regular,Milton,359,Milton Elementary School,22075,3,35 - 40,34,42,21,<10,24,76,2401,35 , 40,0,24,0,22075,0,0,0
2015,sch,mat,Regular,Milton,359,Milton Elementary School,22075,4,30 - 35,48,27,15,<10,24,76,2430,30 , 35,0,24,0,22075,0,0,0
2015,sch,mat,Regular,Milton,359,Milton Elementary School,22075,5,30 - 35,42,29,23,<10,29,71,2476,30 , 35,0,29,0,22075,0,0,0
2015,sch,rea,Regular,Milton,359,Milton Elementary School,22075,0,100 - 105,44,23,20,14,33,67,NULL,100 , 105,0,33,0,22075,0,0,0
2015,sch,rea,Regular,Milton,359,Milton Elementary School,22075,3,35 - 40,47,26,13,13,26,74,2391,35 , 40,0,26,0,22075,0,0,0
2015,sch,rea,Regular,Milton,359,Milton Elementary School,22075,4,30 - 35,48,24,15,12,27,73,2439,30 , 35,0,27,0,22075,0,0,0
2015,sch,rea,Regular,Milton,359,Milton Elementary School,22075,5,30 - 35,35,16,32,16,48,52,2490,30 , 35,0,48,0,22075,0,0,0
2015,sch,sci,Regular,Milton,359,Milton Elementary School,22075,0,30 - 35,27,52,21,<10,21,79,NULL,30 , 35,0,21,0,22075,0,0,0
2015,sch,sci,Regular,Milton,359,Milton Elementary School,22075,4,30 - 35,27,52,21,<10,21,79,NULL,30 , 35,0,21,0,22075,0,0,0
2015,sch,mat,Regular,Milton,359,Nute High School,22070,0,30 - 35,71,16,13,<10,13,87,NULL,30 , 35,32.5,13,422.5,22070,32.5,422.5,13
2015,sch,mat,Regular,Milton,359,Nute High School,22070,11,30 - 35,71,16,13,<10,13,87,2485,30 , 35,0,13,0,22070,0,0,0
2015,sch,rea,Regular,Milton,359,Nute High School,22070,0,30 - 35,17,30,43,10,53,47,NULL,30 , 35,0,53,0,22070,0,0,0
2015,sch,rea,Regular,Milton,359,Nute High School,22070,11,30 - 35,17,30,43,10,53,47,2572,30 , 35,0,53,0,22070,0,0,0
2015,sch,sci,Regular,Milton,359,Nute High School,22070,0,30 - 35,44,41,15,<10,15,85,NULL,30 , 35,0,15,0,22070,0,0,0
2015,sch,sci,Regular,Milton,359,Nute High School,22070,11,30 - 35,44,41,15,<10,15,85,NULL,30 , 35,0,15,0,22070,0,0,0
2015,sch,mat,Regular,Milton,359,Nute Junior High School,26540,0,110 - 115,53,35,<10,<10,12,88,NULL,110 , 115,112.5,12,1350,26540,112.5,1350,12
2015,sch,mat,Regular,Milton,359,Nute Junior High School,26540,6,30 - 35,56,28,<10,<10,16,84,2457,30 , 35,0,16,0,26540,0,0,0
2015,sch,mat,Regular,Milton,359,Nute Junior High School,26540,7,35 - 40,34,45,18,<10,21,79,2498,35 , 40,0,21,0,26540,0,0,0
2015,sch,mat,Regular,Milton,359,Nute Junior High School,26540,8,40 - 45,68,32,<10,<10,<10,>90,2468,40 , 45,0,10,0,26540,0,0,0
2015,sch,rea,Regular,Milton,359,Nute Junior High School,26540,0,110 - 115,41,32,23,<10,28,72,NULL,110 , 115,0,28,0,26540,0,0,0
2015,sch,rea,Regular,Milton,359,Nute Junior High School,26540,6,30 - 35,53,28,<10,<10,19,81,2469,30 , 35,0,19,0,26540,0,0,0
2015,sch,rea,Regular,Milton,359,Nute Junior High School,26540,7,35 - 40,39,24,34,<10,37,63,2507,35 , 40,0,37,0,26540,0,0,0
2015,sch,rea,Regular,Milton,359,Nute Junior High School,26540,8,40 - 45,32,41,22,<10,27,73,2525,40 , 45,0,27,0,26540,0,0,0
2015,sch,sci,Regular,Milton,359,Nute Junior High School,26540,0,40 - 45,49,44,<10,<10,<10,>90,NULL,40 , 45,0,10,0,26540,0,0,0
2015,sch,sci,Regular,Milton,359,Nute Junior High School,26540,8,40 - 45,49,44,<10,<10,<10,>90,NULL,40 , 45,0,10,0,26540,0,0,0
2015,sch,mat,Regular,Monadnock Regional,363,Cutler School,21715,0,265 - 270,16,34,31,19,50,50,NULL,265 , 270,267.5,50,13375,21715,267.5,13375,50
2015,sch,mat,Regular,Monadnock Regional,363,Cutler School,21715,3,55 - 60,16,28,40,17,57,43,2449,55 , 60,0,57,0,21715,0,0,0
2015,sch,mat,Regular,Monadnock Regional,363,Cutler School,21715,4,70 - 75,15,52,25,<10,32,68,2463,70 , 75,0,32,0,21715,0,0,0
2015,sch,mat,Regular,Monadnock Regional,363,Cutler School,21715,5,65 - 70,20,26,34,20,54,46,2525,65 , 70,0,54,0,21715,0,0,0
2015,sch,mat,Regular,Monadnock Regional,363,Cutler School,21715,6,70 - 75,13,30,27,31,58,42,2559,70 , 75,0,58,0,21715,0,0,0
2015,sch,rea,Regular,Monadnock Regional,363,Cutler School,21715,0,260 - 265,21,26,32,20,53,47,NULL,260 , 265,0,53,0,21715,0,0,0
2015,sch,rea,Regular,Monadnock Regional,363,Cutler School,21715,3,55 - 60,16,38,22,24,47,53,2440,55 , 60,0,47,0,21715,0,0,0
2015,sch,rea,Regular,Monadnock Regional,363,Cutler School,21715,4,70 - 75,37,24,31,<10,39,61,2443,70 , 75,0,39,0,21715,0,0,0
2015,sch,rea,Regular,Monadnock Regional,363,Cutler School,21715,5,65 - 70,18,25,35,22,57,43,2519,65 , 70,0,57,0,21715,0,0,0
2015,sch,rea,Regular,Monadnock Regional,363,Cutler School,21715,6,70 - 75,13,20,39,29,67,33,2557,70 , 75,0,67,0,21715,0,0,0
2015,sch,sci,Regular,Monadnock Regional,363,Cutler School,21715,0,70 - 75,18,52,30,<10,30,70,NULL,70 , 75,0,30,0,21715,0,0,0
2015,sch,sci,Regular,Monadnock Regional,363,Cutler School,21715,4,70 - 75,18,52,30,<10,30,70,NULL,70 , 75,0,30,0,21715,0,0,0
2015,sch,mat,Regular,Monadnock Regional,363,Dr. George S. Emerson Elementary School,21665,0,75 - 80,21,42,29,<10,37,63,NULL,75 , 80,77.5,37,2867.5,21665,77.5,2867.5,37
2015,sch,mat,Regular,Monadnock Regional,363,Dr. George S. Emerson Elementary School,21665,3,15 - 20,33,33,27,<10,33,67,2406,15 , 20,0,33,0,21665,0,0,0
2015,sch,mat,Regular,Monadnock Regional,363,Dr. George S. Emerson Elementary School,21665,4,15 - 20,11,58,26,<10,32,68,2463,15 , 20,0,32,0,21665,0,0,0
2015,sch,mat,Regular,Monadnock Regional,363,Dr. George S. Emerson Elementary School,21665,5,10 - 15,29,43,14,14,29,71,2508,10 , 15,0,29,0,21665,0,0,0
2015,sch,mat,Regular,Monadnock Regional,363,Dr. George S. Emerson Elementary School,21665,6,25 - 30,18,36,39,<10,46,54,2523,25 , 30,0,46,0,21665,0,0,0
2015,sch,rea,Regular,Monadnock Regional,363,Dr. George S. Emerson Elementary School,21665,0,75 - 80,17,36,30,17,47,53,NULL,75 , 80,0,47,0,21665,0,0,0
2015,sch,rea,Regular,Monadnock Regional,363,Dr. George S. Emerson Elementary School,21665,3,15 - 20,20,47,27,<10,33,67,2407,15 , 20,0,33,0,21665,0,0,0
2015,sch,rea,Regular,Monadnock Regional,363,Dr. George S. Emerson Elementary School,21665,4,15 - 20,26,42,16,16,32,68,2452,15 , 20,0,32,0,21665,0,0,0
2015,sch,rea,Regular,Monadnock Regional,363,Dr. George S. Emerson Elementary School,21665,5,10 - 15,21,36,14,29,43,57,2516,10 , 15,0,43,0,21665,0,0,0
2015,sch,rea,Regular,Monadnock Regional,363,Dr. George S. Emerson Elementary School,21665,6,25 - 30,<10,28,48,17,66,34,2544,25 , 30,0,66,0,21665,0,0,0
2015,sch,sci,Regular,Monadnock Regional,363,Dr. George S. Emerson Elementary School,21665,0,15 - 20,<10,74,26,<10,26,74,NULL,15 , 20,0,26,0,21665,0,0,0
2015,sch,sci,Regular,Monadnock Regional,363,Dr. George S. Emerson Elementary School,21665,4,15 - 20,<10,74,26,<10,26,74,NULL,15 , 20,0,26,0,21665,0,0,0
2015,sch,mat,Regular,Monadnock Regional,363,Gilsum Elementary School,21670,0,15 - 20,11,42,32,16,47,53,NULL,15 , 20,17.5,47,822.5,21670,17.5,822.5,47
2015,sch,mat,Regular,Monadnock Regional,363,Gilsum Elementary School,21670,3, 0 - 10,* n < 11,* n < 11,* n < 11,* n < 11,* n < 11,* n < 11,* n < 11, 0 , 10,0,* n < 11,0,21670,0,0,0
2015,sch,mat,Regular,Monadnock Regional,363,Gilsum Elementary School,21670,4, 0 - 10,* n < 11,* n < 11,* n < 11,* n < 11,* n < 11,* n < 11,* n < 11, 0 , 10,0,* n < 11,0,21670,0,0,0
2015,sch,mat,Regular,Monadnock Regional,363,Gilsum Elementary School,21670,5, 0 - 10,* n < 11,* n < 11,* n < 11,* n < 11,* n < 11,* n < 11,* n < 11, 0 , 10,0,* n < 11,0,21670,0,0,0
2015,sch,mat,Regular,Monadnock Regional,363,Gilsum Elementary School,21670,6, 0 - 10,* n < 11,* n < 11,* n < 11,* n < 11,* n < 11,* n < 11,* n < 11, 0 , 10,0,* n < 11,0,21670,0,0,0
2015,sch,rea,Regular,Monadnock Regional,363,Gilsum Elementary School,21670,0,15 - 20,26,32,32,11,42,58,NULL,15 , 20,0,42,0,21670,0,0,0
2015,sch,rea,Regular,Monadnock Regional,363,Gilsum Elementary School,21670,3, 0 - 10,* n < 11,* n < 11,* n < 11,* n < 11,* n < 11,* n < 11,* n < 11, 0 , 10,0,* n < 11,0,21670,0,0,0
2015,sch,rea,Regular,Monadnock Regional,363,Gilsum Elementary School,21670,4, 0 - 10,* n < 11,* n < 11,* n < 11,* n < 11,* n < 11,* n < 11,* n < 11, 0 , 10,0,* n < 11,0,21670,0,0,0
2015,sch,rea,Regular,Monadnock Regional,363,Gilsum Elementary School,21670,5, 0 - 10,* n < 11,* n < 11,* n < 11,* n < 11,* n < 11,* n < 11,* n < 11, 0 , 10,0,* n < 11,0,21670,0,0,0
2015,sch,rea,Regular,Monadnock Regional,363,Gilsum Elementary School,21670,6, 0 - 10,* n < 11,* n < 11,* n < 11,* n < 11,* n < 11,* n < 11,* n < 11, 0 , 10,0,* n < 11,0,21670,0,0,0
2015,sch,sci,Regular,Monadnock Regional,363,Gilsum Elementary School,21670,0, 0 - 10,* n < 11,* n < 11,* n < 11,* n < 11,* n < 11,* n < 11,* n < 11, 0 , 10,0,* n < 11,0,21670,0,0,0
2015,sch,sci,Regular,Monadnock Regional,363,Gilsum Elementary School,21670,4, 0 - 10,* n < 11,* n < 11,* n < 11,* n < 11,* n < 11,* n < 11,* n < 11, 0 , 10,0,* n < 11,0,21670,0,0,0
2015,sch,mat,Regular,Monadnock Regional,363,Monadnock Regional High School,21700,0,75 - 80,41,31,20,<10,28,72,NULL,75 , 80,77.5,28,2170,21700,77.5,2170,28
2015,sch,mat,Regular,Monadnock Regional,363,Monadnock Regional High School,21700,11,75 - 80,41,31,20,<10,28,72,2553,75 , 80,0,28,0,21700,0,0,0
2015,sch,rea,Regular,Monadnock Regional,363,Monadnock Regional High School,21700,0,95 - 100,19,31,28,22,51,49,NULL,95 , 100,0,51,0,21700,0,0,0
2015,sch,rea,Regular,Monadnock Regional,363,Monadnock Regional High School,21700,11,95 - 100,19,31,28,22,51,49,2581,95 , 100,0,51,0,21700,0,0,0
2015,sch,sci,Regular,Monadnock Regional,363,Monadnock Regional High School,21700,0,115 - 120,20,53,27,<10,27,73,NULL,115 , 120,0,27,0,21700,0,0,0
2015,sch,sci,Regular,Monadnock Regional,363,Monadnock Regional High School,21700,11,115 - 120,20,53,27,<10,27,73,NULL,115 , 120,0,27,0,21700,0,0,0
2015,sch,mat,Regular,Monadnock Regional,363,Monadnock Regional Middle School,26980,0,230 - 235,38,28,22,12,34,66,NULL,230 , 235,232.5,34,7905,26980,232.5,7905,34
2015,sch,mat,Regular,Monadnock Regional,363,Monadnock Regional Middle School,26980,7,110 - 115,31,33,23,14,36,64,2535,110 , 115,0,36,0,26980,0,0,0
2015,sch,mat,Regular,Monadnock Regional,363,Monadnock Regional Middle School,26980,8,120 - 125,44,24,21,11,32,68,2518,120 , 125,0,32,0,26980,0,0,0
2015,sch,rea,Regular,Monadnock Regional,363,Monadnock Regional Middle School,26980,0,225 - 230,35,30,27,<10,35,65,NULL,225 , 230,0,35,0,26980,0,0,0
2015,sch,rea,Regular,Monadnock Regional,363,Monadnock Regional Middle School,26980,7,105 - 110,26,36,28,11,39,61,2530,105 , 110,0,39,0,26980,0,0,0
2015,sch,rea,Regular,Monadnock Regional,363,Monadnock Regional Middle School,26980,8,120 - 125,43,25,27,<10,32,68,2514,120 , 125,0,32,0,26980,0,0,0
2015,sch,sci,Regular,Monadnock Regional,363,Monadnock Regional Middle School,26980,0,125 - 130,32,45,23,<10,23,77,NULL,125 , 130,0,23,0,26980,0,0,0
2015,sch,sci,Regular,Monadnock Regional,363,Monadnock Regional Middle School,26980,8,125 - 130,32,45,23,<10,23,77,NULL,125 , 130,0,23,0,26980,0,0,0
2015,sch,mat,Regular,Monadnock Regional,363,Troy Elementary School,21725,0,70 - 75,19,33,22,25,47,53,NULL,70 , 75,72.5,47,3407.5,21725,72.5,3407.5,47
2015,sch,mat,Regular,Monadnock Regional,363,Troy Elementary School,21725,3,15 - 20,<10,33,33,27,60,40,2452,15 , 20,0,60,0,21725,0,0,0
2015,sch,mat,Regular,Monadnock Regional,363,Troy Elementary School,21725,4,15 - 20,<10,56,31,<10,38,63,2465,15 , 20,0,38,0,21725,0,0,0
2015,sch,mat,Regular,Monadnock Regional,363,Troy Elementary School,21725,5,15 - 20,18,18,12,53,65,35,2554,15 , 20,0,65,0,21725,0,0,0
2015,sch,mat,Regular,Monadnock Regional,363,Troy Elementary School,21725,6,20 - 25,38,29,17,17,33,67,2518,20 , 25,0,33,0,21725,0,0,0
2015,sch,rea,Regular,Monadnock Regional,363,Troy Elementary School,21725,0,70 - 75,30,20,24,26,50,50,NULL,70 , 75,0,50,0,21725,0,0,0
2015,sch,rea,Regular,Monadnock Regional,363,Troy Elementary School,21725,3,15 - 20,27,<10,33,40,73,27,2449,15 , 20,0,73,0,21725,0,0,0
2015,sch,rea,Regular,Monadnock Regional,363,Troy Elementary School,21725,4,10 - 15,36,50,<10,14,14,86,2439,10 , 15,0,14,0,21725,0,0,0
2015,sch,rea,Regular,Monadnock Regional,363,Troy Elementary School,21725,5,15 - 20,24,<10,35,35,71,29,2550,15 , 20,0,71,0,21725,0,0,0
2015,sch,rea,Regular,Monadnock Regional,363,Troy Elementary School,21725,6,20 - 25,33,25,25,17,42,58,2525,20 , 25,0,42,0,21725,0,0,0
2015,sch,sci,Regular,Monadnock Regional,363,Troy Elementary School,21725,0,15 - 20,<10,63,38,<10,38,63,NULL,15 , 20,0,38,0,21725,0,0,0
2015,sch,sci,Regular,Monadnock Regional,363,Troy Elementary School,21725,4,15 - 20,<10,63,38,<10,38,63,NULL,15 , 20,0,38,0,21725,0,0,0
2015,sch,mat,Regular,Monroe,365,Monroe Consolidated School,20885,0,45 - 50,14,45,27,14,41,59,NULL,45 , 50,47.5,41,1947.5,20885,47.5,1947.5,41
2015,sch,mat,Regular,Monroe,365,Monroe Consolidated School,20885,3, 0 - 10,* n < 11,* n < 11,* n < 11,* n < 11,* n < 11,* n < 11,* n < 11, 0 , 10,0,* n < 11,0,20885,0,0,0
2015,sch,mat,Regular,Monroe,365,Monroe Consolidated School,20885,4, 0 - 10,* n < 11,* n < 11,* n < 11,* n < 11,* n < 11,* n < 11,* n < 11, 0 , 10,0,* n < 11,0,20885,0,0,0
2015,sch,mat,Regular,Monroe,365,Monroe Consolidated School,20885,5,10 - 15,<10,45,45,<10,45,55,2502,10 , 15,0,45,0,20885,0,0,0
2015,sch,mat,Regular,Monroe,365,Monroe Consolidated School,20885,6, 0 - 10,* n < 11,* n < 11,* n < 11,* n < 11,* n < 11,* n < 11,* n < 11, 0 , 10,0,* n < 11,0,20885,0,0,0
2015,sch,mat,Regular,Monroe,365,Monroe Consolidated School,20885,7, 0 - 10,* n < 11,* n < 11,* n < 11,* n < 11,* n < 11,* n < 11,* n < 11, 0 , 10,0,* n < 11,0,20885,0,0,0
2015,sch,mat,Regular,Monroe,365,Monroe Consolidated School,20885,8, 0 - 10,* n < 11,* n < 11,* n < 11,* n < 11,* n < 11,* n < 11,* n < 11, 0 , 10,0,* n < 11,0,20885,0,0,0
2015,sch,rea,Regular,Monroe,365,Monroe Consolidated School,20885,0,50 - 55,18,28,44,10,54,46,NULL,50 , 55,0,54,0,20885,0,0,0
2015,sch,rea,Regular,Monroe,365,Monroe Consolidated School,20885,3, 0 - 10,* n < 11,* n < 11,* n < 11,* n < 11,* n < 11,* n < 11,* n < 11, 0 , 10,0,* n < 11,0,20885,0,0,0
2015,sch,rea,Regular,Monroe,365,Monroe Consolidated School,20885,4, 0 - 10,* n < 11,* n < 11,* n < 11,* n < 11,* n < 11,* n < 11,* n < 11, 0 , 10,0,* n < 11,0,20885,0,0,0
2015,sch,rea,Regular,Monroe,365,Monroe Consolidated School,20885,5,10 - 15,<10,18,45,27,73,27,2524,10 , 15,0,73,0,20885,0,0,0
2015,sch,rea,Regular,Monroe,365,Monroe Consolidated School,20885,6, 0 - 10,* n < 11,* n < 11,* n < 11,* n < 11,* n < 11,* n < 11,* n < 11, 0 , 10,0,* n < 11,0,20885,0,0,0
2015,sch,rea,Regular,Monroe,365,Monroe Consolidated School,20885,7, 0 - 10,* n < 11,* n < 11,* n < 11,* n < 11,* n < 11,* n < 11,* n < 11, 0 , 10,0,* n < 11,0,20885,0,0,0
2015,sch,rea,Regular,Monroe,365,Monroe Consolidated School,20885,8, 0 - 10,* n < 11,* n < 11,* n < 11,* n < 11,* n < 11,* n < 11,* n < 11, 0 , 10,0,* n < 11,0,20885,0,0,0
2015,sch,sci,Regular,Monroe,365,Monroe Consolidated School,20885,0,15 - 20,<10,79,21,<10,21,79,NULL,15 , 20,0,21,0,20885,0,0,0
2015,sch,sci,Regular,Monroe,365,Monroe Consolidated School,20885,4, 0 - 10,* n < 11,* n < 11,* n < 11,* n < 11,* n < 11,* n < 11,* n < 11, 0 , 10,0,* n < 11,0,20885,0,0,0
2015,sch,sci,Regular,Monroe,365,Monroe Consolidated School,20885,8, 0 - 10,* n < 11,* n < 11,* n < 11,* n < 11,* n < 11,* n < 11,* n < 11, 0 , 10,0,* n < 11,0,20885,0,0,0
2015,sch,mat,Regular,Mont Vernon,367,Mont Vernon Village School,21790,0,105 - 110,12,34,35,19,54,46,NULL,105 , 110,107.5,54,5805,21790,107.5,5805,54
2015,sch,mat,Regular,Mont Vernon,367,Mont Vernon Village School,21790,3,25 - 30,21,24,34,21,55,45,2443,25 , 30,0,55,0,21790,0,0,0
2015,sch,mat,Regular,Mont Vernon,367,Mont Vernon Village School,21790,4,20 - 25,<10,30,48,17,65,35,2502,20 , 25,0,65,0,21790,0,0,0
2015,sch,mat,Regular,Mont Vernon,367,Mont Vernon Village School,21790,5,30 - 35,16,44,25,16,41,59,2517,30 , 35,0,41,0,21790,0,0,0
2015,sch,mat,Regular,Mont Vernon,367,Mont Vernon Village School,21790,6,20 - 25,<10,38,38,21,58,42,2566,20 , 25,0,58,0,21790,0,0,0
2015,sch,rea,Regular,Mont Vernon,367,Mont Vernon Village School,21790,0,105 - 110,<10,16,32,44,76,24,NULL,105 , 110,0,76,0,21790,0,0,0
2015,sch,rea,Regular,Mont Vernon,367,Mont Vernon Village School,21790,3,25 - 30,17,21,14,48,62,38,2452,25 , 30,0,62,0,21790,0,0,0
2015,sch,rea,Regular,Mont Vernon,367,Mont Vernon Village School,21790,4,20 - 25,<10,17,48,35,83,17,2518,20 , 25,0,83,0,21790,0,0,0
2015,sch,rea,Regular,Mont Vernon,367,Mont Vernon Village School,21790,5,30 - 35,13,16,28,44,72,28,2547,30 , 35,0,72,0,21790,0,0,0
2015,sch,rea,Regular,Mont Vernon,367,Mont Vernon Village School,21790,6,20 - 25,<10,<10,43,48,>90,<10,2609,20 , 25,0,90,0,21790,0,0,0
2015,sch,sci,Regular,Mont Vernon,367,Mont Vernon Village School,21790,0,20 - 25,<10,17,83,<10,83,17,NULL,20 , 25,0,83,0,21790,0,0,0
2015,sch,sci,Regular,Mont Vernon,367,Mont Vernon Village School,21790,4,20 - 25,<10,17,83,<10,83,17,NULL,20 , 25,0,83,0,21790,0,0,0
2015,sch,mat,Regular,Moultonborough,369,Moultonborough Academy,22120,0,45 - 50,30,21,32,17,49,51,NULL,45 , 50,47.5,49,2327.5,22120,47.5,2327.5,49
2015,sch,mat,Regular,Moultonborough,369,Moultonborough Academy,22120,11,45 - 50,30,21,32,17,49,51,2605,45 , 50,0,49,0,22120,0,0,0
2015,sch,rea,Regular,Moultonborough,369,Moultonborough Academy,22120,0,45 - 50,11,19,32,38,70,30,NULL,45 , 50,0,70,0,22120,0,0,0
2015,sch,rea,Regular,Moultonborough,369,Moultonborough Academy,22120,11,45 - 50,11,19,32,38,70,30,2634,45 , 50,0,70,0,22120,0,0,0
2015,sch,sci,Regular,Moultonborough,369,Moultonborough Academy,22120,0,50 - 55,10,34,50,<10,56,44,NULL,50 , 55,0,56,0,22120,0,0,0
2015,sch,sci,Regular,Moultonborough,369,Moultonborough Academy,22120,11,50 - 55,10,34,50,<10,56,44,NULL,50 , 55,0,56,0,22120,0,0,0
2015,sch,mat,Regular,Moultonborough,369,Moultonborough Academy (Junior High),26960,0,80 - 85,18,44,21,18,39,61,NULL,80 , 85,82.5,39,3217.5,26960,82.5,3217.5,39
2015,sch,mat,Regular,Moultonborough,369,Moultonborough Academy (Junior High),26960,7,45 - 50,13,44,27,17,44,56,2563,45 , 50,0,44,0,26960,0,0,0
2015,sch,mat,Regular,Moultonborough,369,Moultonborough Academy (Junior High),26960,8,30 - 35,25,44,13,19,31,69,2564,30 , 35,0,31,0,26960,0,0,0
2015,sch,rea,Regular,Moultonborough,369,Moultonborough Academy (Junior High),26960,0,80 - 85,<10,30,36,26,63,38,NULL,80 , 85,0,63,0,26960,0,0,0
2015,sch,rea,Regular,Moultonborough,369,Moultonborough Academy (Junior High),26960,7,45 - 50,<10,25,35,31,67,33,2595,45 , 50,0,67,0,26960,0,0,0
2015,sch,rea,Regular,Moultonborough,369,Moultonborough Academy (Junior High),26960,8,30 - 35,<10,38,38,19,56,44,2583,30 , 35,0,56,0,26960,0,0,0
2015,sch,sci,Regular,Moultonborough,369,Moultonborough Academy (Junior High),26960,0,30 - 35,12,71,18,<10,18,82,NULL,30 , 35,0,18,0,26960,0,0,0
2015,sch,sci,Regular,Moultonborough,369,Moultonborough Academy (Junior High),26960,8,30 - 35,12,71,18,<10,18,82,NULL,30 , 35,0,18,0,26960,0,0,0
2015,sch,mat,Regular,Moultonborough,369,Moultonborough Central School,22115,0,120 - 125,16,26,31,27,58,42,NULL,120 , 125,122.5,58,7105,22115,122.5,7105,58
2015,sch,mat,Regular,Moultonborough,369,Moultonborough Central School,22115,3,25 - 30,17,21,31,31,62,38,2471,25 , 30,0,62,0,22115,0,0,0
2015,sch,mat,Regular,Moultonborough,369,Moultonborough Central School,22115,4,25 - 30,14,24,38,24,62,38,2495,25 , 30,0,62,0,22115,0,0,0
2015,sch,mat,Regular,Moultonborough,369,Moultonborough Central School,22115,5,35 - 40,19,25,22,33,56,44,2537,35 , 40,0,56,0,22115,0,0,0
2015,sch,mat,Regular,Moultonborough,369,Moultonborough Central School,22115,6,30 - 35,13,33,33,20,53,47,2548,30 , 35,0,53,0,22115,0,0,0
2015,sch,rea,Regular,Moultonborough,369,Moultonborough Central School,22115,0,120 - 125,<10,18,36,41,77,23,NULL,120 , 125,0,77,0,22115,0,0,0
2015,sch,rea,Regular,Moultonborough,369,Moultonborough Central School,22115,3,25 - 30,<10,28,21,45,66,34,2470,25 , 30,0,66,0,22115,0,0,0
2015,sch,rea,Regular,Moultonborough,369,Moultonborough Central School,22115,4,25 - 30,<10,14,34,48,83,17,2524,25 , 30,0,83,0,22115,0,0,0
2015,sch,rea,Regular,Moultonborough,369,Moultonborough Central School,22115,5,35 - 40,<10,14,33,44,78,22,2558,35 , 40,0,78,0,22115,0,0,0
2015,sch,rea,Regular,Moultonborough,369,Moultonborough Central School,22115,6,30 - 35,<10,17,57,27,83,17,2587,30 , 35,0,83,0,22115,0,0,0
2015,sch,sci,Regular,Moultonborough,369,Moultonborough Central School,22115,0,25 - 30,<10,45,52,<10,52,48,NULL,25 , 30,0,52,0,22115,0,0,0
2015,sch,sci,Regular,Moultonborough,369,Moultonborough Central School,22115,4,25 - 30,<10,45,52,<10,52,48,NULL,25 , 30,0,52,0,22115,0,0,0
2015,sch,mat,Regular,Mountain Village Charter School,704,Mountain Village Charter School,29154,0, 0 - 10,* n < 11,* n < 11,* n < 11,* n < 11,* n < 11,* n < 11,* n < 11, 0 , 10,0,* n < 11,0,29154,0,0,0
2015,sch,mat,Regular,Mountain Village Charter School,704,Mountain Village Charter School,29154,3, 0 - 10,* n < 11,* n < 11,* n < 11,* n < 11,* n < 11,* n < 11,* n < 11, 0 , 10,0,* n < 11,0,29154,0,0,0
2015,sch,rea,Regular,Mountain Village Charter School,704,Mountain Village Charter School,29154,0, 0 - 10,* n < 11,* n < 11,* n < 11,* n < 11,* n < 11,* n < 11,* n < 11, 0 , 10,0,* n < 11,0,29154,0,0,0
2015,sch,rea,Regular,Mountain Village Charter School,704,Mountain Village Charter School,29154,3, 0 - 10,* n < 11,* n < 11,* n < 11,* n < 11,* n < 11,* n < 11,* n < 11, 0 , 10,0,* n < 11,0,29154,0,0,0
2015,sch,mat,Regular,Nashua,371,Amherst Street School,21940,0,115 - 120,26,39,19,15,34,66,NULL,115 , 120,117.5,34,3995,21940,117.5,3995,34
2015,sch,mat,Regular,Nashua,371,Amherst Street School,21940,3,35 - 40,28,36,28,<10,36,64,2421,35 , 40,0,36,0,21940,0,0,0
2015,sch,mat,Regular,Nashua,371,Amherst Street School,21940,4,35 - 40,19,41,19,22,41,59,2480,35 , 40,0,41,0,21940,0,0,0
2015,sch,mat,Regular,Nashua,371,Amherst Street School,21940,5,40 - 45,32,41,11,16,27,73,2485,40 , 45,0,27,0,21940,0,0,0
2015,sch,rea,Regular,Nashua,371,Amherst Street School,21940,0,115 - 120,26,37,19,18,37,63,NULL,115 , 120,0,37,0,21940,0,0,0
2015,sch,rea,Regular,Nashua,371,Amherst Street School,21940,3,35 - 40,22,44,14,19,33,67,2418,35 , 40,0,33,0,21940,0,0,0
2015,sch,rea,Regular,Nashua,371,Amherst Street School,21940,4,35 - 40,32,37,18,13,32,68,2457,35 , 40,0,32,0,21940,0,0,0
2015,sch,rea,Regular,Nashua,371,Amherst Street School,21940,5,40 - 45,26,30,23,21,44,56,2493,40 , 45,0,44,0,21940,0,0,0
2015,sch,sci,Regular,Nashua,371,Amherst Street School,21940,0,35 - 40,13,37,50,<10,50,50,NULL,35 , 40,0,50,0,21940,0,0,0
2015,sch,sci,Regular,Nashua,371,Amherst Street School,21940,4,35 - 40,13,37,50,<10,50,50,NULL,35 , 40,0,50,0,21940,0,0,0
2015,sch,mat,Regular,Nashua,371,Bicentennial Elementary School,21865,0,285 - 290,<10,20,25,47,72,28,NULL,285 , 290,287.5,72,20700,21865,287.5,20700,72
2015,sch,mat,Regular,Nashua,371,Bicentennial Elementary School,21865,3,90 - 95,10,21,35,34,69,31,2469,90 , 95,0,69,0,21865,0,0,0
2015,sch,mat,Regular,Nashua,371,Bicentennial Elementary School,21865,4,95 - 100,<10,22,28,45,74,26,2539,95 , 100,0,74,0,21865,0,0,0
2015,sch,mat,Regular,Nashua,371,Bicentennial Elementary School,21865,5,95 - 100,11,17,11,60,71,29,2577,95 , 100,0,71,0,21865,0,0,0
2015,sch,rea,Regular,Nashua,371,Bicentennial Elementary School,21865,0,285 - 290,<10,16,29,48,77,23,NULL,285 , 290,0,77,0,21865,0,0,0
2015,sch,rea,Regular,Nashua,371,Bicentennial Elementary School,21865,3,85 - 90,10,20,26,44,70,30,2475,85 , 90,0,70,0,21865,0,0,0
2015,sch,rea,Regular,Nashua,371,Bicentennial Elementary School,21865,4,95 - 100,<10,<10,35,48,84,16,2531,95 , 100,0,84,0,21865,0,0,0
2015,sch,rea,Regular,Nashua,371,Bicentennial Elementary School,21865,5,95 - 100,<10,18,26,52,78,22,2573,95 , 100,0,78,0,21865,0,0,0
2015,sch,sci,Regular,Nashua,371,Bicentennial Elementary School,21865,0,95 - 100,<10,26,66,<10,72,28,NULL,95 , 100,0,72,0,21865,0,0,0
2015,sch,sci,Regular,Nashua,371,Bicentennial Elementary School,21865,4,95 - 100,<10,26,66,<10,72,28,NULL,95 , 100,0,72,0,21865,0,0,0
2015,sch,mat,Regular,Nashua,371,Birch Hill Elementary School,21895,0,240 - 245,18,26,30,26,56,44,NULL,240 , 245,242.5,56,13580,21895,242.5,13580,56
2015,sch,mat,Regular,Nashua,371,Birch Hill Elementary School,21895,3,70 - 75,18,12,41,30,70,30,2460,70 , 75,0,70,0,21895,0,0,0
2015,sch,mat,Regular,Nashua,371,Birch Hill Elementary School,21895,4,80 - 85,18,42,24,16,40,60,2471,80 , 85,0,40,0,21895,0,0,0
2015,sch,mat,Regular,Nashua,371,Birch Hill Elementary School,21895,5,85 - 90,18,23,25,33,59,41,2541,85 , 90,0,59,0,21895,0,0,0
2015,sch,rea,Regular,Nashua,371,Birch Hill Elementary School,21895,0,240 - 245,16,22,29,34,63,37,NULL,240 , 245,0,63,0,21895,0,0,0
2015,sch,rea,Regular,Nashua,371,Birch Hill Elementary School,21895,3,70 - 75,14,18,23,45,68,32,2466,70 , 75,0,68,0,21895,0,0,0
2015,sch,rea,Regular,Nashua,371,Birch Hill Elementary School,21895,4,80 - 85,25,19,31,24,55,45,2473,80 , 85,0,55,0,21895,0,0,0
2015,sch,rea,Regular,Nashua,371,Birch Hill Elementary School,21895,5,85 - 90,<10,28,31,33,64,36,2541,85 , 90,0,64,0,21895,0,0,0
2015,sch,sci,Regular,Nashua,371,Birch Hill Elementary School,21895,0,80 - 85,17,46,37,<10,37,63,NULL,80 , 85,0,37,0,21895,0,0,0
2015,sch,sci,Regular,Nashua,371,Birch Hill Elementary School,21895,4,80 - 85,17,46,37,<10,37,63,NULL,80 , 85,0,37,0,21895,0,0,0
2015,sch,mat,Regular,Nashua,371,Broad Street Elementary School,21925,0,150 - 155,22,35,22,20,42,58,NULL,150 , 155,152.5,42,6405,21925,152.5,6405,42
2015,sch,mat,Regular,Nashua,371,Broad Street Elementary School,21925,3,50 - 55,28,30,20,22,42,58,2427,50 , 55,0,42,0,21925,0,0,0
2015,sch,mat,Regular,Nashua,371,Broad Street Elementary School,21925,4,50 - 55,23,42,21,15,36,64,2462,50 , 55,0,36,0,21925,0,0,0
2015,sch,mat,Regular,Nashua,371,Broad Street Elementary School,21925,5,50 - 55,16,34,26,24,50,50,2520,50 , 55,0,50,0,21925,0,0,0
2015,sch,rea,Regular,Nashua,371,Broad Street Elementary School,21925,0,150 - 155,25,24,29,21,50,50,NULL,150 , 155,0,50,0,21925,0,0,0
2015,sch,rea,Regular,Nashua,371,Broad Street Elementary School,21925,3,50 - 55,32,26,24,18,42,58,2415,50 , 55,0,42,0,21925,0,0,0
2015,sch,rea,Regular,Nashua,371,Broad Street Elementary School,21925,4,50 - 55,26,23,26,25,51,49,2471,50 , 55,0,51,0,21925,0,0,0
2015,sch,rea,Regular,Nashua,371,Broad Street Elementary School,21925,5,50 - 55,18,24,38,20,58,42,2515,50 , 55,0,58,0,21925,0,0,0
2015,sch,sci,Regular,Nashua,371,Broad Street Elementary School,21925,0,50 - 55,<10,47,38,<10,43,57,NULL,50 , 55,0,43,0,21925,0,0,0
2015,sch,sci,Regular,Nashua,371,Broad Street Elementary School,21925,4,50 - 55,<10,47,38,<10,43,57,NULL,50 , 55,0,43,0,21925,0,0,0
2015,sch,mat,Regular,Nashua,371,Charlotte Ave Elementary School,21930,0,245 - 250,20,36,32,12,44,56,NULL,245 , 250,247.5,44,10890,21930,247.5,10890,44
2015,sch,mat,Regular,Nashua,371,Charlotte Ave Elementary School,21930,3,85 - 90,15,29,41,14,55,45,2437,85 , 90,0,55,0,21930,0,0,0
2015,sch,mat,Regular,Nashua,371,Charlotte Ave Elementary School,21930,4,60 - 65,25,36,28,11,39,61,2462,60 , 65,0,39,0,21930,0,0,0
2015,sch,mat,Regular,Nashua,371,Charlotte Ave Elementary School,21930,5,95 - 100,22,41,26,11,38,63,2504,95 , 100,0,38,0,21930,0,0,0
2015,sch,rea,Regular,Nashua,371,Charlotte Ave Elementary School,21930,0,240 - 245,18,24,29,29,58,42,NULL,240 , 245,0,58,0,21930,0,0,0
2015,sch,rea,Regular,Nashua,371,Charlotte Ave Elementary School,21930,3,85 - 90,14,29,25,32,56,44,2451,85 , 90,0,56,0,21930,0,0,0
2015,sch,rea,Regular,Nashua,371,Charlotte Ave Elementary School,21930,4,60 - 65,33,17,25,24,49,51,2473,60 , 65,0,49,0,21930,0,0,0
2015,sch,rea,Regular,Nashua,371,Charlotte Ave Elementary School,21930,5,95 - 100,10,24,35,30,66,34,2534,95 , 100,0,66,0,21930,0,0,0
2015,sch,sci,Regular,Nashua,371,Charlotte Ave Elementary School,21930,0,60 - 65,13,29,56,<10,58,42,NULL,60 , 65,0,58,0,21930,0,0,0
2015,sch,sci,Regular,Nashua,371,Charlotte Ave Elementary School,21930,4,60 - 65,13,29,56,<10,58,42,NULL,60 , 65,0,58,0,21930,0,0,0
2015,sch,mat,Regular,Nashua,371,Dr. Norman W. Crisp School,21835,0,175 - 180,30,41,24,<10,30,70,NULL,175 , 180,177.5,30,5325,21835,177.5,5325,30
2015,sch,mat,Regular,Nashua,371,Dr. Norman W. Crisp School,21835,3,60 - 65,23,34,33,10,43,57,2420,60 , 65,0,43,0,21835,0,0,0
2015,sch,mat,Regular,Nashua,371,Dr. Norman W. Crisp School,21835,4,60 - 65,23,43,30,<10,33,67,2449,60 , 65,0,33,0,21835,0,0,0
2015,sch,mat,Regular,Nashua,371,Dr. Norman W. Crisp School,21835,5,50 - 55,44,44,<10,<10,11,89,2461,50 , 55,0,11,0,21835,0,0,0
2015,sch,rea,Regular,Nashua,371,Dr. Norman W. Crisp School,21835,0,175 - 180,31,30,27,11,38,62,NULL,175 , 180,0,38,0,21835,0,0,0
2015,sch,rea,Regular,Nashua,371,Dr. Norman W. Crisp School,21835,3,60 - 65,31,25,28,16,44,56,2412,60 , 65,0,44,0,21835,0,0,0
2015,sch,rea,Regular,Nashua,371,Dr. Norman W. Crisp School,21835,4,60 - 65,32,35,22,12,33,67,2447,60 , 65,0,33,0,21835,0,0,0
2015,sch,rea,Regular,Nashua,371,Dr. Norman W. Crisp School,21835,5,50 - 55,31,31,31,<10,37,63,2474,50 , 55,0,37,0,21835,0,0,0
2015,sch,sci,Regular,Nashua,371,Dr. Norman W. Crisp School,21835,0,60 - 65,17,43,40,<10,40,60,NULL,60 , 65,0,40,0,21835,0,0,0
2015,sch,sci,Regular,Nashua,371,Dr. Norman W. Crisp School,21835,4,60 - 65,17,43,40,<10,40,60,NULL,60 , 65,0,40,0,21835,0,0,0
2015,sch,mat,Regular,Nashua,371,Elm Street Middle School,21890,0,970 - 975,34,26,24,16,40,60,NULL,970 , 975,972.5,40,38900,0,0,0,0
2015,sch,mat,Regular,Nashua,371,Elm Street Middle School,21890,6,300 - 305,30,29,25,16,41,59,2518,300 , 305,0,41,0,0,0,0,0
2015,sch,mat,Regular,Nashua,371,Elm Street Middle School,21890,7,345 - 350,28,26,27,19,46,54,2544,345 , 350,0,46,0,0,0,0,0
2015,sch,mat,Regular,Nashua,371,Elm Street Middle School,21890,8,320 - 325,44,23,21,12,33,67,2523,320 , 325,0,33,0,0,0,0,0
2015,sch,rea,Regular,Nashua,371,Elm Street Middle School,21890,0,965 - 970,21,27,39,12,51,49,NULL,965 , 970,0,51,0,0,0,0,0
2015,sch,rea,Regular,Nashua,371,Elm Street Middle School,21890,6,300 - 305,21,30,35,14,49,51,2524,300 , 305,0,49,0,0,0,0,0
2015,sch,rea,Regular,Nashua,371,Elm Street Middle School,21890,7,345 - 350,19,22,44,14,58,42,2558,345 , 350,0,58,0,0,0,0,0
2015,sch,rea,Regular,Nashua,371,Elm Street Middle School,21890,8,315 - 320,23,31,37,<10,46,54,2551,315 , 320,0,46,0,0,0,0,0
2015,sch,sci,Regular,Nashua,371,Elm Street Middle School,21890,0,330 - 335,32,43,24,<10,25,75,NULL,330 , 335,0,25,0,0,0,0,0
2015,sch,sci,Regular,Nashua,371,Elm Street Middle School,21890,8,330 - 335,32,43,24,<10,25,75,NULL,330 , 335,0,25,0,0,0,0,0
2015,sch,mat,Regular,Nashua,371,Fairgrounds Elementary School,21840,0,255 - 260,54,36,<10,<10,11,89,NULL,255 , 260,257.5,11,2832.5,21840,257.5,2832.5,11
2015,sch,mat,Regular,Nashua,371,Fairgrounds Elementary School,21840,3,90 - 95,49,34,14,<10,17,83,2377,90 , 95,0,17,0,21840,0,0,0
2015,sch,mat,Regular,Nashua,371,Fairgrounds Elementary School,21840,4,80 - 85,53,41,<10,<10,<10,>90,2406,80 , 85,0,10,0,21840,0,0,0
2015,sch,mat,Regular,Nashua,371,Fairgrounds Elementary School,21840,5,85 - 90,60,32,<10,<10,<10,>90,2438,85 , 90,0,10,0,21840,0,0,0
2015,sch,rea,Regular,Nashua,371,Fairgrounds Elementary School,21840,0,255 - 260,43,24,23,10,33,67,NULL,255 , 260,0,33,0,21840,0,0,0
2015,sch,rea,Regular,Nashua,371,Fairgrounds Elementary School,21840,3,90 - 95,40,23,21,16,37,63,2404,90 , 95,0,37,0,21840,0,0,0
2015,sch,rea,Regular,Nashua,371,Fairgrounds Elementary School,21840,4,80 - 85,47,28,17,<10,25,75,2425,80 , 85,0,25,0,21840,0,0,0
2015,sch,rea,Regular,Nashua,371,Fairgrounds Elementary School,21840,5,85 - 90,44,20,31,<10,36,64,2461,85 , 90,0,36,0,21840,0,0,0
2015,sch,sci,Regular,Nashua,371,Fairgrounds Elementary School,21840,0,80 - 85,28,52,20,<10,20,80,NULL,80 , 85,0,20,0,21840,0,0,0
2015,sch,sci,Regular,Nashua,371,Fairgrounds Elementary School,21840,4,80 - 85,28,52,20,<10,20,80,NULL,80 , 85,0,20,0,21840,0,0,0
2015,sch,mat,Regular,Nashua,371,Fairgrounds Middle School,21875,0,585 - 590,38,26,20,17,37,63,NULL,585 , 590,587.5,37,21737.5,21875,587.5,21737.5,37
2015,sch,mat,Regular,Nashua,371,Fairgrounds Middle School,21875,6,220 - 225,38,28,17,18,35,65,2506,220 , 225,0,35,0,21875,0,0,0
2015,sch,mat,Regular,Nashua,371,Fairgrounds Middle School,21875,7,215 - 220,32,23,27,19,45,55,2539,215 , 220,0,45,0,21875,0,0,0
2015,sch,mat,Regular,Nashua,371,Fairgrounds Middle School,21875,8,150 - 155,46,27,14,13,27,73,2524,150 , 155,0,27,0,21875,0,0,0
2015,sch,rea,Regular,Nashua,371,Fairgrounds Middle School,21875,0,585 - 590,27,26,31,16,46,54,NULL,585 , 590,0,46,0,21875,0,0,0
2015,sch,rea,Regular,Nashua,371,Fairgrounds Middle School,21875,6,220 - 225,29,28,25,18,43,57,2516,220 , 225,0,43,0,21875,0,0,0
2015,sch,rea,Regular,Nashua,371,Fairgrounds Middle School,21875,7,215 - 220,26,21,38,15,53,47,2550,215 , 220,0,53,0,21875,0,0,0
2015,sch,rea,Regular,Nashua,371,Fairgrounds Middle School,21875,8,145 - 150,27,31,28,14,42,58,2553,145 , 150,0,42,0,21875,0,0,0
2015,sch,sci,Regular,Nashua,371,Fairgrounds Middle School,21875,0,200 - 205,28,46,23,<10,26,74,NULL,200 , 205,0,26,0,21875,0,0,0
2015,sch,sci,Regular,Nashua,371,Fairgrounds Middle School,21875,8,200 - 205,28,46,23,<10,26,74,NULL,200 , 205,0,26,0,21875,0,0,0
2015,sch,mat,Regular,Nashua,371,Ledge Street School,21915,0,215 - 220,47,35,18,<10,18,82,NULL,215 , 220,217.5,18,3915,21915,217.5,3915,18
2015,sch,mat,Regular,Nashua,371,Ledge Street School,21915,3,65 - 70,41,34,24,<10,25,75,2382,65 , 70,0,25,0,21915,0,0,0
2015,sch,mat,Regular,Nashua,371,Ledge Street School,21915,4,75 - 80,46,36,18,<10,18,82,2417,75 , 80,0,18,0,21915,0,0,0
2015,sch,mat,Regular,Nashua,371,Ledge Street School,21915,5,70 - 75,52,36,12,<10,12,88,2448,70 , 75,0,12,0,21915,0,0,0
2015,sch,rea,Regular,Nashua,371,Ledge Street School,21915,0,215 - 220,40,30,21,<10,30,70,NULL,215 , 220,0,30,0,21915,0,0,0
2015,sch,rea,Regular,Nashua,371,Ledge Street School,21915,3,65 - 70,37,37,21,<10,26,74,2378,65 , 70,0,26,0,21915,0,0,0
2015,sch,rea,Regular,Nashua,371,Ledge Street School,21915,4,75 - 80,43,27,19,10,30,70,2431,75 , 80,0,30,0,21915,0,0,0
2015,sch,rea,Regular,Nashua,371,Ledge Street School,21915,5,70 - 75,40,26,24,10,33,67,2463,70 , 75,0,33,0,21915,0,0,0
2015,sch,sci,Regular,Nashua,371,Ledge Street School,21915,0,75 - 80,<10,49,40,<10,43,57,NULL,75 , 80,0,43,0,21915,0,0,0
2015,sch,sci,Regular,Nashua,371,Ledge Street School,21915,4,75 - 80,<10,49,40,<10,43,57,NULL,75 , 80,0,43,0,21915,0,0,0
2015,sch,mat,Regular,Nashua,371,Main Dunstable School,21935,0,270 - 275,<10,25,35,32,68,32,NULL,270 , 275,272.5,68,18530,21935,272.5,18530,68
2015,sch,mat,Regular,Nashua,371,Main Dunstable School,21935,3,90 - 95,10,27,44,19,63,37,2453,90 , 95,0,63,0,21935,0,0,0
2015,sch,mat,Regular,Nashua,371,Main Dunstable School,21935,4,80 - 85,<10,31,35,26,60,40,2504,80 , 85,0,60,0,21935,0,0,0
2015,sch,mat,Regular,Nashua,371,Main Dunstable School,21935,5,100 - 105,<10,18,28,50,78,22,2578,100 , 105,0,78,0,21935,0,0,0
2015,sch,rea,Regular,Nashua,371,Main Dunstable School,21935,0,270 - 275,<10,20,34,37,71,29,NULL,270 , 275,0,71,0,21935,0,0,0
2015,sch,rea,Regular,Nashua,371,Main Dunstable School,21935,3,90 - 95,10,26,34,30,64,36,2455,90 , 95,0,64,0,21935,0,0,0
2015,sch,rea,Regular,Nashua,371,Main Dunstable School,21935,4,80 - 85,12,21,27,40,67,33,2506,80 , 85,0,67,0,21935,0,0,0
2015,sch,rea,Regular,Nashua,371,Main Dunstable School,21935,5,100 - 105,<10,15,40,41,81,19,2563,100 , 105,0,81,0,21935,0,0,0
2015,sch,sci,Regular,Nashua,371,Main Dunstable School,21935,0,80 - 85,<10,27,65,<10,68,32,NULL,80 , 85,0,68,0,21935,0,0,0
2015,sch,sci,Regular,Nashua,371,Main Dunstable School,21935,4,80 - 85,<10,27,65,<10,68,32,NULL,80 , 85,0,68,0,21935,0,0,0
2015,sch,mat,Regular,Nashua,371,Mt. Pleasant School,21885,0,160 - 165,41,32,20,<10,27,73,NULL,160 , 165,162.5,27,4387.5,21885,162.5,4387.5,27
2015,sch,mat,Regular,Nashua,371,Mt. Pleasant School,21885,3,50 - 55,42,26,28,<10,32,68,2395,50 , 55,0,32,0,21885,0,0,0
2015,sch,mat,Regular,Nashua,371,Mt. Pleasant School,21885,4,55 - 60,33,35,25,<10,32,68,2447,55 , 60,0,32,0,21885,0,0,0
2015,sch,mat,Regular,Nashua,371,Mt. Pleasant School,21885,5,55 - 60,49,33,<10,11,18,82,2467,55 , 60,0,18,0,21885,0,0,0
2015,sch,rea,Regular,Nashua,371,Mt. Pleasant School,21885,0,160 - 165,36,23,26,15,41,59,NULL,160 , 165,0,41,0,21885,0,0,0
2015,sch,rea,Regular,Nashua,371,Mt. Pleasant School,21885,3,45 - 50,48,21,19,13,31,69,2394,45 , 50,0,31,0,21885,0,0,0
2015,sch,rea,Regular,Nashua,371,Mt. Pleasant School,21885,4,55 - 60,31,22,25,22,47,53,2461,55 , 60,0,47,0,21885,0,0,0
2015,sch,rea,Regular,Nashua,371,Mt. Pleasant School,21885,5,55 - 60,32,26,32,11,42,58,2488,55 , 60,0,42,0,21885,0,0,0
2015,sch,sci,Regular,Nashua,371,Mt. Pleasant School,21885,0,55 - 60,14,49,37,<10,37,63,NULL,55 , 60,0,37,0,21885,0,0,0
2015,sch,sci,Regular,Nashua,371,Mt. Pleasant School,21885,4,55 - 60,14,49,37,<10,37,63,NULL,55 , 60,0,37,0,21885,0,0,0
2015,sch,mat,Regular,Nashua,371,Nashua High School North,27960,0,115 - 120,50,21,19,<10,29,71,NULL,115 , 120,117.5,29,3407.5,27960,117.5,3407.5,29
2015,sch,mat,Regular,Nashua,371,Nashua High School North,27960,11,115 - 120,50,21,19,<10,29,71,2549,115 , 120,0,29,0,27960,0,0,0
2015,sch,rea,Regular,Nashua,371,Nashua High School North,27960,0,120 - 125,31,21,35,13,48,52,NULL,120 , 125,0,48,0,27960,0,0,0
2015,sch,rea,Regular,Nashua,371,Nashua High School North,27960,11,120 - 125,31,21,35,13,48,52,2566,120 , 125,0,48,0,27960,0,0,0
2015,sch,sci,Regular,Nashua,371,Nashua High School North,27960,0,360 - 365,35,46,19,<10,19,81,NULL,360 , 365,0,19,0,27960,0,0,0
2015,sch,sci,Regular,Nashua,371,Nashua High School North,27960,11,360 - 365,35,46,19,<10,19,81,NULL,360 , 365,0,19,0,27960,0,0,0
2015,sch,mat,Regular,Nashua,371,Nashua High School South,21860,0,170 - 175,60,22,<10,<10,18,82,NULL,170 , 175,172.5,18,3105,21860,172.5,3105,18
2015,sch,mat,Regular,Nashua,371,Nashua High School South,21860,11,170 - 175,60,22,<10,<10,18,82,2511,170 , 175,0,18,0,21860,0,0,0
2015,sch,rea,Regular,Nashua,371,Nashua High School South,21860,0,165 - 170,41,20,29,10,39,61,NULL,165 , 170,0,39,0,21860,0,0,0
2015,sch,rea,Regular,Nashua,371,Nashua High School South,21860,11,165 - 170,41,20,29,10,39,61,2534,165 , 170,0,39,0,21860,0,0,0
2015,sch,sci,Regular,Nashua,371,Nashua High School South,21860,0,415 - 420,38,40,22,<10,22,78,NULL,415 , 420,0,22,0,21860,0,0,0
2015,sch,sci,Regular,Nashua,371,Nashua High School South,21860,11,415 - 420,38,40,22,<10,22,78,NULL,415 , 420,0,22,0,21860,0,0,0
2015,sch,mat,Regular,Nashua,371,New Searles School,21845,0,180 - 185,11,36,31,22,53,47,NULL,180 , 185,182.5,53,9672.5,21845,182.5,9672.5,53
2015,sch,mat,Regular,Nashua,371,New Searles School,21845,3,60 - 65,18,41,30,11,41,59,2430,60 , 65,0,41,0,21845,0,0,0
2015,sch,mat,Regular,Nashua,371,New Searles School,21845,4,65 - 70,12,40,31,16,48,52,2483,65 , 70,0,48,0,21845,0,0,0
2015,sch,mat,Regular,Nashua,371,New Searles School,21845,5,50 - 55,<10,25,34,40,74,26,2566,50 , 55,0,74,0,21845,0,0,0
2015,sch,rea,Regular,Nashua,371,New Searles School,21845,0,180 - 185,12,31,29,27,56,44,NULL,180 , 185,0,56,0,21845,0,0,0
2015,sch,rea,Regular,Nashua,371,New Searles School,21845,3,60 - 65,20,36,23,21,44,56,2432,60 , 65,0,44,0,21845,0,0,0
2015,sch,rea,Regular,Nashua,371,New Searles School,21845,4,65 - 70,13,39,25,22,48,52,2483,65 , 70,0,48,0,21845,0,0,0
2015,sch,rea,Regular,Nashua,371,New Searles School,21845,5,50 - 55,<10,17,42,40,81,19,2560,50 , 55,0,81,0,21845,0,0,0
2015,sch,sci,Regular,Nashua,371,New Searles School,21845,0,65 - 70,<10,28,66,<10,69,31,NULL,65 , 70,0,69,0,21845,0,0,0
2015,sch,sci,Regular,Nashua,371,New Searles School,21845,4,65 - 70,<10,28,66,<10,69,31,NULL,65 , 70,0,69,0,21845,0,0,0
2015,sch,mat,Regular,Nashua,371,Pennichuck Middle School,21825,0,580 - 585,34,30,21,15,36,64,NULL,580 , 585,582.5,36,20970,21825,582.5,20970,36
2015,sch,mat,Regular,Nashua,371,Pennichuck Middle School,21825,6,190 - 195,33,36,16,15,31,69,2513,190 , 195,0,31,0,21825,0,0,0
2015,sch,mat,Regular,Nashua,371,Pennichuck Middle School,21825,7,215 - 220,28,27,25,20,45,55,2545,215 , 220,0,45,0,21825,0,0,0
2015,sch,mat,Regular,Nashua,371,Pennichuck Middle School,21825,8,170 - 175,45,26,20,<10,29,71,2520,170 , 175,0,29,0,21825,0,0,0
2015,sch,rea,Regular,Nashua,371,Pennichuck Middle School,21825,0,570 - 575,22,28,37,13,50,50,NULL,570 , 575,0,50,0,21825,0,0,0
2015,sch,rea,Regular,Nashua,371,Pennichuck Middle School,21825,6,190 - 195,21,33,33,14,47,53,2528,190 , 195,0,47,0,21825,0,0,0
2015,sch,rea,Regular,Nashua,371,Pennichuck Middle School,21825,7,210 - 215,21,25,39,15,54,46,2560,210 , 215,0,54,0,21825,0,0,0
2015,sch,rea,Regular,Nashua,371,Pennichuck Middle School,21825,8,170 - 175,25,27,37,11,48,52,2560,170 , 175,0,48,0,21825,0,0,0
2015,sch,sci,Regular,Nashua,371,Pennichuck Middle School,21825,0,215 - 220,35,52,12,<10,12,88,NULL,215 , 220,0,12,0,21825,0,0,0
2015,sch,sci,Regular,Nashua,371,Pennichuck Middle School,21825,8,215 - 220,35,52,12,<10,12,88,NULL,215 , 220,0,12,0,21825,0,0,0
2015,sch,mat,Regular,Nashua,371,Sunset Heights School,21850,0,210 - 215,21,32,30,17,47,53,NULL,210 , 215,212.5,47,9987.5,21850,212.5,9987.5,47
2015,sch,mat,Regular,Nashua,371,Sunset Heights School,21850,3,75 - 80,24,23,40,13,53,47,2433,75 , 80,0,53,0,21850,0,0,0
2015,sch,mat,Regular,Nashua,371,Sunset Heights School,21850,4,75 - 80,21,39,27,13,40,60,2470,75 , 80,0,40,0,21850,0,0,0
2015,sch,mat,Regular,Nashua,371,Sunset Heights School,21850,5,55 - 60,17,36,19,28,47,53,2523,55 , 60,0,47,0,21850,0,0,0
2015,sch,rea,Regular,Nashua,371,Sunset Heights School,21850,0,205 - 210,21,20,29,30,59,41,NULL,205 , 210,0,59,0,21850,0,0,0
2015,sch,rea,Regular,Nashua,371,Sunset Heights School,21850,3,70 - 75,22,25,22,32,53,47,2436,70 , 75,0,53,0,21850,0,0,0
2015,sch,rea,Regular,Nashua,371,Sunset Heights School,21850,4,75 - 80,22,14,30,33,63,37,2483,75 , 80,0,63,0,21850,0,0,0
2015,sch,rea,Regular,Nashua,371,Sunset Heights School,21850,5,55 - 60,19,21,35,25,60,40,2521,55 , 60,0,60,0,21850,0,0,0
2015,sch,sci,Regular,Nashua,371,Sunset Heights School,21850,0,75 - 80,<10,27,62,<10,66,34,NULL,75 , 80,0,66,0,21850,0,0,0
2015,sch,sci,Regular,Nashua,371,Sunset Heights School,21850,4,75 - 80,<10,27,62,<10,66,34,NULL,75 , 80,0,66,0,21850,0,0,0
2015,sch,mat,Regular,Nelson,375,Nelson Elementary School,21215,0,25 - 30,11,50,29,11,39,61,NULL,25 , 30,27.5,39,1072.5,21215,27.5,1072.5,39
2015,sch,mat,Regular,Nelson,375,Nelson Elementary School,21215,3,10 - 15,<10,55,27,<10,36,64,2430,10 , 15,0,36,0,21215,0,0,0
2015,sch,mat,Regular,Nelson,375,Nelson Elementary School,21215,4, 0 - 10,* n < 11,* n < 11,* n < 11,* n < 11,* n < 11,* n < 11,* n < 11, 0 , 10,0,* n < 11,0,21215,0,0,0
2015,sch,mat,Regular,Nelson,375,Nelson Elementary School,21215,5, 0 - 10,* n < 11,* n < 11,* n < 11,* n < 11,* n < 11,* n < 11,* n < 11, 0 , 10,0,* n < 11,0,21215,0,0,0
2015,sch,mat,Regular,Nelson,375,Nelson Elementary School,21215,6, 0 - 10,* n < 11,* n < 11,* n < 11,* n < 11,* n < 11,* n < 11,* n < 11, 0 , 10,0,* n < 11,0,21215,0,0,0
2015,sch,rea,Regular,Nelson,375,Nelson Elementary School,21215,0,25 - 30,36,29,29,<10,36,64,NULL,25 , 30,0,36,0,21215,0,0,0
2015,sch,rea,Regular,Nelson,375,Nelson Elementary School,21215,3,10 - 15,45,<10,36,<10,45,55,2397,10 , 15,0,45,0,21215,0,0,0
2015,sch,rea,Regular,Nelson,375,Nelson Elementary School,21215,4, 0 - 10,* n < 11,* n < 11,* n < 11,* n < 11,* n < 11,* n < 11,* n < 11, 0 , 10,0,* n < 11,0,21215,0,0,0
2015,sch,rea,Regular,Nelson,375,Nelson Elementary School,21215,5, 0 - 10,* n < 11,* n < 11,* n < 11,* n < 11,* n < 11,* n < 11,* n < 11, 0 , 10,0,* n < 11,0,21215,0,0,0
2015,sch,rea,Regular,Nelson,375,Nelson Elementary School,21215,6, 0 - 10,* n < 11,* n < 11,* n < 11,* n < 11,* n < 11,* n < 11,* n < 11, 0 , 10,0,* n < 11,0,21215,0,0,0
2015,sch,sci,Regular,Nelson,375,Nelson Elementary School,21215,0, 0 - 10,* n < 11,* n < 11,* n < 11,* n < 11,* n < 11,* n < 11,* n < 11, 0 , 10,0,* n < 11,0,21215,0,0,0
2015,sch,sci,Regular,Nelson,375,Nelson Elementary School,21215,4, 0 - 10,* n < 11,* n < 11,* n < 11,* n < 11,* n < 11,* n < 11,* n < 11, 0 , 10,0,* n < 11,0,21215,0,0,0
2015,sch,mat,Regular,New Boston,377,New Boston Central School,20715,0,300 - 305,11,25,41,22,63,37,NULL,300 , 305,302.5,63,19057.5,20715,302.5,19057.5,63
2015,sch,mat,Regular,New Boston,377,New Boston Central School,20715,3,70 - 75,18,18,46,19,65,35,2445,70 , 75,0,65,0,20715,0,0,0
2015,sch,mat,Regular,New Boston,377,New Boston Central School,20715,4,75 - 80,<10,26,51,18,70,30,2503,75 , 80,0,70,0,20715,0,0,0
2015,sch,mat,Regular,New Boston,377,New Boston Central School,20715,5,65 - 70,15,16,36,33,69,31,2537,65 , 70,0,69,0,20715,0,0,0
2015,sch,mat,Regular,New Boston,377,New Boston Central School,20715,6,85 - 90,<10,38,31,21,52,48,2555,85 , 90,0,52,0,20715,0,0,0
2015,sch,rea,Regular,New Boston,377,New Boston Central School,20715,0,300 - 305,10,18,39,33,72,28,NULL,300 , 305,0,72,0,20715,0,0,0
2015,sch,rea,Regular,New Boston,377,New Boston Central School,20715,3,70 - 75,12,22,35,31,66,34,2452,70 , 75,0,66,0,20715,0,0,0
2015,sch,rea,Regular,New Boston,377,New Boston Central School,20715,4,75 - 80,11,14,34,41,75,25,2513,75 , 80,0,75,0,20715,0,0,0
2015,sch,rea,Regular,New Boston,377,New Boston Central School,20715,5,65 - 70,10,<10,37,43,81,19,2555,65 , 70,0,81,0,20715,0,0,0
2015,sch,rea,Regular,New Boston,377,New Boston Central School,20715,6,85 - 90,<10,26,47,20,66,34,2557,85 , 90,0,66,0,20715,0,0,0
2015,sch,sci,Regular,New Boston,377,New Boston Central School,20715,0,75 - 80,<10,29,65,<10,66,34,NULL,75 , 80,0,66,0,20715,0,0,0
2015,sch,sci,Regular,New Boston,377,New Boston Central School,20715,4,75 - 80,<10,29,65,<10,66,34,NULL,75 , 80,0,66,0,20715,0,0,0
2015,sch,mat,Regular,New Castle,381,Maude H. Trefethen School,22455,0,20 - 25,<10,15,10,70,80,20,NULL,20 , 25,22.5,80,1800,22455,22.5,1800,80
2015,sch,mat,Regular,New Castle,381,Maude H. Trefethen School,22455,3, 0 - 10,* n < 11,* n < 11,* n < 11,* n < 11,* n < 11,* n < 11,* n < 11, 0 , 10,0,* n < 11,0,22455,0,0,0
2015,sch,mat,Regular,New Castle,381,Maude H. Trefethen School,22455,4, 0 - 10,* n < 11,* n < 11,* n < 11,* n < 11,* n < 11,* n < 11,* n < 11, 0 , 10,0,* n < 11,0,22455,0,0,0
2015,sch,mat,Regular,New Castle,381,Maude H. Trefethen School,22455,5, 0 - 10,* n < 11,* n < 11,* n < 11,* n < 11,* n < 11,* n < 11,* n < 11, 0 , 10,0,* n < 11,0,22455,0,0,0
2015,sch,mat,Regular,New Castle,381,Maude H. Trefethen School,22455,6, 0 - 10,* n < 11,* n < 11,* n < 11,* n < 11,* n < 11,* n < 11,* n < 11, 0 , 10,0,* n < 11,0,22455,0,0,0
2015,sch,rea,Regular,New Castle,381,Maude H. Trefethen School,22455,0,20 - 25,<10,<10,25,70,>90,<10,NULL,20 , 25,0,90,0,22455,0,0,0
2015,sch,rea,Regular,New Castle,381,Maude H. Trefethen School,22455,3, 0 - 10,* n < 11,* n < 11,* n < 11,* n < 11,* n < 11,* n < 11,* n < 11, 0 , 10,0,* n < 11,0,22455,0,0,0
2015,sch,rea,Regular,New Castle,381,Maude H. Trefethen School,22455,4, 0 - 10,* n < 11,* n < 11,* n < 11,* n < 11,* n < 11,* n < 11,* n < 11, 0 , 10,0,* n < 11,0,22455,0,0,0
2015,sch,rea,Regular,New Castle,381,Maude H. Trefethen School,22455,5, 0 - 10,* n < 11,* n < 11,* n < 11,* n < 11,* n < 11,* n < 11,* n < 11, 0 , 10,0,* n < 11,0,22455,0,0,0
2015,sch,rea,Regular,New Castle,381,Maude H. Trefethen School,22455,6, 0 - 10,* n < 11,* n < 11,* n < 11,* n < 11,* n < 11,* n < 11,* n < 11, 0 , 10,0,* n < 11,0,22455,0,0,0
2015,sch,sci,Regular,New Castle,381,Maude H. Trefethen School,22455,0, 0 - 10,* n < 11,* n < 11,* n < 11,* n < 11,* n < 11,* n < 11,* n < 11, 0 , 10,0,* n < 11,0,22455,0,0,0
2015,sch,sci,Regular,New Castle,381,Maude H. Trefethen School,22455,4, 0 - 10,* n < 11,* n < 11,* n < 11,* n < 11,* n < 11,* n < 11,* n < 11, 0 , 10,0,* n < 11,0,22455,0,0,0
2015,sch,mat,Regular,Newfields,387,Newfields Elementary School,20610,0,60 - 65,<10,33,39,23,63,38,NULL,60 , 65,62.5,63,3937.5,20610,62.5,3937.5,63
2015,sch,mat,Regular,Newfields,387,Newfields Elementary School,20610,3,15 - 20,<10,32,53,16,68,32,2458,15 , 20,0,68,0,20610,0,0,0
2015,sch,mat,Regular,Newfields,387,Newfields Elementary School,20610,4,30 - 35,<10,40,43,13,57,43,2499,30 , 35,0,57,0,20610,0,0,0
2015,sch,mat,Regular,Newfields,387,Newfields Elementary School,20610,5,15 - 20,13,20,13,53,67,33,2553,15 , 20,0,67,0,20610,0,0,0
2015,sch,rea,Regular,Newfields,387,Newfields Elementary School,20610,0,60 - 65,13,13,32,42,74,26,NULL,60 , 65,0,74,0,20610,0,0,0
2015,sch,rea,Regular,Newfields,387,Newfields Elementary School,20610,3,15 - 20,28,11,17,44,61,39,2455,15 , 20,0,61,0,20610,0,0,0
2015,sch,rea,Regular,Newfields,387,Newfields Elementary School,20610,4,25 - 30,<10,17,38,38,76,24,2515,25 , 30,0,76,0,20610,0,0,0
2015,sch,rea,Regular,Newfields,387,Newfields Elementary School,20610,5,15 - 20,<10,<10,40,47,87,13,2580,15 , 20,0,87,0,20610,0,0,0
2015,sch,sci,Regular,Newfields,387,Newfields Elementary School,20610,0,30 - 35,<10,34,56,<10,59,41,NULL,30 , 35,0,59,0,20610,0,0,0
2015,sch,sci,Regular,Newfields,387,Newfields Elementary School,20610,4,30 - 35,<10,34,56,<10,59,41,NULL,30 , 35,0,59,0,20610,0,0,0
2015,sch,mat,Regular,Newfound Area ,388,Bridgewater-Hebron Village School,27685,0,65 - 70,<10,29,38,28,66,34,NULL,65 , 70,67.5,66,4455,27685,67.5,4455,66
2015,sch,mat,Regular,Newfound Area ,388,Bridgewater-Hebron Village School,27685,3,15 - 20,<10,28,50,22,72,28,2457,15 , 20,0,72,0,27685,0,0,0
2015,sch,mat,Regular,Newfound Area ,388,Bridgewater-Hebron Village School,27685,4,20 - 25,<10,20,40,35,75,25,2519,20 , 25,0,75,0,27685,0,0,0
2015,sch,mat,Regular,Newfound Area ,388,Bridgewater-Hebron Village School,27685,5,25 - 30,<10,37,30,26,56,44,2533,25 , 30,0,56,0,27685,0,0,0
2015,sch,rea,Regular,Newfound Area ,388,Bridgewater-Hebron Village School,27685,0,65 - 70,12,14,42,32,74,26,NULL,65 , 70,0,74,0,27685,0,0,0
2015,sch,rea,Regular,Newfound Area ,388,Bridgewater-Hebron Village School,27685,3,15 - 20,<10,11,39,44,83,17,2483,15 , 20,0,83,0,27685,0,0,0
2015,sch,rea,Regular,Newfound Area ,388,Bridgewater-Hebron Village School,27685,4,20 - 25,10,15,30,45,75,25,2526,20 , 25,0,75,0,27685,0,0,0
2015,sch,rea,Regular,Newfound Area ,388,Bridgewater-Hebron Village School,27685,5,25 - 30,19,15,52,15,67,33,2511,25 , 30,0,67,0,27685,0,0,0
2015,sch,sci,Regular,Newfound Area ,388,Bridgewater-Hebron Village School,27685,0,20 - 25,10,25,65,<10,65,35,NULL,20 , 25,0,65,0,27685,0,0,0
2015,sch,sci,Regular,Newfound Area ,388,Bridgewater-Hebron Village School,27685,4,20 - 25,10,25,65,<10,65,35,NULL,20 , 25,0,65,0,27685,0,0,0
2015,sch,mat,Regular,Newfound Area ,388,Bristol Elementary School,20090,0,105 - 110,17,37,32,14,46,54,NULL,105 , 110,107.5,46,4945,20090,107.5,4945,46
2015,sch,mat,Regular,Newfound Area ,388,Bristol Elementary School,20090,3,30 - 35,32,21,32,15,47,53,2428,30 , 35,0,47,0,20090,0,0,0
2015,sch,mat,Regular,Newfound Area ,388,Bristol Elementary School,20090,4,35 - 40,<10,49,34,<10,43,57,2473,35 , 40,0,43,0,20090,0,0,0
2015,sch,mat,Regular,Newfound Area ,388,Bristol Elementary School,20090,5,35 - 40,10,41,31,18,49,51,2522,35 , 40,0,49,0,20090,0,0,0
2015,sch,rea,Regular,Newfound Area ,388,Bristol Elementary School,20090,0,100 - 105,13,32,30,25,55,45,NULL,100 , 105,0,55,0,20090,0,0,0
2015,sch,rea,Regular,Newfound Area ,388,Bristol Elementary School,20090,3,30 - 35,26,21,29,24,53,47,2427,30 , 35,0,53,0,20090,0,0,0
2015,sch,rea,Regular,Newfound Area ,388,Bristol Elementary School,20090,4,30 - 35,15,36,21,27,48,52,2485,30 , 35,0,48,0,20090,0,0,0
2015,sch,rea,Regular,Newfound Area ,388,Bristol Elementary School,20090,5,35 - 40,<10,38,38,24,62,38,2533,35 , 40,0,62,0,20090,0,0,0
2015,sch,sci,Regular,Newfound Area ,388,Bristol Elementary School,20090,0,35 - 40,<10,57,40,<10,40,60,NULL,35 , 40,0,40,0,20090,0,0,0
2015,sch,sci,Regular,Newfound Area ,388,Bristol Elementary School,20090,4,35 - 40,<10,57,40,<10,40,60,NULL,35 , 40,0,40,0,20090,0,0,0
2015,sch,mat,Regular,Newfound Area ,388,Danbury Elementary School,20095,0,30 - 35,24,35,24,18,41,59,NULL,30 , 35,32.5,41,1332.5,20095,32.5,1332.5,41
2015,sch,mat,Regular,Newfound Area ,388,Danbury Elementary School,20095,3,10 - 15,38,31,23,<10,31,69,2406,10 , 15,0,31,0,20095,0,0,0
2015,sch,mat,Regular,Newfound Area ,388,Danbury Elementary School,20095,4,10 - 15,17,33,33,17,50,50,2489,10 , 15,0,50,0,20095,0,0,0
2015,sch,mat,Regular,Newfound Area ,388,Danbury Elementary School,20095,5, 0 - 10,* n < 11,* n < 11,* n < 11,* n < 11,* n < 11,* n < 11,* n < 11, 0 , 10,0,* n < 11,0,20095,0,0,0
2015,sch,rea,Regular,Newfound Area ,388,Danbury Elementary School,20095,0,30 - 35,21,38,24,18,41,59,NULL,30 , 35,0,41,0,20095,0,0,0
2015,sch,rea,Regular,Newfound Area ,388,Danbury Elementary School,20095,3,10 - 15,<10,54,31,<10,38,62,2430,10 , 15,0,38,0,20095,0,0,0
2015,sch,rea,Regular,Newfound Area ,388,Danbury Elementary School,20095,4,10 - 15,25,33,<10,33,42,58,2473,10 , 15,0,42,0,20095,0,0,0
2015,sch,rea,Regular,Newfound Area ,388,Danbury Elementary School,20095,5, 0 - 10,* n < 11,* n < 11,* n < 11,* n < 11,* n < 11,* n < 11,* n < 11, 0 , 10,0,* n < 11,0,20095,0,0,0
2015,sch,sci,Regular,Newfound Area ,388,Danbury Elementary School,20095,0,10 - 15,<10,58,33,<10,33,67,NULL,10 , 15,0,33,0,20095,0,0,0
2015,sch,sci,Regular,Newfound Area ,388,Danbury Elementary School,20095,4,10 - 15,<10,58,33,<10,33,67,NULL,10 , 15,0,33,0,20095,0,0,0
2015,sch,mat,Regular,Newfound Area ,388,New Hampton Community School,20105,0,65 - 70,24,21,24,31,55,45,NULL,65 , 70,67.5,55,3712.5,20105,67.5,3712.5,55
2015,sch,mat,Regular,Newfound Area ,388,New Hampton Community School,20105,3,25 - 30,38,<10,31,27,58,42,2429,25 , 30,0,58,0,20105,0,0,0
2015,sch,mat,Regular,Newfound Area ,388,New Hampton Community School,20105,4,20 - 25,10,29,29,33,62,38,2511,20 , 25,0,62,0,20105,0,0,0
2015,sch,mat,Regular,Newfound Area ,388,New Hampton Community School,20105,5,20 - 25,20,35,10,35,45,55,2528,20 , 25,0,45,0,20105,0,0,0
2015,sch,rea,Regular,Newfound Area ,388,New Hampton Community School,20105,0,65 - 70,16,18,27,39,66,34,NULL,65 , 70,0,66,0,20105,0,0,0
2015,sch,rea,Regular,Newfound Area ,388,New Hampton Community School,20105,3,25 - 30,15,23,12,50,62,38,2468,25 , 30,0,62,0,20105,0,0,0
2015,sch,rea,Regular,Newfound Area ,388,New Hampton Community School,20105,4,20 - 25,14,24,48,14,62,38,2489,20 , 25,0,62,0,20105,0,0,0
2015,sch,rea,Regular,Newfound Area ,388,New Hampton Community School,20105,5,20 - 25,20,<10,25,50,75,25,2549,20 , 25,0,75,0,20105,0,0,0
2015,sch,sci,Regular,Newfound Area ,388,New Hampton Community School,20105,0,20 - 25,10,48,43,<10,43,57,NULL,20 , 25,0,43,0,20105,0,0,0
2015,sch,sci,Regular,Newfound Area ,388,New Hampton Community School,20105,4,20 - 25,10,48,43,<10,43,57,NULL,20 , 25,0,43,0,20105,0,0,0
2015,sch,mat,Regular,Newfound Area ,388,Newfound Memorial Middle School,26680,0,250 - 255,30,33,27,10,37,63,NULL,250 , 255,252.5,37,9342.5,26680,252.5,9342.5,37
2015,sch,mat,Regular,Newfound Area ,388,Newfound Memorial Middle School,26680,6,85 - 90,22,30,34,13,47,53,2532,85 , 90,0,47,0,26680,0,0,0
2015,sch,mat,Regular,Newfound Area ,388,Newfound Memorial Middle School,26680,7,80 - 85,29,33,33,<10,39,61,2531,80 , 85,0,39,0,26680,0,0,0
2015,sch,mat,Regular,Newfound Area ,388,Newfound Memorial Middle School,26680,8,85 - 90,40,35,15,<10,25,75,2523,85 , 90,0,25,0,26680,0,0,0
2015,sch,rea,Regular,Newfound Area ,388,Newfound Memorial Middle School,26680,0,250 - 255,22,30,37,11,48,52,NULL,250 , 255,0,48,0,26680,0,0,0
2015,sch,rea,Regular,Newfound Area ,388,Newfound Memorial Middle School,26680,6,85 - 90,20,24,45,11,56,44,2532,85 , 90,0,56,0,26680,0,0,0
2015,sch,rea,Regular,Newfound Area ,388,Newfound Memorial Middle School,26680,7,80 - 85,23,35,31,11,43,58,2540,80 , 85,0,43,0,26680,0,0,0
2015,sch,rea,Regular,Newfound Area ,388,Newfound Memorial Middle School,26680,8,85 - 90,25,32,33,11,44,56,2549,85 , 90,0,44,0,26680,0,0,0
2015,sch,sci,Regular,Newfound Area ,388,Newfound Memorial Middle School,26680,0,85 - 90,31,55,14,<10,14,86,NULL,85 , 90,0,14,0,26680,0,0,0
2015,sch,sci,Regular,Newfound Area ,388,Newfound Memorial Middle School,26680,8,85 - 90,31,55,14,<10,14,86,NULL,85 , 90,0,14,0,26680,0,0,0
2015,sch,mat,Regular,Newfound Area ,388,Newfound Regional High School,20085,0,85 - 90,42,29,18,10,28,72,NULL,85 , 90,87.5,28,2450,20085,87.5,2450,28
2015,sch,mat,Regular,Newfound Area ,388,Newfound Regional High School,20085,11,85 - 90,42,29,18,10,28,72,2576,85 , 90,0,28,0,20085,0,0,0
2015,sch,rea,Regular,Newfound Area ,388,Newfound Regional High School,20085,0,80 - 85,<10,29,48,19,67,33,NULL,80 , 85,0,67,0,20085,0,0,0
2015,sch,rea,Regular,Newfound Area ,388,Newfound Regional High School,20085,11,80 - 85,<10,29,48,19,67,33,2613,80 , 85,0,67,0,20085,0,0,0
2015,sch,sci,Regular,Newfound Area ,388,Newfound Regional High School,20085,0,85 - 90,26,58,15,<10,16,84,NULL,85 , 90,0,16,0,20085,0,0,0
2015,sch,sci,Regular,Newfound Area ,388,Newfound Regional High School,20085,11,85 - 90,26,58,15,<10,16,84,NULL,85 , 90,0,16,0,20085,0,0,0
2015,sch,mat,Regular,Newington,391,Newington Public School,22465,0,25 - 30,<10,<10,56,28,84,16,NULL,25 , 30,27.5,84,2310,22465,27.5,2310,84
2015,sch,mat,Regular,Newington,391,Newington Public School,22465,3, 0 - 10,* n < 11,* n < 11,* n < 11,* n < 11,* n < 11,* n < 11,* n < 11, 0 , 10,0,* n < 11,0,22465,0,0,0
2015,sch,mat,Regular,Newington,391,Newington Public School,22465,4, 0 - 10,* n < 11,* n < 11,* n < 11,* n < 11,* n < 11,* n < 11,* n < 11, 0 , 10,0,* n < 11,0,22465,0,0,0
2015,sch,mat,Regular,Newington,391,Newington Public School,22465,5, 0 - 10,* n < 11,* n < 11,* n < 11,* n < 11,* n < 11,* n < 11,* n < 11, 0 , 10,0,* n < 11,0,22465,0,0,0
2015,sch,mat,Regular,Newington,391,Newington Public School,22465,6, 0 - 10,* n < 11,* n < 11,* n < 11,* n < 11,* n < 11,* n < 11,* n < 11, 0 , 10,0,* n < 11,0,22465,0,0,0
2015,sch,rea,Regular,Newington,391,Newington Public School,22465,0,25 - 30,<10,16,28,48,76,24,NULL,25 , 30,0,76,0,22465,0,0,0
2015,sch,rea,Regular,Newington,391,Newington Public School,22465,3, 0 - 10,* n < 11,* n < 11,* n < 11,* n < 11,* n < 11,* n < 11,* n < 11, 0 , 10,0,* n < 11,0,22465,0,0,0
2015,sch,rea,Regular,Newington,391,Newington Public School,22465,4, 0 - 10,* n < 11,* n < 11,* n < 11,* n < 11,* n < 11,* n < 11,* n < 11, 0 , 10,0,* n < 11,0,22465,0,0,0
2015,sch,rea,Regular,Newington,391,Newington Public School,22465,5, 0 - 10,* n < 11,* n < 11,* n < 11,* n < 11,* n < 11,* n < 11,* n < 11, 0 , 10,0,* n < 11,0,22465,0,0,0
2015,sch,rea,Regular,Newington,391,Newington Public School,22465,6, 0 - 10,* n < 11,* n < 11,* n < 11,* n < 11,* n < 11,* n < 11,* n < 11, 0 , 10,0,* n < 11,0,22465,0,0,0
2015,sch,sci,Regular,Newington,391,Newington Public School,22465,0, 0 - 10,* n < 11,* n < 11,* n < 11,* n < 11,* n < 11,* n < 11,* n < 11, 0 , 10,0,* n < 11,0,22465,0,0,0
2015,sch,sci,Regular,Newington,391,Newington Public School,22465,4, 0 - 10,* n < 11,* n < 11,* n < 11,* n < 11,* n < 11,* n < 11,* n < 11, 0 , 10,0,* n < 11,0,22465,0,0,0
2015,sch,mat,Regular,Newmarket,399,Newmarket Elementary School,21300,0,260 - 265,19,27,35,19,54,46,NULL,260 , 265,262.5,54,14175,21300,262.5,14175,54
2015,sch,mat,Regular,Newmarket,399,Newmarket Elementary School,21300,3,90 - 95,22,20,36,21,57,43,2443,90 , 95,0,57,0,21300,0,0,0
2015,sch,mat,Regular,Newmarket,399,Newmarket Elementary School,21300,4,70 - 75,10,34,42,14,56,44,2486,70 , 75,0,56,0,21300,0,0,0
2015,sch,mat,Regular,Newmarket,399,Newmarket Elementary School,21300,5,95 - 100,22,29,27,21,48,52,2510,95 , 100,0,48,0,21300,0,0,0
2015,sch,rea,Regular,Newmarket,399,Newmarket Elementary School,21300,0,260 - 265,18,21,30,31,61,39,NULL,260 , 265,0,61,0,21300,0,0,0
2015,sch,rea,Regular,Newmarket,399,Newmarket Elementary School,21300,3,90 - 95,18,24,28,30,57,43,2448,90 , 95,0,57,0,21300,0,0,0
2015,sch,rea,Regular,Newmarket,399,Newmarket Elementary School,21300,4,70 - 75,13,25,25,37,62,38,2495,70 , 75,0,62,0,21300,0,0,0
2015,sch,rea,Regular,Newmarket,399,Newmarket Elementary School,21300,5,95 - 100,23,14,35,28,63,37,2521,95 , 100,0,63,0,21300,0,0,0
2015,sch,sci,Regular,Newmarket,399,Newmarket Elementary School,21300,0,70 - 75,<10,37,59,<10,62,38,NULL,70 , 75,0,62,0,21300,0,0,0
2015,sch,sci,Regular,Newmarket,399,Newmarket Elementary School,21300,4,70 - 75,<10,37,59,<10,62,38,NULL,70 , 75,0,62,0,21300,0,0,0
2015,sch,mat,Regular,Newmarket,399,Newmarket Jr.-Sr. High (Elem),26560,0,205 - 210,17,30,26,27,53,47,NULL,205 , 210,207.5,53,10997.5,26560,207.5,10997.5,53
2015,sch,mat,Regular,Newmarket,399,Newmarket Jr.-Sr. High (Elem),26560,6,85 - 90,14,37,22,27,49,51,2544,85 , 90,0,49,0,26560,0,0,0
2015,sch,mat,Regular,Newmarket,399,Newmarket Jr.-Sr. High (Elem),26560,7,55 - 60,10,29,32,29,61,39,2582,55 , 60,0,61,0,26560,0,0,0
2015,sch,mat,Regular,Newmarket,399,Newmarket Jr.-Sr. High (Elem),26560,8,60 - 65,27,22,25,27,52,48,2577,60 , 65,0,52,0,26560,0,0,0
2015,sch,rea,Regular,Newmarket,399,Newmarket Jr.-Sr. High (Elem),26560,0,205 - 210,14,21,40,25,65,35,NULL,205 , 210,0,65,0,26560,0,0,0
2015,sch,rea,Regular,Newmarket,399,Newmarket Jr.-Sr. High (Elem),26560,6,85 - 90,15,21,41,23,64,36,2554,85 , 90,0,64,0,26560,0,0,0
2015,sch,rea,Regular,Newmarket,399,Newmarket Jr.-Sr. High (Elem),26560,7,55 - 60,14,19,42,25,68,32,2582,55 , 60,0,68,0,26560,0,0,0
2015,sch,rea,Regular,Newmarket,399,Newmarket Jr.-Sr. High (Elem),26560,8,60 - 65,14,22,36,28,64,36,2597,60 , 65,0,64,0,26560,0,0,0
2015,sch,sci,Regular,Newmarket,399,Newmarket Jr.-Sr. High (Elem),26560,0,60 - 65,20,50,28,<10,30,70,NULL,60 , 65,0,30,0,26560,0,0,0
2015,sch,sci,Regular,Newmarket,399,Newmarket Jr.-Sr. High (Elem),26560,8,60 - 65,20,50,28,<10,30,70,NULL,60 , 65,0,30,0,26560,0,0,0
2015,sch,mat,Regular,Newmarket,399,Newmarket Jr.-Sr. High School,23115,0,60 - 65,25,38,25,11,37,63,NULL,60 , 65,62.5,37,2312.5,23115,62.5,2312.5,37
2015,sch,mat,Regular,Newmarket,399,Newmarket Jr.-Sr. High School,23115,11,60 - 65,25,38,25,11,37,63,2585,60 , 65,0,37,0,23115,0,0,0
2015,sch,rea,Regular,Newmarket,399,Newmarket Jr.-Sr. High School,23115,0,60 - 65,29,18,42,11,53,47,NULL,60 , 65,0,53,0,23115,0,0,0
2015,sch,rea,Regular,Newmarket,399,Newmarket Jr.-Sr. High School,23115,11,60 - 65,29,18,42,11,53,47,2564,60 , 65,0,53,0,23115,0,0,0
2015,sch,sci,Regular,Newmarket,399,Newmarket Jr.-Sr. High School,23115,0,60 - 65,20,52,28,<10,28,72,NULL,60 , 65,0,28,0,23115,0,0,0
2015,sch,sci,Regular,Newmarket,399,Newmarket Jr.-Sr. High School,23115,11,60 - 65,20,52,28,<10,28,72,NULL,60 , 65,0,28,0,23115,0,0,0
2015,sch,mat,Regular,Newport,401,Newport Middle High School (High),21985,0,65 - 70,69,22,<10,<10,<10,>90,NULL,65 , 70,67.5,10,675,21985,67.5,675,10
2015,sch,mat,Regular,Newport,401,Newport Middle High School (High),21985,11,65 - 70,69,22,<10,<10,<10,>90,2502,65 , 70,0,10,0,21985,0,0,0
2015,sch,rea,Regular,Newport,401,Newport Middle High School (High),21985,0,65 - 70,17,38,30,14,45,55,NULL,65 , 70,0,45,0,21985,0,0,0
2015,sch,rea,Regular,Newport,401,Newport Middle High School (High),21985,11,65 - 70,17,38,30,14,45,55,2576,65 , 70,0,45,0,21985,0,0,0
2015,sch,sci,Regular,Newport,401,Newport Middle High School (High),21985,0,70 - 75,28,51,19,<10,20,80,NULL,70 , 75,0,20,0,21985,0,0,0
2015,sch,sci,Regular,Newport,401,Newport Middle High School (High),21985,11,70 - 75,28,51,19,<10,20,80,NULL,70 , 75,0,20,0,21985,0,0,0
2015,sch,mat,Regular,Newport,401,Newport Middle School,26970,0,110 - 115,32,37,22,10,32,68,NULL,110 , 115,112.5,32,3600,26970,112.5,3600,32
2015,sch,mat,Regular,Newport,401,Newport Middle School,26970,7,55 - 60,24,46,17,14,31,69,2534,55 , 60,0,31,0,26970,0,0,0
2015,sch,mat,Regular,Newport,401,Newport Middle School,26970,8,55 - 60,40,27,27,<10,33,67,2528,55 , 60,0,33,0,26970,0,0,0
2015,sch,rea,Regular,Newport,401,Newport Middle School,26970,0,110 - 115,35,35,27,<10,31,69,NULL,110 , 115,0,31,0,26970,0,0,0
2015,sch,rea,Regular,Newport,401,Newport Middle School,26970,7,55 - 60,36,31,31,<10,34,66,2516,55 , 60,0,34,0,26970,0,0,0
2015,sch,rea,Regular,Newport,401,Newport Middle School,26970,8,50 - 55,33,39,24,<10,28,72,2518,50 , 55,0,28,0,26970,0,0,0
2015,sch,sci,Regular,Newport,401,Newport Middle School,26970,0,60 - 65,21,62,15,<10,16,84,NULL,60 , 65,0,16,0,26970,0,0,0
2015,sch,sci,Regular,Newport,401,Newport Middle School,26970,8,60 - 65,21,62,15,<10,16,84,NULL,60 , 65,0,16,0,26970,0,0,0
2015,sch,mat,Regular,Newport,401,Richards Elementary School,21995,0,95 - 100,21,45,27,<10,33,67,NULL,95 , 100,97.5,33,3217.5,21995,97.5,3217.5,33
2015,sch,mat,Regular,Newport,401,Richards Elementary School,21995,3,45 - 50,18,43,35,<10,39,61,2421,45 , 50,0,39,0,21995,0,0,0
2015,sch,mat,Regular,Newport,401,Richards Elementary School,21995,4,50 - 55,24,48,20,<10,28,72,2451,50 , 55,0,28,0,21995,0,0,0
2015,sch,rea,Regular,Newport,401,Richards Elementary School,21995,0,95 - 100,32,32,22,13,35,65,NULL,95 , 100,0,35,0,21995,0,0,0
2015,sch,rea,Regular,Newport,401,Richards Elementary School,21995,3,45 - 50,20,41,27,12,39,61,2413,45 , 50,0,39,0,21995,0,0,0
2015,sch,rea,Regular,Newport,401,Richards Elementary School,21995,4,50 - 55,44,24,18,14,32,68,2444,50 , 55,0,32,0,21995,0,0,0
2015,sch,sci,Regular,Newport,401,Richards Elementary School,21995,0,50 - 55,16,50,34,<10,34,66,NULL,50 , 55,0,34,0,21995,0,0,0
2015,sch,sci,Regular,Newport,401,Richards Elementary School,21995,4,50 - 55,16,50,34,<10,34,66,NULL,50 , 55,0,34,0,21995,0,0,0
2015,sch,mat,Regular,Newport,401,Towle Elementary School,21990,0,135 - 140,28,36,25,11,36,64,NULL,135 , 140,137.5,36,4950,0,0,0,0
2015,sch,mat,Regular,Newport,401,Towle Elementary School,21990,5,60 - 65,30,33,21,16,37,63,2496,60 , 65,0,37,0,0,0,0,0
2015,sch,mat,Regular,Newport,401,Towle Elementary School,21990,6,75 - 80,27,39,28,<10,35,65,2515,75 , 80,0,35,0,0,0,0,0
2015,sch,rea,Regular,Newport,401,Towle Elementary School,21990,0,135 - 140,30,28,36,<10,43,57,NULL,135 , 140,0,43,0,0,0,0,0
2015,sch,rea,Regular,Newport,401,Towle Elementary School,21990,5,60 - 65,27,29,37,<10,44,56,2484,60 , 65,0,44,0,0,0,0,0
2015,sch,rea,Regular,Newport,401,Towle Elementary School,21990,6,75 - 80,32,27,36,<10,41,59,2502,75 , 80,0,41,0,0,0,0,0
2015,sch,mat,Regular,Next Charter School,740,Next Charter School,29105,0, 0 - 10,* n < 11,* n < 11,* n < 11,* n < 11,* n < 11,* n < 11,* n < 11, 0 , 10,0,* n < 11,0,29105,0,0,0
2015,sch,mat,Regular,Next Charter School,740,Next Charter School,29105,11, 0 - 10,* n < 11,* n < 11,* n < 11,* n < 11,* n < 11,* n < 11,* n < 11, 0 , 10,0,* n < 11,0,29105,0,0,0
2015,sch,rea,Regular,Next Charter School,740,Next Charter School,29105,0, 0 - 10,* n < 11,* n < 11,* n < 11,* n < 11,* n < 11,* n < 11,* n < 11, 0 , 10,0,* n < 11,0,29105,0,0,0
2015,sch,rea,Regular,Next Charter School,740,Next Charter School,29105,11, 0 - 10,* n < 11,* n < 11,* n < 11,* n < 11,* n < 11,* n < 11,* n < 11, 0 , 10,0,* n < 11,0,29105,0,0,0
2015,sch,sci,Regular,Next Charter School,740,Next Charter School,29105,0, 0 - 10,* n < 11,* n < 11,* n < 11,* n < 11,* n < 11,* n < 11,* n < 11, 0 , 10,0,* n < 11,0,29105,0,0,0
2015,sch,sci,Regular,Next Charter School,740,Next Charter School,29105,11, 0 - 10,* n < 11,* n < 11,* n < 11,* n < 11,* n < 11,* n < 11,* n < 11, 0 , 10,0,* n < 11,0,29105,0,0,0
2015,sch,mat,Regular,North Country Charter Academy,703,North Country Charter Academy (H),28395,0, 0 - 10,* n < 11,* n < 11,* n < 11,* n < 11,* n < 11,* n < 11,* n < 11, 0 , 10,0,* n < 11,0,28395,0,0,0
2015,sch,mat,Regular,North Country Charter Academy,703,North Country Charter Academy (H),28395,11, 0 - 10,* n < 11,* n < 11,* n < 11,* n < 11,* n < 11,* n < 11,* n < 11, 0 , 10,0,* n < 11,0,28395,0,0,0
2015,sch,rea,Regular,North Country Charter Academy,703,North Country Charter Academy (H),28395,0, 0 - 10,* n < 11,* n < 11,* n < 11,* n < 11,* n < 11,* n < 11,* n < 11, 0 , 10,0,* n < 11,0,28395,0,0,0
2015,sch,rea,Regular,North Country Charter Academy,703,North Country Charter Academy (H),28395,11, 0 - 10,* n < 11,* n < 11,* n < 11,* n < 11,* n < 11,* n < 11,* n < 11, 0 , 10,0,* n < 11,0,28395,0,0,0
2015,sch,sci,Regular,North Country Charter Academy,703,North Country Charter Academy (H),28395,0, 0 - 10,* n < 11,* n < 11,* n < 11,* n < 11,* n < 11,* n < 11,* n < 11, 0 , 10,0,* n < 11,0,28395,0,0,0
2015,sch,sci,Regular,North Country Charter Academy,703,North Country Charter Academy (H),28395,11, 0 - 10,* n < 11,* n < 11,* n < 11,* n < 11,* n < 11,* n < 11,* n < 11, 0 , 10,0,* n < 11,0,28395,0,0,0
2015,sch,mat,Regular,North Hampton,405,North Hampton School,20805,0,290 - 295,<10,29,35,29,64,36,NULL,290 , 295,292.5,64,18720,20805,292.5,18720,64
2015,sch,mat,Regular,North Hampton,405,North Hampton School,20805,3,40 - 45,12,28,49,12,60,40,2440,40 , 45,0,60,0,20805,0,0,0
2015,sch,mat,Regular,North Hampton,405,North Hampton School,20805,4,35 - 40,<10,38,32,22,54,46,2496,35 , 40,0,54,0,20805,0,0,0
2015,sch,mat,Regular,North Hampton,405,North Hampton School,20805,5,60 - 65,<10,37,33,23,57,43,2534,60 , 65,0,57,0,20805,0,0,0
2015,sch,mat,Regular,North Hampton,405,North Hampton School,20805,6,60 - 65,<10,33,35,25,60,40,2562,60 , 65,0,60,0,20805,0,0,0
2015,sch,mat,Regular,North Hampton,405,North Hampton School,20805,7,40 - 45,<10,21,40,37,77,23,2606,40 , 45,0,77,0,20805,0,0,0
2015,sch,mat,Regular,North Hampton,405,North Hampton School,20805,8,45 - 50,<10,13,24,54,78,22,2641,45 , 50,0,78,0,20805,0,0,0
2015,sch,rea,Regular,North Hampton,405,North Hampton School,20805,0,290 - 295,<10,17,47,29,77,23,NULL,290 , 295,0,77,0,20805,0,0,0
2015,sch,rea,Regular,North Hampton,405,North Hampton School,20805,3,40 - 45,<10,40,33,21,53,47,2440,40 , 45,0,53,0,20805,0,0,0
2015,sch,rea,Regular,North Hampton,405,North Hampton School,20805,4,35 - 40,19,14,41,27,68,32,2499,35 , 40,0,68,0,20805,0,0,0
2015,sch,rea,Regular,North Hampton,405,North Hampton School,20805,5,60 - 65,<10,13,45,35,80,20,2550,60 , 65,0,80,0,20805,0,0,0
2015,sch,rea,Regular,North Hampton,405,North Hampton School,20805,6,60 - 65,<10,17,48,32,79,21,2584,60 , 65,0,79,0,20805,0,0,0
2015,sch,rea,Regular,North Hampton,405,North Hampton School,20805,7,40 - 45,<10,14,67,16,84,16,2606,40 , 45,0,84,0,20805,0,0,0
2015,sch,rea,Regular,North Hampton,405,North Hampton School,20805,8,45 - 50,<10,<10,51,40,>90,<10,2646,45 , 50,0,90,0,20805,0,0,0
2015,sch,sci,Regular,North Hampton,405,North Hampton School,20805,0,80 - 85,<10,33,61,<10,65,35,NULL,80 , 85,0,65,0,20805,0,0,0
2015,sch,sci,Regular,North Hampton,405,North Hampton School,20805,4,35 - 40,<10,27,70,<10,73,27,NULL,35 , 40,0,73,0,20805,0,0,0
2015,sch,sci,Regular,North Hampton,405,North Hampton School,20805,8,45 - 50,<10,37,54,<10,59,41,NULL,45 , 50,0,59,0,20805,0,0,0
2015,sch,mat,Regular,Northumberland,407,Groveton Elementary School,22905,0,50 - 55,10,39,31,20,51,49,NULL,50 , 55,52.5,51,2677.5,22905,52.5,2677.5,51
2015,sch,mat,Regular,Northumberland,407,Groveton Elementary School,22905,3,25 - 30,20,40,24,16,40,60,2429,25 , 30,0,40,0,22905,0,0,0
2015,sch,mat,Regular,Northumberland,407,Groveton Elementary School,22905,4,10 - 15,<10,50,25,25,50,50,2496,10 , 15,0,50,0,22905,0,0,0
2015,sch,mat,Regular,Northumberland,407,Groveton Elementary School,22905,5,10 - 15,<10,29,50,21,71,29,2545,10 , 15,0,71,0,22905,0,0,0
2015,sch,rea,Regular,Northumberland,407,Groveton Elementary School,22905,0,50 - 55,10,37,40,13,54,46,NULL,50 , 55,0,54,0,22905,0,0,0
2015,sch,rea,Regular,Northumberland,407,Groveton Elementary School,22905,3,25 - 30,12,40,28,20,48,52,2438,25 , 30,0,48,0,22905,0,0,0
2015,sch,rea,Regular,Northumberland,407,Groveton Elementary School,22905,4,10 - 15,17,33,42,<10,50,50,2462,10 , 15,0,50,0,22905,0,0,0
2015,sch,rea,Regular,Northumberland,407,Groveton Elementary School,22905,5,15 - 20,<10,33,60,<10,67,33,2524,15 , 20,0,67,0,22905,0,0,0
2015,sch,sci,Regular,Northumberland,407,Groveton Elementary School,22905,0,10 - 15,<10,75,17,<10,17,83,NULL,10 , 15,0,17,0,22905,0,0,0
2015,sch,sci,Regular,Northumberland,407,Groveton Elementary School,22905,4,10 - 15,<10,75,17,<10,17,83,NULL,10 , 15,0,17,0,22905,0,0,0
2015,sch,mat,Regular,Northumberland,407,Groveton High School,22900,0,30 - 35,50,15,29,<10,35,65,NULL,30 , 35,32.5,35,1137.5,22900,32.5,1137.5,35
2015,sch,mat,Regular,Northumberland,407,Groveton High School,22900,11,30 - 35,50,15,29,<10,35,65,2562,30 , 35,0,35,0,22900,0,0,0
2015,sch,rea,Regular,Northumberland,407,Groveton High School,22900,0,30 - 35,18,32,32,18,50,50,NULL,30 , 35,0,50,0,22900,0,0,0
2015,sch,rea,Regular,Northumberland,407,Groveton High School,22900,11,30 - 35,18,32,32,18,50,50,2579,30 , 35,0,50,0,22900,0,0,0
2015,sch,sci,Regular,Northumberland,407,Groveton High School,22900,0,30 - 35,29,41,29,<10,29,71,NULL,30 , 35,0,29,0,22900,0,0,0
2015,sch,sci,Regular,Northumberland,407,Groveton High School,22900,11,30 - 35,29,41,29,<10,29,71,NULL,30 , 35,0,29,0,22900,0,0,0
2015,sch,mat,Regular,Northumberland,407,Groveton High School (Middle),26600,0,75 - 80,49,27,19,<10,24,76,NULL,75 , 80,77.5,24,1860,26600,77.5,1860,24
2015,sch,mat,Regular,Northumberland,407,Groveton High School (Middle),26600,6,25 - 30,61,25,14,<10,14,86,2455,25 , 30,0,14,0,26600,0,0,0
2015,sch,mat,Regular,Northumberland,407,Groveton High School (Middle),26600,7,30 - 35,47,27,20,<10,27,73,2501,30 , 35,0,27,0,26600,0,0,0
2015,sch,mat,Regular,Northumberland,407,Groveton High School (Middle),26600,8,20 - 25,35,30,25,10,35,65,2547,20 , 25,0,35,0,26600,0,0,0
2015,sch,rea,Regular,Northumberland,407,Groveton High School (Middle),26600,0,75 - 80,32,32,28,<10,36,64,NULL,75 , 80,0,36,0,26600,0,0,0
2015,sch,rea,Regular,Northumberland,407,Groveton High School (Middle),26600,6,25 - 30,46,36,18,<10,18,82,2475,25 , 30,0,18,0,26600,0,0,0
2015,sch,rea,Regular,Northumberland,407,Groveton High School (Middle),26600,7,30 - 35,27,27,30,17,47,53,2547,30 , 35,0,47,0,26600,0,0,0
2015,sch,rea,Regular,Northumberland,407,Groveton High School (Middle),26600,8,20 - 25,20,35,40,<10,45,55,2545,20 , 25,0,45,0,26600,0,0,0
2015,sch,sci,Regular,Northumberland,407,Groveton High School (Middle),26600,0,20 - 25,33,48,19,<10,19,81,NULL,20 , 25,0,19,0,26600,0,0,0
2015,sch,sci,Regular,Northumberland,407,Groveton High School (Middle),26600,8,20 - 25,33,48,19,<10,19,81,NULL,20 , 25,0,19,0,26600,0,0,0
2015,sch,mat,Regular,Northwood,411,Northwood Elementary School,22085,0,255 - 260,24,34,30,11,41,59,NULL,255 , 260,257.5,41,10557.5,22085,257.5,10557.5,41
2015,sch,mat,Regular,Northwood,411,Northwood Elementary School,22085,3,40 - 45,17,22,46,15,61,39,2446,40 , 45,0,61,0,22085,0,0,0
2015,sch,mat,Regular,Northwood,411,Northwood Elementary School,22085,4,30 - 35,23,19,45,13,58,42,2482,30 , 35,0,58,0,22085,0,0,0
2015,sch,mat,Regular,Northwood,411,Northwood Elementary School,22085,5,35 - 40,28,54,15,<10,18,82,2483,35 , 40,0,18,0,22085,0,0,0
2015,sch,mat,Regular,Northwood,411,Northwood Elementary School,22085,6,40 - 45,12,44,28,16,44,56,2538,40 , 45,0,44,0,22085,0,0,0
2015,sch,mat,Regular,Northwood,411,Northwood Elementary School,22085,7,50 - 55,29,35,31,<10,37,63,2531,50 , 55,0,37,0,22085,0,0,0
2015,sch,mat,Regular,Northwood,411,Northwood Elementary School,22085,8,50 - 55,35,31,19,15,35,65,2537,50 , 55,0,35,0,22085,0,0,0
2015,sch,rea,Regular,Northwood,411,Northwood Elementary School,22085,0,255 - 260,24,32,31,13,44,56,NULL,255 , 260,0,44,0,22085,0,0,0
2015,sch,rea,Regular,Northwood,411,Northwood Elementary School,22085,3,40 - 45,29,22,24,24,49,51,2422,40 , 45,0,49,0,22085,0,0,0
2015,sch,rea,Regular,Northwood,411,Northwood Elementary School,22085,4,30 - 35,16,32,29,23,52,48,2482,30 , 35,0,52,0,22085,0,0,0
2015,sch,rea,Regular,Northwood,411,Northwood Elementary School,22085,5,35 - 40,28,15,41,15,56,44,2501,35 , 40,0,56,0,22085,0,0,0
2015,sch,rea,Regular,Northwood,411,Northwood Elementary School,22085,6,40 - 45,14,40,30,16,47,53,2534,40 , 45,0,47,0,22085,0,0,0
2015,sch,rea,Regular,Northwood,411,Northwood Elementary School,22085,7,50 - 55,25,42,31,<10,33,67,2514,50 , 55,0,33,0,22085,0,0,0
2015,sch,rea,Regular,Northwood,411,Northwood Elementary School,22085,8,50 - 55,27,37,31,<10,37,63,2542,50 , 55,0,37,0,22085,0,0,0
2015,sch,sci,Regular,Northwood,411,Northwood Elementary School,22085,0,80 - 85,24,40,36,<10,36,64,NULL,80 , 85,0,36,0,22085,0,0,0
2015,sch,sci,Regular,Northwood,411,Northwood Elementary School,22085,4,30 - 35,10,35,55,<10,55,45,NULL,30 , 35,0,55,0,22085,0,0,0
2015,sch,sci,Regular,Northwood,411,Northwood Elementary School,22085,8,50 - 55,32,43,25,<10,25,75,NULL,50 , 55,0,25,0,22085,0,0,0
2015,sch,mat,Regular,Nottingham,413,Nottingham Elementary School,22095,0,325 - 330,14,30,32,23,56,44,NULL,325 , 330,327.5,56,18340,22095,327.5,18340,56
2015,sch,mat,Regular,Nottingham,413,Nottingham Elementary School,22095,3,55 - 60,21,22,45,12,57,43,2429,55 , 60,0,57,0,22095,0,0,0
2015,sch,mat,Regular,Nottingham,413,Nottingham Elementary School,22095,4,55 - 60,<10,42,35,16,51,49,2489,55 , 60,0,51,0,22095,0,0,0
2015,sch,mat,Regular,Nottingham,413,Nottingham Elementary School,22095,5,55 - 60,<10,42,35,22,56,44,2541,55 , 60,0,56,0,22095,0,0,0
2015,sch,mat,Regular,Nottingham,413,Nottingham Elementary School,22095,6,60 - 65,20,28,25,27,52,48,2553,60 , 65,0,52,0,22095,0,0,0
2015,sch,mat,Regular,Nottingham,413,Nottingham Elementary School,22095,7,45 - 50,17,25,29,29,58,42,2574,45 , 50,0,58,0,22095,0,0,0
2015,sch,mat,Regular,Nottingham,413,Nottingham Elementary School,22095,8,50 - 55,17,23,25,36,60,40,2608,50 , 55,0,60,0,22095,0,0,0
2015,sch,rea,Regular,Nottingham,413,Nottingham Elementary School,22095,0,325 - 330,12,19,37,32,69,31,NULL,325 , 330,0,69,0,22095,0,0,0
2015,sch,rea,Regular,Nottingham,413,Nottingham Elementary School,22095,3,55 - 60,22,21,22,34,57,43,2445,55 , 60,0,57,0,22095,0,0,0
2015,sch,rea,Regular,Nottingham,413,Nottingham Elementary School,22095,4,55 - 60,13,18,24,45,69,31,2513,55 , 60,0,69,0,22095,0,0,0
2015,sch,rea,Regular,Nottingham,413,Nottingham Elementary School,22095,5,55 - 60,<10,22,42,31,73,27,2544,55 , 60,0,73,0,22095,0,0,0
2015,sch,rea,Regular,Nottingham,413,Nottingham Elementary School,22095,6,60 - 65,17,13,33,37,70,30,2569,60 , 65,0,70,0,22095,0,0,0
2015,sch,rea,Regular,Nottingham,413,Nottingham Elementary School,22095,7,45 - 50,15,19,44,23,67,33,2582,45 , 50,0,67,0,22095,0,0,0
2015,sch,rea,Regular,Nottingham,413,Nottingham Elementary School,22095,8,50 - 55,<10,19,62,17,79,21,2616,50 , 55,0,79,0,22095,0,0,0
2015,sch,sci,Regular,Nottingham,413,Nottingham Elementary School,22095,0,105 - 110,<10,44,50,<10,50,50,NULL,105 , 110,0,50,0,22095,0,0,0
2015,sch,sci,Regular,Nottingham,413,Nottingham Elementary School,22095,4,55 - 60,<10,30,68,<10,68,32,NULL,55 , 60,0,68,0,22095,0,0,0
2015,sch,sci,Regular,Nottingham,413,Nottingham Elementary School,22095,8,50 - 55,11,58,30,<10,30,70,NULL,50 , 55,0,30,0,22095,0,0,0
2015,sch,mat,Regular,Oyster River Coop,423,Mast Way School,22805,0,120 - 125,12,16,40,33,73,27,NULL,120 , 125,122.5,73,8942.5,22805,122.5,8942.5,73
2015,sch,mat,Regular,Oyster River Coop,423,Mast Way School,22805,3,45 - 50,15,13,31,42,73,27,2474,45 , 50,0,73,0,22805,0,0,0
2015,sch,mat,Regular,Oyster River Coop,423,Mast Way School,22805,4,70 - 75,10,18,45,27,73,27,2510,70 , 75,0,73,0,22805,0,0,0
2015,sch,rea,Regular,Oyster River Coop,423,Mast Way School,22805,0,120 - 125,10,20,29,41,70,30,NULL,120 , 125,0,70,0,22805,0,0,0
2015,sch,rea,Regular,Oyster River Coop,423,Mast Way School,22805,3,45 - 50,<10,13,34,45,79,21,2470,45 , 50,0,79,0,22805,0,0,0
2015,sch,rea,Regular,Oyster River Coop,423,Mast Way School,22805,4,70 - 75,11,25,26,38,64,36,2503,70 , 75,0,64,0,22805,0,0,0
2015,sch,sci,Regular,Oyster River Coop,423,Mast Way School,22805,0,70 - 75,<10,34,59,<10,59,41,NULL,70 , 75,0,59,0,22805,0,0,0
2015,sch,sci,Regular,Oyster River Coop,423,Mast Way School,22805,4,70 - 75,<10,34,59,<10,59,41,NULL,70 , 75,0,59,0,22805,0,0,0
2015,sch,mat,Regular,Oyster River Coop,423,Moharimet School,26660,0,170 - 175,<10,22,45,26,71,29,NULL,170 , 175,172.5,71,12247.5,26660,172.5,12247.5,71
2015,sch,mat,Regular,Oyster River Coop,423,Moharimet School,26660,3,85 - 90,<10,23,43,26,69,31,2465,85 , 90,0,69,0,26660,0,0,0
2015,sch,mat,Regular,Oyster River Coop,423,Moharimet School,26660,4,80 - 85,<10,22,46,26,72,28,2510,80 , 85,0,72,0,26660,0,0,0
2015,sch,rea,Regular,Oyster River Coop,423,Moharimet School,26660,0,170 - 175,<10,21,33,41,74,26,NULL,170 , 175,0,74,0,26660,0,0,0
2015,sch,rea,Regular,Oyster River Coop,423,Moharimet School,26660,3,85 - 90,<10,24,28,44,73,27,2480,85 , 90,0,73,0,26660,0,0,0
2015,sch,rea,Regular,Oyster River Coop,423,Moharimet School,26660,4,80 - 85,<10,17,38,38,76,24,2516,80 , 85,0,76,0,26660,0,0,0
2015,sch,sci,Regular,Oyster River Coop,423,Moharimet School,26660,0,80 - 85,<10,34,61,<10,65,35,NULL,80 , 85,0,65,0,26660,0,0,0
2015,sch,sci,Regular,Oyster River Coop,423,Moharimet School,26660,4,80 - 85,<10,34,61,<10,65,35,NULL,80 , 85,0,65,0,26660,0,0,0
2015,sch,mat,Regular,Oyster River Coop,423,Oyster River High School,22800,0,85 - 90,19,28,33,20,53,47,NULL,85 , 90,87.5,53,4637.5,22800,87.5,4637.5,53
2015,sch,mat,Regular,Oyster River Coop,423,Oyster River High School,22800,11,85 - 90,19,28,33,20,53,47,2628,85 , 90,0,53,0,22800,0,0,0
2015,sch,rea,Regular,Oyster River Coop,423,Oyster River High School,22800,0,85 - 90,<10,16,40,34,75,25,NULL,85 , 90,0,75,0,22800,0,0,0
2015,sch,rea,Regular,Oyster River Coop,423,Oyster River High School,22800,11,85 - 90,<10,16,40,34,75,25,2636,85 , 90,0,75,0,22800,0,0,0
2015,sch,sci,Regular,Oyster River Coop,423,Oyster River High School,22800,0,135 - 140,17,37,46,<10,46,54,NULL,135 , 140,0,46,0,22800,0,0,0
2015,sch,sci,Regular,Oyster River Coop,423,Oyster River High School,22800,11,135 - 140,17,37,46,<10,46,54,NULL,135 , 140,0,46,0,22800,0,0,0
2015,sch,mat,Regular,Oyster River Coop,423,Oyster River Middle School,22790,0,650 - 655,11,23,33,32,65,35,NULL,650 , 655,652.5,65,42412.5,22790,652.5,42412.5,65
2015,sch,mat,Regular,Oyster River Coop,423,Oyster River Middle School,22790,5,155 - 160,13,21,30,36,67,33,2552,155 , 160,0,67,0,22790,0,0,0
2015,sch,mat,Regular,Oyster River Coop,423,Oyster River Middle School,22790,6,165 - 170,<10,30,36,26,62,38,2564,165 , 170,0,62,0,22790,0,0,0
2015,sch,mat,Regular,Oyster River Coop,423,Oyster River Middle School,22790,7,170 - 175,<10,23,33,36,69,31,2601,170 , 175,0,69,0,22790,0,0,0
2015,sch,mat,Regular,Oyster River Coop,423,Oyster River Middle School,22790,8,150 - 155,19,19,34,29,63,37,2592,150 , 155,0,63,0,22790,0,0,0
2015,sch,rea,Regular,Oyster River Coop,423,Oyster River Middle School,22790,0,650 - 655,<10,16,46,33,79,21,NULL,650 , 655,0,79,0,22790,0,0,0
2015,sch,rea,Regular,Oyster River Coop,423,Oyster River Middle School,22790,5,155 - 160,<10,13,34,47,81,19,2568,155 , 160,0,81,0,22790,0,0,0
2015,sch,rea,Regular,Oyster River Coop,423,Oyster River Middle School,22790,6,165 - 170,<10,15,47,34,81,19,2588,165 , 170,0,81,0,22790,0,0,0
2015,sch,rea,Regular,Oyster River Coop,423,Oyster River Middle School,22790,7,170 - 175,<10,17,50,30,80,20,2609,170 , 175,0,80,0,22790,0,0,0
2015,sch,rea,Regular,Oyster River Coop,423,Oyster River Middle School,22790,8,150 - 155,10,17,51,21,73,27,2605,150 , 155,0,73,0,22790,0,0,0
2015,sch,sci,Regular,Oyster River Coop,423,Oyster River Middle School,22790,0,150 - 155,10,48,41,<10,42,58,NULL,150 , 155,0,42,0,22790,0,0,0
2015,sch,sci,Regular,Oyster River Coop,423,Oyster River Middle School,22790,8,150 - 155,10,48,41,<10,42,58,NULL,150 , 155,0,42,0,22790,0,0,0
2015,sch,mat,Regular,PACE Career Academy Charter School,728,PACE Career Academy Charter School,29035,0, 0 - 10,* n < 11,* n < 11,* n < 11,* n < 11,* n < 11,* n < 11,* n < 11, 0 , 10,0,* n < 11,0,0,0,0,0
2015,sch,mat,Regular,PACE Career Academy Charter School,728,PACE Career Academy Charter School,29035,11, 0 - 10,* n < 11,* n < 11,* n < 11,* n < 11,* n < 11,* n < 11,* n < 11, 0 , 10,0,* n < 11,0,0,0,0,0
2015,sch,rea,Regular,PACE Career Academy Charter School,728,PACE Career Academy Charter School,29035,0, 0 - 10,* n < 11,* n < 11,* n < 11,* n < 11,* n < 11,* n < 11,* n < 11, 0 , 10,0,* n < 11,0,0,0,0,0
2015,sch,rea,Regular,PACE Career Academy Charter School,728,PACE Career Academy Charter School,29035,11, 0 - 10,* n < 11,* n < 11,* n < 11,* n < 11,* n < 11,* n < 11,* n < 11, 0 , 10,0,* n < 11,0,0,0,0,0
2015,sch,sci,Regular,PACE Career Academy Charter School,728,PACE Career Academy Charter School,29035,0, 0 - 10,* n < 11,* n < 11,* n < 11,* n < 11,* n < 11,* n < 11,* n < 11, 0 , 10,0,* n < 11,0,0,0,0,0
2015,sch,sci,Regular,PACE Career Academy Charter School,728,PACE Career Academy Charter School,29035,11, 0 - 10,* n < 11,* n < 11,* n < 11,* n < 11,* n < 11,* n < 11,* n < 11, 0 , 10,0,* n < 11,0,0,0,0,0
2015,sch,mat,Regular,Pelham,425,Pelham Elementary School,27970,0,465 - 470,17,31,37,14,52,48,NULL,465 , 470,467.5,52,24310,27970,467.5,24310,52
2015,sch,mat,Regular,Pelham,425,Pelham Elementary School,27970,3,160 - 165,16,28,45,12,56,44,2436,160 , 165,0,56,0,27970,0,0,0
2015,sch,mat,Regular,Pelham,425,Pelham Elementary School,27970,4,155 - 160,10,28,45,18,62,38,2494,155 , 160,0,62,0,27970,0,0,0
2015,sch,mat,Regular,Pelham,425,Pelham Elementary School,27970,5,145 - 150,27,38,22,14,35,65,2500,145 , 150,0,35,0,27970,0,0,0
2015,sch,rea,Regular,Pelham,425,Pelham Elementary School,27970,0,465 - 470,18,23,34,24,58,42,NULL,465 , 470,0,58,0,27970,0,0,0
2015,sch,rea,Regular,Pelham,425,Pelham Elementary School,27970,3,160 - 165,20,31,30,19,48,52,2425,160 , 165,0,48,0,27970,0,0,0
2015,sch,rea,Regular,Pelham,425,Pelham Elementary School,27970,4,155 - 160,16,18,31,34,66,34,2494,155 , 160,0,66,0,27970,0,0,0
2015,sch,rea,Regular,Pelham,425,Pelham Elementary School,27970,5,145 - 150,19,19,43,19,62,38,2514,145 , 150,0,62,0,27970,0,0,0
2015,sch,sci,Regular,Pelham,425,Pelham Elementary School,27970,0,155 - 160,<10,44,49,<10,51,49,NULL,155 , 160,0,51,0,27970,0,0,0
2015,sch,sci,Regular,Pelham,425,Pelham Elementary School,27970,4,155 - 160,<10,44,49,<10,51,49,NULL,155 , 160,0,51,0,27970,0,0,0
2015,sch,mat,Regular,Pelham,425,Pelham High School,21105,0,120 - 125,67,19,10,<10,15,85,NULL,120 , 125,122.5,15,1837.5,21105,122.5,1837.5,15
2015,sch,mat,Regular,Pelham,425,Pelham High School,21105,11,120 - 125,67,19,10,<10,15,85,2499,120 , 125,0,15,0,21105,0,0,0
2015,sch,rea,Regular,Pelham,425,Pelham High School,21105,0,120 - 125,30,27,32,11,43,57,NULL,120 , 125,0,43,0,21105,0,0,0
2015,sch,rea,Regular,Pelham,425,Pelham High School,21105,11,120 - 125,30,27,32,11,43,57,2554,120 , 125,0,43,0,21105,0,0,0
2015,sch,sci,Regular,Pelham,425,Pelham High School,21105,0,120 - 125,15,51,32,<10,33,67,NULL,120 , 125,0,33,0,21105,0,0,0
2015,sch,sci,Regular,Pelham,425,Pelham High School,21105,11,120 - 125,15,51,32,<10,33,67,NULL,120 , 125,0,33,0,21105,0,0,0
2015,sch,mat,Regular,Pelham,425,Pelham Memorial School,21110,0,495 - 500,18,36,27,19,46,54,NULL,495 , 500,497.5,46,22885,21110,497.5,22885,46
2015,sch,mat,Regular,Pelham,425,Pelham Memorial School,21110,6,170 - 175,18,44,24,15,39,61,2533,170 , 175,0,39,0,21110,0,0,0
2015,sch,mat,Regular,Pelham,425,Pelham Memorial School,21110,7,175 - 180,14,28,32,27,58,42,2576,175 , 180,0,58,0,21110,0,0,0
2015,sch,mat,Regular,Pelham,425,Pelham Memorial School,21110,8,145 - 150,25,35,26,14,40,60,2563,145 , 150,0,40,0,21110,0,0,0
2015,sch,rea,Regular,Pelham,425,Pelham Memorial School,21110,0,495 - 500,<10,25,47,19,66,34,NULL,495 , 500,0,66,0,21110,0,0,0
2015,sch,rea,Regular,Pelham,425,Pelham Memorial School,21110,6,170 - 175,<10,30,45,16,61,39,2551,170 , 175,0,61,0,21110,0,0,0
2015,sch,rea,Regular,Pelham,425,Pelham Memorial School,21110,7,175 - 180,10,19,46,25,72,28,2592,175 , 180,0,72,0,21110,0,0,0
2015,sch,rea,Regular,Pelham,425,Pelham Memorial School,21110,8,145 - 150,<10,28,52,14,66,34,2596,145 , 150,0,66,0,21110,0,0,0
2015,sch,sci,Regular,Pelham,425,Pelham Memorial School,21110,0,145 - 150,16,55,29,<10,29,71,NULL,145 , 150,0,29,0,21110,0,0,0
2015,sch,sci,Regular,Pelham,425,Pelham Memorial School,21110,8,145 - 150,16,55,29,<10,29,71,NULL,145 , 150,0,29,0,21110,0,0,0
2015,sch,mat,Regular,Pembroke,427,Pembroke Academy,22620,0,165 - 170,25,35,21,19,40,60,NULL,165 , 170,167.5,40,6700,22620,167.5,6700,40
2015,sch,mat,Regular,Pembroke,427,Pembroke Academy,22620,11,165 - 170,25,35,21,19,40,60,2613,165 , 170,0,40,0,22620,0,0,0
2015,sch,rea,Regular,Pembroke,427,Pembroke Academy,22620,0,165 - 170,14,33,37,15,53,47,NULL,165 , 170,0,53,0,22620,0,0,0
2015,sch,rea,Regular,Pembroke,427,Pembroke Academy,22620,11,165 - 170,14,33,37,15,53,47,2593,165 , 170,0,53,0,22620,0,0,0
2015,sch,sci,Regular,Pembroke,427,Pembroke Academy,22620,0,180 - 185,24,50,24,<10,25,75,NULL,180 , 185,0,25,0,22620,0,0,0
2015,sch,sci,Regular,Pembroke,427,Pembroke Academy,22620,11,180 - 185,24,50,24,<10,25,75,NULL,180 , 185,0,25,0,22620,0,0,0
2015,sch,mat,Regular,Pembroke,427,Pembroke Hill School,22615,0,160 - 165,24,41,29,<10,35,65,NULL,160 , 165,162.5,35,5687.5,22615,162.5,5687.5,35
2015,sch,mat,Regular,Pembroke,427,Pembroke Hill School,22615,3,75 - 80,27,40,31,<10,33,67,2408,75 , 80,0,33,0,22615,0,0,0
2015,sch,mat,Regular,Pembroke,427,Pembroke Hill School,22615,4,80 - 85,21,42,27,10,37,63,2465,80 , 85,0,37,0,22615,0,0,0
2015,sch,rea,Regular,Pembroke,427,Pembroke Hill School,22615,0,160 - 165,15,28,28,29,57,43,NULL,160 , 165,0,57,0,22615,0,0,0
2015,sch,rea,Regular,Pembroke,427,Pembroke Hill School,22615,3,75 - 80,10,35,31,24,55,45,2443,75 , 80,0,55,0,22615,0,0,0
2015,sch,rea,Regular,Pembroke,427,Pembroke Hill School,22615,4,80 - 85,19,21,26,33,60,40,2492,80 , 85,0,60,0,22615,0,0,0
2015,sch,sci,Regular,Pembroke,427,Pembroke Hill School,22615,0,80 - 85,<10,54,39,<10,40,60,NULL,80 , 85,0,40,0,22615,0,0,0
2015,sch,sci,Regular,Pembroke,427,Pembroke Hill School,22615,4,80 - 85,<10,54,39,<10,40,60,NULL,80 , 85,0,40,0,22615,0,0,0
2015,sch,mat,Regular,Pembroke,427,Three Rivers School,26925,0,320 - 325,22,35,26,17,43,57,NULL,320 , 325,322.5,43,13867.5,26925,322.5,13867.5,43
2015,sch,mat,Regular,Pembroke,427,Three Rivers School,26925,5,65 - 70,17,35,32,15,48,52,2518,65 , 70,0,48,0,26925,0,0,0
2015,sch,mat,Regular,Pembroke,427,Three Rivers School,26925,6,90 - 95,22,39,22,17,39,61,2529,90 , 95,0,39,0,26925,0,0,0
2015,sch,mat,Regular,Pembroke,427,Three Rivers School,26925,7,85 - 90,14,33,30,23,53,47,2566,85 , 90,0,53,0,26925,0,0,0
2015,sch,mat,Regular,Pembroke,427,Three Rivers School,26925,8,75 - 80,34,33,22,11,33,67,2544,75 , 80,0,33,0,26925,0,0,0
2015,sch,rea,Regular,Pembroke,427,Three Rivers School,26925,0,320 - 325,10,28,43,20,62,38,NULL,320 , 325,0,62,0,26925,0,0,0
2015,sch,rea,Regular,Pembroke,427,Three Rivers School,26925,5,65 - 70,12,25,37,26,63,37,2531,65 , 70,0,63,0,26925,0,0,0
2015,sch,rea,Regular,Pembroke,427,Three Rivers School,26925,6,90 - 95,12,38,34,16,50,50,2544,90 , 95,0,50,0,26925,0,0,0
2015,sch,rea,Regular,Pembroke,427,Three Rivers School,26925,7,85 - 90,<10,20,47,27,73,27,2598,85 , 90,0,73,0,26925,0,0,0
2015,sch,rea,Regular,Pembroke,427,Three Rivers School,26925,8,75 - 80,<10,27,53,11,65,35,2592,75 , 80,0,65,0,26925,0,0,0
2015,sch,sci,Regular,Pembroke,427,Three Rivers School,26925,0,75 - 80,30,53,15,<10,16,84,NULL,75 , 80,0,16,0,26925,0,0,0
2015,sch,sci,Regular,Pembroke,427,Three Rivers School,26925,8,75 - 80,30,53,15,<10,16,84,NULL,75 , 80,0,16,0,26925,0,0,0
2015,sch,mat,Regular,Pemi-Baker Regional,428,Plymouth Regional High School,22350,0,150 - 155,29,33,23,16,38,62,NULL,150 , 155,152.5,38,5795,22350,152.5,5795,38
2015,sch,mat,Regular,Pemi-Baker Regional,428,Plymouth Regional High School,22350,11,150 - 155,29,33,23,16,38,62,2607,150 , 155,0,38,0,22350,0,0,0
2015,sch,rea,Regular,Pemi-Baker Regional,428,Plymouth Regional High School,22350,0,150 - 155,<10,12,49,32,82,18,NULL,150 , 155,0,82,0,22350,0,0,0
2015,sch,rea,Regular,Pemi-Baker Regional,428,Plymouth Regional High School,22350,11,150 - 155,<10,12,49,32,82,18,2641,150 , 155,0,82,0,22350,0,0,0
2015,sch,sci,Regular,Pemi-Baker Regional,428,Plymouth Regional High School,22350,0,155 - 160,15,54,29,<10,31,69,NULL,155 , 160,0,31,0,22350,0,0,0
2015,sch,sci,Regular,Pemi-Baker Regional,428,Plymouth Regional High School,22350,11,155 - 160,15,54,29,<10,31,69,NULL,155 , 160,0,31,0,22350,0,0,0
2015,sch,mat,Regular,Piermont,435,Piermont Village School,20895,0,40 - 45,<10,22,44,29,73,27,NULL,40 , 45,42.5,73,3102.5,20895,42.5,3102.5,73
2015,sch,mat,Regular,Piermont,435,Piermont Village School,20895,3, 0 - 10,* n < 11,* n < 11,* n < 11,* n < 11,* n < 11,* n < 11,* n < 11, 0 , 10,0,* n < 11,0,20895,0,0,0
2015,sch,mat,Regular,Piermont,435,Piermont Village School,20895,4, 0 - 10,* n < 11,* n < 11,* n < 11,* n < 11,* n < 11,* n < 11,* n < 11, 0 , 10,0,* n < 11,0,20895,0,0,0
2015,sch,mat,Regular,Piermont,435,Piermont Village School,20895,5, 0 - 10,* n < 11,* n < 11,* n < 11,* n < 11,* n < 11,* n < 11,* n < 11, 0 , 10,0,* n < 11,0,20895,0,0,0
2015,sch,mat,Regular,Piermont,435,Piermont Village School,20895,6, 0 - 10,* n < 11,* n < 11,* n < 11,* n < 11,* n < 11,* n < 11,* n < 11, 0 , 10,0,* n < 11,0,20895,0,0,0
2015,sch,mat,Regular,Piermont,435,Piermont Village School,20895,7, 0 - 10,* n < 11,* n < 11,* n < 11,* n < 11,* n < 11,* n < 11,* n < 11, 0 , 10,0,* n < 11,0,20895,0,0,0
2015,sch,mat,Regular,Piermont,435,Piermont Village School,20895,8, 0 - 10,* n < 11,* n < 11,* n < 11,* n < 11,* n < 11,* n < 11,* n < 11, 0 , 10,0,* n < 11,0,20895,0,0,0
2015,sch,rea,Regular,Piermont,435,Piermont Village School,20895,0,40 - 45,20,20,34,27,61,39,NULL,40 , 45,0,61,0,20895,0,0,0
2015,sch,rea,Regular,Piermont,435,Piermont Village School,20895,3, 0 - 10,* n < 11,* n < 11,* n < 11,* n < 11,* n < 11,* n < 11,* n < 11, 0 , 10,0,* n < 11,0,20895,0,0,0
2015,sch,rea,Regular,Piermont,435,Piermont Village School,20895,4, 0 - 10,* n < 11,* n < 11,* n < 11,* n < 11,* n < 11,* n < 11,* n < 11, 0 , 10,0,* n < 11,0,20895,0,0,0
2015,sch,rea,Regular,Piermont,435,Piermont Village School,20895,5, 0 - 10,* n < 11,* n < 11,* n < 11,* n < 11,* n < 11,* n < 11,* n < 11, 0 , 10,0,* n < 11,0,20895,0,0,0
2015,sch,rea,Regular,Piermont,435,Piermont Village School,20895,6, 0 - 10,* n < 11,* n < 11,* n < 11,* n < 11,* n < 11,* n < 11,* n < 11, 0 , 10,0,* n < 11,0,20895,0,0,0
2015,sch,rea,Regular,Piermont,435,Piermont Village School,20895,7, 0 - 10,* n < 11,* n < 11,* n < 11,* n < 11,* n < 11,* n < 11,* n < 11, 0 , 10,0,* n < 11,0,20895,0,0,0
2015,sch,rea,Regular,Piermont,435,Piermont Village School,20895,8, 0 - 10,* n < 11,* n < 11,* n < 11,* n < 11,* n < 11,* n < 11,* n < 11, 0 , 10,0,* n < 11,0,20895,0,0,0
2015,sch,sci,Regular,Piermont,435,Piermont Village School,20895,0,10 - 15,<10,23,69,<10,69,31,NULL,10 , 15,0,69,0,20895,0,0,0
2015,sch,sci,Regular,Piermont,435,Piermont Village School,20895,4, 0 - 10,* n < 11,* n < 11,* n < 11,* n < 11,* n < 11,* n < 11,* n < 11, 0 , 10,0,* n < 11,0,20895,0,0,0
2015,sch,sci,Regular,Piermont,435,Piermont Village School,20895,8, 0 - 10,* n < 11,* n < 11,* n < 11,* n < 11,* n < 11,* n < 11,* n < 11, 0 , 10,0,* n < 11,0,20895,0,0,0
2015,sch,mat,Regular,Pinkerton Academy,999,Pinkerton Academy,20395,0,675 - 680,31,28,25,16,41,59,NULL,675 , 680,677.5,41,27777.5,20395,677.5,27777.5,41
2015,sch,mat,Regular,Pinkerton Academy,999,Pinkerton Academy,20395,11,675 - 680,31,28,25,16,41,59,2594,675 , 680,0,41,0,20395,0,0,0
2015,sch,rea,Regular,Pinkerton Academy,999,Pinkerton Academy,20395,0,675 - 680,10,20,38,32,70,30,NULL,675 , 680,0,70,0,20395,0,0,0
2015,sch,rea,Regular,Pinkerton Academy,999,Pinkerton Academy,20395,11,675 - 680,10,20,38,32,70,30,2629,675 , 680,0,70,0,20395,0,0,0
2015,sch,sci,Regular,Pinkerton Academy,999,Pinkerton Academy,20395,0,700 - 705,15,40,44,<10,46,54,NULL,700 , 705,0,46,0,20395,0,0,0
2015,sch,sci,Regular,Pinkerton Academy,999,Pinkerton Academy,20395,11,700 - 705,15,40,44,<10,46,54,NULL,700 , 705,0,46,0,20395,0,0,0
2015,sch,mat,Regular,Pittsburg,437,Pittsburg School (Elem),20205,0,30 - 35,23,47,30,<10,30,70,NULL,30 , 35,32.5,30,975,20205,32.5,975,30
2015,sch,mat,Regular,Pittsburg,437,Pittsburg School (Elem),20205,3, 0 - 10,* n < 11,* n < 11,* n < 11,* n < 11,* n < 11,* n < 11,* n < 11, 0 , 10,0,* n < 11,0,20205,0,0,0
2015,sch,mat,Regular,Pittsburg,437,Pittsburg School (Elem),20205,4, 0 - 10,* n < 11,* n < 11,* n < 11,* n < 11,* n < 11,* n < 11,* n < 11, 0 , 10,0,* n < 11,0,20205,0,0,0
2015,sch,mat,Regular,Pittsburg,437,Pittsburg School (Elem),20205,5, 0 - 10,* n < 11,* n < 11,* n < 11,* n < 11,* n < 11,* n < 11,* n < 11, 0 , 10,0,* n < 11,0,20205,0,0,0
2015,sch,mat,Regular,Pittsburg,437,Pittsburg School (Elem),20205,6, 0 - 10,* n < 11,* n < 11,* n < 11,* n < 11,* n < 11,* n < 11,* n < 11, 0 , 10,0,* n < 11,0,20205,0,0,0
2015,sch,mat,Regular,Pittsburg,437,Pittsburg School (Elem),20205,7, 0 - 10,* n < 11,* n < 11,* n < 11,* n < 11,* n < 11,* n < 11,* n < 11, 0 , 10,0,* n < 11,0,20205,0,0,0
2015,sch,mat,Regular,Pittsburg,437,Pittsburg School (Elem),20205,8, 0 - 10,* n < 11,* n < 11,* n < 11,* n < 11,* n < 11,* n < 11,* n < 11, 0 , 10,0,* n < 11,0,20205,0,0,0
2015,sch,rea,Regular,Pittsburg,437,Pittsburg School (Elem),20205,0,30 - 35,<10,40,43,10,53,47,NULL,30 , 35,0,53,0,20205,0,0,0
2015,sch,rea,Regular,Pittsburg,437,Pittsburg School (Elem),20205,3, 0 - 10,* n < 11,* n < 11,* n < 11,* n < 11,* n < 11,* n < 11,* n < 11, 0 , 10,0,* n < 11,0,20205,0,0,0
2015,sch,rea,Regular,Pittsburg,437,Pittsburg School (Elem),20205,4, 0 - 10,* n < 11,* n < 11,* n < 11,* n < 11,* n < 11,* n < 11,* n < 11, 0 , 10,0,* n < 11,0,20205,0,0,0
2015,sch,rea,Regular,Pittsburg,437,Pittsburg School (Elem),20205,5, 0 - 10,* n < 11,* n < 11,* n < 11,* n < 11,* n < 11,* n < 11,* n < 11, 0 , 10,0,* n < 11,0,20205,0,0,0
2015,sch,rea,Regular,Pittsburg,437,Pittsburg School (Elem),20205,6, 0 - 10,* n < 11,* n < 11,* n < 11,* n < 11,* n < 11,* n < 11,* n < 11, 0 , 10,0,* n < 11,0,20205,0,0,0
2015,sch,rea,Regular,Pittsburg,437,Pittsburg School (Elem),20205,7, 0 - 10,* n < 11,* n < 11,* n < 11,* n < 11,* n < 11,* n < 11,* n < 11, 0 , 10,0,* n < 11,0,20205,0,0,0
2015,sch,rea,Regular,Pittsburg,437,Pittsburg School (Elem),20205,8, 0 - 10,* n < 11,* n < 11,* n < 11,* n < 11,* n < 11,* n < 11,* n < 11, 0 , 10,0,* n < 11,0,20205,0,0,0
2015,sch,sci,Regular,Pittsburg,437,Pittsburg School (Elem),20205,0,10 - 15,<10,67,25,<10,25,75,NULL,10 , 15,0,25,0,20205,0,0,0
2015,sch,sci,Regular,Pittsburg,437,Pittsburg School (Elem),20205,4, 0 - 10,* n < 11,* n < 11,* n < 11,* n < 11,* n < 11,* n < 11,* n < 11, 0 , 10,0,* n < 11,0,20205,0,0,0
2015,sch,sci,Regular,Pittsburg,437,Pittsburg School (Elem),20205,8, 0 - 10,* n < 11,* n < 11,* n < 11,* n < 11,* n < 11,* n < 11,* n < 11, 0 , 10,0,* n < 11,0,20205,0,0,0
2015,sch,mat,Regular,Pittsburg,437,Pittsburg School (High),26500,0, 0 - 10,* n < 11,* n < 11,* n < 11,* n < 11,* n < 11,* n < 11,* n < 11, 0 , 10,0,* n < 11,0,26500,0,0,0
2015,sch,mat,Regular,Pittsburg,437,Pittsburg School (High),26500,11, 0 - 10,* n < 11,* n < 11,* n < 11,* n < 11,* n < 11,* n < 11,* n < 11, 0 , 10,0,* n < 11,0,26500,0,0,0
2015,sch,rea,Regular,Pittsburg,437,Pittsburg School (High),26500,0, 0 - 10,* n < 11,* n < 11,* n < 11,* n < 11,* n < 11,* n < 11,* n < 11, 0 , 10,0,* n < 11,0,26500,0,0,0
2015,sch,rea,Regular,Pittsburg,437,Pittsburg School (High),26500,11, 0 - 10,* n < 11,* n < 11,* n < 11,* n < 11,* n < 11,* n < 11,* n < 11, 0 , 10,0,* n < 11,0,26500,0,0,0
2015,sch,sci,Regular,Pittsburg,437,Pittsburg School (High),26500,0, 0 - 10,* n < 11,* n < 11,* n < 11,* n < 11,* n < 11,* n < 11,* n < 11, 0 , 10,0,* n < 11,0,26500,0,0,0
2015,sch,sci,Regular,Pittsburg,437,Pittsburg School (High),26500,11, 0 - 10,* n < 11,* n < 11,* n < 11,* n < 11,* n < 11,* n < 11,* n < 11, 0 , 10,0,* n < 11,0,26500,0,0,0
2015,sch,mat,Regular,Pittsfield,439,Pittsfield Elementary School,26595,0,150 - 155,23,38,25,14,39,61,NULL,150 , 155,152.5,39,5947.5,26595,152.5,5947.5,39
2015,sch,mat,Regular,Pittsfield,439,Pittsfield Elementary School,26595,3,35 - 40,21,29,32,18,50,50,2438,35 , 40,0,50,0,26595,0,0,0
2015,sch,mat,Regular,Pittsfield,439,Pittsfield Elementary School,26595,4,40 - 45,15,48,23,15,38,63,2467,40 , 45,0,38,0,26595,0,0,0
2015,sch,mat,Regular,Pittsfield,439,Pittsfield Elementary School,26595,5,30 - 35,29,35,24,12,35,65,2484,30 , 35,0,35,0,26595,0,0,0
2015,sch,mat,Regular,Pittsfield,439,Pittsfield Elementary School,26595,6,35 - 40,29,39,21,11,32,68,2510,35 , 40,0,32,0,26595,0,0,0
2015,sch,rea,Regular,Pittsfield,439,Pittsfield Elementary School,26595,0,150 - 155,27,27,31,15,46,54,NULL,150 , 155,0,46,0,26595,0,0,0
2015,sch,rea,Regular,Pittsfield,439,Pittsfield Elementary School,26595,3,35 - 40,29,29,26,16,42,58,2407,35 , 40,0,42,0,26595,0,0,0
2015,sch,rea,Regular,Pittsfield,439,Pittsfield Elementary School,26595,4,35 - 40,28,28,21,23,44,56,2460,35 , 40,0,44,0,26595,0,0,0
2015,sch,rea,Regular,Pittsfield,439,Pittsfield Elementary School,26595,5,30 - 35,29,24,38,<10,47,53,2484,30 , 35,0,47,0,26595,0,0,0
2015,sch,rea,Regular,Pittsfield,439,Pittsfield Elementary School,26595,6,35 - 40,23,26,38,13,51,49,2526,35 , 40,0,51,0,26595,0,0,0
2015,sch,sci,Regular,Pittsfield,439,Pittsfield Elementary School,26595,0,40 - 45,12,41,41,<10,46,54,NULL,40 , 45,0,46,0,26595,0,0,0
2015,sch,sci,Regular,Pittsfield,439,Pittsfield Elementary School,26595,4,40 - 45,12,41,41,<10,46,54,NULL,40 , 45,0,46,0,26595,0,0,0
2015,sch,mat,Regular,Pittsfield,439,Pittsfield High School,22500,0,20 - 25,58,21,21,<10,21,79,NULL,20 , 25,22.5,21,472.5,22500,22.5,472.5,21
2015,sch,mat,Regular,Pittsfield,439,Pittsfield High School,22500,11,20 - 25,58,21,21,<10,21,79,2534,20 , 25,0,21,0,22500,0,0,0
2015,sch,rea,Regular,Pittsfield,439,Pittsfield High School,22500,0,25 - 30,28,28,40,<10,44,56,NULL,25 , 30,0,44,0,22500,0,0,0
2015,sch,rea,Regular,Pittsfield,439,Pittsfield High School,22500,11,25 - 30,28,28,40,<10,44,56,2555,25 , 30,0,44,0,22500,0,0,0
2015,sch,sci,Regular,Pittsfield,439,Pittsfield High School,22500,0,25 - 30,42,38,19,<10,19,81,NULL,25 , 30,0,19,0,22500,0,0,0
2015,sch,sci,Regular,Pittsfield,439,Pittsfield High School,22500,11,25 - 30,42,38,19,<10,19,81,NULL,25 , 30,0,19,0,22500,0,0,0
2015,sch,mat,Regular,Pittsfield,439,Pittsfield Middle School,26550,0,85 - 90,45,29,16,<10,26,74,NULL,85 , 90,87.5,26,2275,26550,87.5,2275,26
2015,sch,mat,Regular,Pittsfield,439,Pittsfield Middle School,26550,7,40 - 45,44,33,<10,14,23,77,2505,40 , 45,0,23,0,26550,0,0,0
2015,sch,mat,Regular,Pittsfield,439,Pittsfield Middle School,26550,8,40 - 45,47,26,23,<10,28,72,2521,40 , 45,0,28,0,26550,0,0,0
2015,sch,rea,Regular,Pittsfield,439,Pittsfield Middle School,26550,0,85 - 90,25,38,32,<10,38,62,NULL,85 , 90,0,38,0,26550,0,0,0
2015,sch,rea,Regular,Pittsfield,439,Pittsfield Middle School,26550,7,40 - 45,28,37,30,<10,35,65,2525,40 , 45,0,35,0,26550,0,0,0
2015,sch,rea,Regular,Pittsfield,439,Pittsfield Middle School,26550,8,40 - 45,21,38,33,<10,40,60,2554,40 , 45,0,40,0,26550,0,0,0
2015,sch,sci,Regular,Pittsfield,439,Pittsfield Middle School,26550,0,40 - 45,23,63,14,<10,14,86,NULL,40 , 45,0,14,0,26550,0,0,0
2015,sch,sci,Regular,Pittsfield,439,Pittsfield Middle School,26550,8,40 - 45,23,63,14,<10,14,86,NULL,40 , 45,0,14,0,26550,0,0,0
2015,sch,mat,Regular,Plainfield,441,Plainfield Elementary School,21375,0,145 - 150,11,30,32,28,59,41,NULL,145 , 150,147.5,59,8702.5,21375,147.5,8702.5,59
2015,sch,mat,Regular,Plainfield,441,Plainfield Elementary School,21375,3,20 - 25,<10,21,42,29,71,29,2469,20 , 25,0,71,0,21375,0,0,0
2015,sch,mat,Regular,Plainfield,441,Plainfield Elementary School,21375,4,15 - 20,<10,27,33,33,67,33,2505,15 , 20,0,67,0,21375,0,0,0
2015,sch,mat,Regular,Plainfield,441,Plainfield Elementary School,21375,5,25 - 30,11,44,30,15,44,56,2526,25 , 30,0,44,0,21375,0,0,0
2015,sch,mat,Regular,Plainfield,441,Plainfield Elementary School,21375,6,20 - 25,<10,22,39,30,70,30,2568,20 , 25,0,70,0,21375,0,0,0
2015,sch,mat,Regular,Plainfield,441,Plainfield Elementary School,21375,7,30 - 35,<10,28,25,38,63,38,2599,30 , 35,0,63,0,21375,0,0,0
2015,sch,mat,Regular,Plainfield,441,Plainfield Elementary School,21375,8,25 - 30,19,33,26,22,48,52,2582,25 , 30,0,48,0,21375,0,0,0
2015,sch,rea,Regular,Plainfield,441,Plainfield Elementary School,21375,0,150 - 155,<10,21,45,29,75,25,NULL,150 , 155,0,75,0,21375,0,0,0
2015,sch,rea,Regular,Plainfield,441,Plainfield Elementary School,21375,3,20 - 25,<10,25,42,33,75,25,2477,20 , 25,0,75,0,21375,0,0,0
2015,sch,rea,Regular,Plainfield,441,Plainfield Elementary School,21375,4,15 - 20,12,18,35,35,71,29,2505,15 , 20,0,71,0,21375,0,0,0
2015,sch,rea,Regular,Plainfield,441,Plainfield Elementary School,21375,5,25 - 30,11,26,44,19,63,37,2531,25 , 30,0,63,0,21375,0,0,0
2015,sch,rea,Regular,Plainfield,441,Plainfield Elementary School,21375,6,20 - 25,<10,26,26,48,74,26,2595,20 , 25,0,74,0,21375,0,0,0
2015,sch,rea,Regular,Plainfield,441,Plainfield Elementary School,21375,7,30 - 35,<10,19,63,19,81,19,2604,30 , 35,0,81,0,21375,0,0,0
2015,sch,rea,Regular,Plainfield,441,Plainfield Elementary School,21375,8,25 - 30,<10,15,52,30,81,19,2626,25 , 30,0,81,0,21375,0,0,0
2015,sch,sci,Regular,Plainfield,441,Plainfield Elementary School,21375,0,40 - 45,11,34,52,<10,55,45,NULL,40 , 45,0,55,0,21375,0,0,0
2015,sch,sci,Regular,Plainfield,441,Plainfield Elementary School,21375,4,15 - 20,<10,18,76,<10,82,18,NULL,15 , 20,0,82,0,21375,0,0,0
2015,sch,sci,Regular,Plainfield,441,Plainfield Elementary School,21375,8,25 - 30,19,44,37,<10,37,63,NULL,25 , 30,0,37,0,21375,0,0,0
2015,sch,mat,Regular,Plymouth,447,Plymouth Elementary School,22355,0,280 - 285,17,30,32,22,53,47,NULL,280 , 285,282.5,53,14972.5,22355,282.5,14972.5,53
2015,sch,mat,Regular,Plymouth,447,Plymouth Elementary School,22355,3,45 - 50,27,29,29,16,44,56,2426,45 , 50,0,44,0,22355,0,0,0
2015,sch,mat,Regular,Plymouth,447,Plymouth Elementary School,22355,4,35 - 40,13,42,29,16,45,55,2479,35 , 40,0,45,0,22355,0,0,0
2015,sch,mat,Regular,Plymouth,447,Plymouth Elementary School,22355,5,40 - 45,18,23,27,32,59,41,2532,40 , 45,0,59,0,22355,0,0,0
2015,sch,mat,Regular,Plymouth,447,Plymouth Elementary School,22355,6,45 - 50,17,25,33,25,58,42,2557,45 , 50,0,58,0,22355,0,0,0
2015,sch,mat,Regular,Plymouth,447,Plymouth Elementary School,22355,7,60 - 65,<10,27,38,28,67,33,2588,60 , 65,0,67,0,22355,0,0,0
2015,sch,mat,Regular,Plymouth,447,Plymouth Elementary School,22355,8,45 - 50,24,35,30,11,41,59,2565,45 , 50,0,41,0,22355,0,0,0
2015,sch,rea,Regular,Plymouth,447,Plymouth Elementary School,22355,0,280 - 285,14,21,41,25,65,35,NULL,280 , 285,0,65,0,22355,0,0,0
2015,sch,rea,Regular,Plymouth,447,Plymouth Elementary School,22355,3,45 - 50,22,22,38,18,56,44,2429,45 , 50,0,56,0,22355,0,0,0
2015,sch,rea,Regular,Plymouth,447,Plymouth Elementary School,22355,4,35 - 40,21,24,26,29,55,45,2474,35 , 40,0,55,0,22355,0,0,0
2015,sch,rea,Regular,Plymouth,447,Plymouth Elementary School,22355,5,40 - 45,14,11,45,30,75,25,2540,40 , 45,0,75,0,22355,0,0,0
2015,sch,rea,Regular,Plymouth,447,Plymouth Elementary School,22355,6,45 - 50,13,25,33,29,63,38,2557,45 , 50,0,63,0,22355,0,0,0
2015,sch,rea,Regular,Plymouth,447,Plymouth Elementary School,22355,7,60 - 65,<10,<10,53,32,85,15,2610,60 , 65,0,85,0,22355,0,0,0
2015,sch,rea,Regular,Plymouth,447,Plymouth Elementary School,22355,8,45 - 50,11,37,41,11,52,48,2573,45 , 50,0,52,0,22355,0,0,0
2015,sch,sci,Regular,Plymouth,447,Plymouth Elementary School,22355,0,80 - 85,18,50,31,<10,32,68,NULL,80 , 85,0,32,0,22355,0,0,0
2015,sch,sci,Regular,Plymouth,447,Plymouth Elementary School,22355,4,35 - 40,11,32,55,<10,58,42,NULL,35 , 40,0,58,0,22355,0,0,0
2015,sch,sci,Regular,Plymouth,447,Plymouth Elementary School,22355,8,45 - 50,24,65,11,<10,11,89,NULL,45 , 50,0,11,0,22355,0,0,0
2015,sch,mat,Regular,Polaris Charter School,735,Polaris Charter School,29065,0,50 - 55,<10,28,32,30,62,38,NULL,50 , 55,52.5,62,3255,29065,52.5,3255,62
2015,sch,mat,Regular,Polaris Charter School,735,Polaris Charter School,29065,3,20 - 25,<10,24,43,29,71,29,2464,20 , 25,0,71,0,29065,0,0,0
2015,sch,mat,Regular,Polaris Charter School,735,Polaris Charter School,29065,4,10 - 15,<10,36,36,21,57,43,2492,10 , 15,0,57,0,29065,0,0,0
2015,sch,mat,Regular,Polaris Charter School,735,Polaris Charter School,29065,5,15 - 20,13,25,19,41,63,38,2552,15 , 20,0,63,0,29065,0,0,0
2015,sch,mat,Regular,Polaris Charter School,735,Polaris Charter School,29065,6, 0 - 10,* n < 11,* n < 11,* n < 11,* n < 11,* n < 11,* n < 11,* n < 11, 0 , 10,0,* n < 11,0,29065,0,0,0
2015,sch,rea,Regular,Polaris Charter School,735,Polaris Charter School,29065,0,50 - 55,21,21,30,28,58,42,NULL,50 , 55,0,58,0,29065,0,0,0
2015,sch,rea,Regular,Polaris Charter School,735,Polaris Charter School,29065,3,20 - 25,24,14,43,19,62,38,2441,20 , 25,0,62,0,29065,0,0,0
2015,sch,rea,Regular,Polaris Charter School,735,Polaris Charter School,29065,4,10 - 15,29,29,<10,36,43,57,2478,10 , 15,0,43,0,29065,0,0,0
2015,sch,rea,Regular,Polaris Charter School,735,Polaris Charter School,29065,5,15 - 20,13,19,31,35,69,31,2550,15 , 20,0,69,0,29065,0,0,0
2015,sch,rea,Regular,Polaris Charter School,735,Polaris Charter School,29065,6, 0 - 10,* n < 11,* n < 11,* n < 11,* n < 11,* n < 11,* n < 11,* n < 11, 0 , 10,0,* n < 11,0,29065,0,0,0
2015,sch,sci,Regular,Polaris Charter School,735,Polaris Charter School,29065,0,15 - 20,<10,47,47,<10,47,53,NULL,15 , 20,0,47,0,29065,0,0,0
2015,sch,sci,Regular,Polaris Charter School,735,Polaris Charter School,29065,4,15 - 20,<10,47,47,<10,47,53,NULL,15 , 20,0,47,0,29065,0,0,0
2015,sch,mat,Regular,Portsmouth,449,Little Harbour School,22515,0,245 - 250,<10,13,30,50,80,20,NULL,245 , 250,247.5,80,19800,22515,247.5,19800,80
2015,sch,mat,Regular,Portsmouth,449,Little Harbour School,22515,3,70 - 75,<10,13,31,49,80,20,2494,70 , 75,0,80,0,22515,0,0,0
2015,sch,mat,Regular,Portsmouth,449,Little Harbour School,22515,4,85 - 90,<10,<10,29,62,>90,<10,2559,85 , 90,0,90,0,22515,0,0,0
2015,sch,mat,Regular,Portsmouth,449,Little Harbour School,22515,5,90 - 95,<10,22,30,41,71,29,2560,90 , 95,0,71,0,22515,0,0,0
2015,sch,rea,Regular,Portsmouth,449,Little Harbour School,22515,0,245 - 250,<10,11,24,60,84,16,NULL,245 , 250,0,84,0,22515,0,0,0
2015,sch,rea,Regular,Portsmouth,449,Little Harbour School,22515,3,70 - 75,<10,19,17,56,73,27,2486,70 , 75,0,73,0,22515,0,0,0
2015,sch,rea,Regular,Portsmouth,449,Little Harbour School,22515,4,85 - 90,<10,<10,19,71,90,10,2561,85 , 90,0,90,0,22515,0,0,0
2015,sch,rea,Regular,Portsmouth,449,Little Harbour School,22515,5,90 - 95,<10,10,35,53,88,12,2585,90 , 95,0,88,0,22515,0,0,0
2015,sch,sci,Regular,Portsmouth,449,Little Harbour School,22515,0,85 - 90,<10,18,76,<10,82,18,NULL,85 , 90,0,82,0,22515,0,0,0
2015,sch,sci,Regular,Portsmouth,449,Little Harbour School,22515,4,85 - 90,<10,18,76,<10,82,18,NULL,85 , 90,0,82,0,22515,0,0,0
2015,sch,mat,Regular,Portsmouth,449,Mary C. Dondero Elementary School,22545,0,125 - 130,<10,34,40,18,59,41,NULL,125 , 130,127.5,59,7522.5,22545,127.5,7522.5,59
2015,sch,mat,Regular,Portsmouth,449,Mary C. Dondero Elementary School,22545,3,40 - 45,<10,21,47,23,70,30,2464,40 , 45,0,70,0,22545,0,0,0
2015,sch,mat,Regular,Portsmouth,449,Mary C. Dondero Elementary School,22545,4,40 - 45,<10,35,55,10,65,35,2498,40 , 45,0,65,0,22545,0,0,0
2015,sch,mat,Regular,Portsmouth,449,Mary C. Dondero Elementary School,22545,5,40 - 45,12,47,21,21,42,58,2518,40 , 45,0,42,0,22545,0,0,0
2015,sch,rea,Regular,Portsmouth,449,Mary C. Dondero Elementary School,22545,0,120 - 125,<10,23,37,31,68,32,NULL,120 , 125,0,68,0,22545,0,0,0
2015,sch,rea,Regular,Portsmouth,449,Mary C. Dondero Elementary School,22545,3,40 - 45,<10,34,23,36,59,41,2461,40 , 45,0,59,0,22545,0,0,0
2015,sch,rea,Regular,Portsmouth,449,Mary C. Dondero Elementary School,22545,4,35 - 40,<10,14,38,41,78,22,2524,35 , 40,0,78,0,22545,0,0,0
2015,sch,rea,Regular,Portsmouth,449,Mary C. Dondero Elementary School,22545,5,40 - 45,12,21,51,16,67,33,2526,40 , 45,0,67,0,22545,0,0,0
2015,sch,sci,Regular,Portsmouth,449,Mary C. Dondero Elementary School,22545,0,40 - 45,10,29,59,<10,61,39,NULL,40 , 45,0,61,0,22545,0,0,0
2015,sch,sci,Regular,Portsmouth,449,Mary C. Dondero Elementary School,22545,4,40 - 45,10,29,59,<10,61,39,NULL,40 , 45,0,61,0,22545,0,0,0
2015,sch,mat,Regular,Portsmouth,449,New Franklin School,22525,0,120 - 125,<10,15,42,40,82,18,NULL,120 , 125,122.5,82,10045,22525,122.5,10045,82
2015,sch,mat,Regular,Portsmouth,449,New Franklin School,22525,3,35 - 40,<10,19,41,38,78,22,2483,35 , 40,0,78,0,22525,0,0,0
2015,sch,mat,Regular,Portsmouth,449,New Franklin School,22525,4,40 - 45,<10,<10,44,47,>90,<10,2546,40 , 45,0,90,0,22525,0,0,0
2015,sch,mat,Regular,Portsmouth,449,New Franklin School,22525,5,40 - 45,<10,16,41,36,77,23,2562,40 , 45,0,77,0,22525,0,0,0
2015,sch,rea,Regular,Portsmouth,449,New Franklin School,22525,0,120 - 125,<10,10,27,61,89,11,NULL,120 , 125,0,89,0,22525,0,0,0
2015,sch,rea,Regular,Portsmouth,449,New Franklin School,22525,3,35 - 40,<10,11,27,59,86,14,2500,35 , 40,0,86,0,22525,0,0,0
2015,sch,rea,Regular,Portsmouth,449,New Franklin School,22525,4,40 - 45,<10,<10,19,72,>90,<10,2565,40 , 45,0,90,0,22525,0,0,0
2015,sch,rea,Regular,Portsmouth,449,New Franklin School,22525,5,40 - 45,<10,11,36,52,89,11,2589,40 , 45,0,89,0,22525,0,0,0
2015,sch,sci,Regular,Portsmouth,449,New Franklin School,22525,0,40 - 45,<10,12,81,<10,88,12,NULL,40 , 45,0,88,0,22525,0,0,0
2015,sch,sci,Regular,Portsmouth,449,New Franklin School,22525,4,40 - 45,<10,12,81,<10,88,12,NULL,40 , 45,0,88,0,22525,0,0,0
2015,sch,mat,Regular,Portsmouth,449,Portsmouth High School,22565,0,245 - 250,33,26,28,13,41,59,NULL,245 , 250,247.5,41,10147.5,22565,247.5,10147.5,41
2015,sch,mat,Regular,Portsmouth,449,Portsmouth High School,22565,11,245 - 250,33,26,28,13,41,59,2592,245 , 250,0,41,0,22565,0,0,0
2015,sch,rea,Regular,Portsmouth,449,Portsmouth High School,22565,0,245 - 250,27,30,31,11,42,58,NULL,245 , 250,0,42,0,22565,0,0,0
2015,sch,rea,Regular,Portsmouth,449,Portsmouth High School,22565,11,245 - 250,27,30,31,11,42,58,2553,245 , 250,0,42,0,22565,0,0,0
2015,sch,sci,Regular,Portsmouth,449,Portsmouth High School,22565,0,270 - 275,20,43,35,<10,37,63,NULL,270 , 275,0,37,0,22565,0,0,0
2015,sch,sci,Regular,Portsmouth,449,Portsmouth High School,22565,11,270 - 275,20,43,35,<10,37,63,NULL,270 , 275,0,37,0,22565,0,0,0
2015,sch,mat,Regular,Portsmouth,449,Portsmouth Middle School,22510,0,505 - 510,15,23,28,35,62,38,NULL,505 , 510,507.5,62,31465,22510,507.5,31465,62
2015,sch,mat,Regular,Portsmouth,449,Portsmouth Middle School,22510,6,140 - 145,<10,23,31,37,68,32,2577,140 , 145,0,68,0,22510,0,0,0
2015,sch,mat,Regular,Portsmouth,449,Portsmouth Middle School,22510,7,180 - 185,18,24,24,33,58,42,2581,180 , 185,0,58,0,22510,0,0,0
2015,sch,mat,Regular,Portsmouth,449,Portsmouth Middle School,22510,8,185 - 190,17,20,28,34,62,38,2602,185 , 190,0,62,0,22510,0,0,0
2015,sch,rea,Regular,Portsmouth,449,Portsmouth Middle School,22510,0,505 - 510,10,20,40,29,70,30,NULL,505 , 510,0,70,0,22510,0,0,0
2015,sch,rea,Regular,Portsmouth,449,Portsmouth Middle School,22510,6,140 - 145,<10,16,40,37,77,23,2584,140 , 145,0,77,0,22510,0,0,0
2015,sch,rea,Regular,Portsmouth,449,Portsmouth Middle School,22510,7,180 - 185,13,14,42,31,72,28,2595,180 , 185,0,72,0,22510,0,0,0
2015,sch,rea,Regular,Portsmouth,449,Portsmouth Middle School,22510,8,185 - 190,10,29,39,22,61,39,2597,185 , 190,0,61,0,22510,0,0,0
2015,sch,sci,Regular,Portsmouth,449,Portsmouth Middle School,22510,0,185 - 190,15,53,31,<10,32,68,NULL,185 , 190,0,32,0,22510,0,0,0
2015,sch,sci,Regular,Portsmouth,449,Portsmouth Middle School,22510,8,185 - 190,15,53,31,<10,32,68,NULL,185 , 190,0,32,0,22510,0,0,0
2015,sch,mat,Regular,Profile,450,Profile Junior High School,26990,0,70 - 75,21,34,16,28,45,55,NULL,70 , 75,72.5,45,3262.5,26990,72.5,3262.5,45
2015,sch,mat,Regular,Profile,450,Profile Junior High School,26990,7,25 - 30,18,39,14,29,43,57,2563,25 , 30,0,43,0,26990,0,0,0
2015,sch,mat,Regular,Profile,450,Profile Junior High School,26990,8,45 - 50,22,31,18,28,47,53,2581,45 , 50,0,47,0,26990,0,0,0
2015,sch,rea,Regular,Profile,450,Profile Junior High School,26990,0,70 - 75,<10,26,37,28,66,34,NULL,70 , 75,0,66,0,26990,0,0,0
2015,sch,rea,Regular,Profile,450,Profile Junior High School,26990,7,25 - 30,<10,18,39,36,75,25,2609,25 , 30,0,75,0,26990,0,0,0
2015,sch,rea,Regular,Profile,450,Profile Junior High School,26990,8,45 - 50,<10,31,36,24,60,40,2600,45 , 50,0,60,0,26990,0,0,0
2015,sch,sci,Regular,Profile,450,Profile Junior High School,26990,0,45 - 50,17,54,28,<10,28,72,NULL,45 , 50,0,28,0,26990,0,0,0
2015,sch,sci,Regular,Profile,450,Profile Junior High School,26990,8,45 - 50,17,54,28,<10,28,72,NULL,45 , 50,0,28,0,26990,0,0,0
2015,sch,mat,Regular,Profile,450,Profile Senior High School,21395,0,45 - 50,28,26,24,22,46,54,NULL,45 , 50,47.5,46,2185,21395,47.5,2185,46
2015,sch,mat,Regular,Profile,450,Profile Senior High School,21395,11,45 - 50,28,26,24,22,46,54,2606,45 , 50,0,46,0,21395,0,0,0
2015,sch,rea,Regular,Profile,450,Profile Senior High School,21395,0,45 - 50,17,13,39,30,70,30,NULL,45 , 50,0,70,0,21395,0,0,0
2015,sch,rea,Regular,Profile,450,Profile Senior High School,21395,11,45 - 50,17,13,39,30,70,30,2614,45 , 50,0,70,0,21395,0,0,0
2015,sch,sci,Regular,Profile,450,Profile Senior High School,21395,0,40 - 45,14,34,43,<10,52,48,NULL,40 , 45,0,52,0,21395,0,0,0
2015,sch,sci,Regular,Profile,450,Profile Senior High School,21395,11,40 - 45,14,34,43,<10,52,48,NULL,40 , 45,0,52,0,21395,0,0,0
2015,sch,mat,Regular,Prospect Mountain JMA,970,Prospect Mountain High School,28215,0,85 - 90,38,18,25,18,44,56,NULL,85 , 90,87.5,44,3850,28215,87.5,3850,44
2015,sch,mat,Regular,Prospect Mountain JMA,970,Prospect Mountain High School,28215,11,85 - 90,38,18,25,18,44,56,2594,85 , 90,0,44,0,28215,0,0,0
2015,sch,rea,Regular,Prospect Mountain JMA,970,Prospect Mountain High School,28215,0,90 - 95,22,15,41,21,63,37,NULL,90 , 95,0,63,0,28215,0,0,0
2015,sch,rea,Regular,Prospect Mountain JMA,970,Prospect Mountain High School,28215,11,90 - 95,22,15,41,21,63,37,2596,90 , 95,0,63,0,28215,0,0,0
2015,sch,sci,Regular,Prospect Mountain JMA,970,Prospect Mountain High School,28215,0,105 - 110,26,40,34,<10,34,66,NULL,105 , 110,0,34,0,28215,0,0,0
2015,sch,sci,Regular,Prospect Mountain JMA,970,Prospect Mountain High School,28215,11,105 - 110,26,40,34,<10,34,66,NULL,105 , 110,0,34,0,28215,0,0,0
2015,sch,mat,Regular,Raymond,453,Iber Holmes Gove Middle School,26525,0,400 - 405,23,35,28,14,42,58,NULL,400 , 405,402.5,42,16905,26525,402.5,16905,42
2015,sch,mat,Regular,Raymond,453,Iber Holmes Gove Middle School,26525,5,115 - 120,25,41,27,<10,34,66,2496,115 , 120,0,34,0,26525,0,0,0
2015,sch,mat,Regular,Raymond,453,Iber Holmes Gove Middle School,26525,6,90 - 95,20,31,35,13,48,52,2535,90 , 95,0,48,0,26525,0,0,0
2015,sch,mat,Regular,Raymond,453,Iber Holmes Gove Middle School,26525,7,90 - 95,20,32,34,14,48,52,2553,90 , 95,0,48,0,26525,0,0,0
2015,sch,mat,Regular,Raymond,453,Iber Holmes Gove Middle School,26525,8,95 - 100,25,36,15,23,38,62,2569,95 , 100,0,38,0,26525,0,0,0
2015,sch,rea,Regular,Raymond,453,Iber Holmes Gove Middle School,26525,0,405 - 410,12,30,44,14,57,43,NULL,405 , 410,0,57,0,26525,0,0,0
2015,sch,rea,Regular,Raymond,453,Iber Holmes Gove Middle School,26525,5,115 - 120,15,24,44,17,61,39,2518,115 , 120,0,61,0,26525,0,0,0
2015,sch,rea,Regular,Raymond,453,Iber Holmes Gove Middle School,26525,6,90 - 95,10,29,49,13,62,38,2540,90 , 95,0,62,0,26525,0,0,0
2015,sch,rea,Regular,Raymond,453,Iber Holmes Gove Middle School,26525,7,95 - 100,12,35,46,<10,54,46,2558,95 , 100,0,54,0,26525,0,0,0
2015,sch,rea,Regular,Raymond,453,Iber Holmes Gove Middle School,26525,8,100 - 105,12,35,37,16,53,47,2571,100 , 105,0,53,0,26525,0,0,0
2015,sch,sci,Regular,Raymond,453,Iber Holmes Gove Middle School,26525,0,100 - 105,11,63,23,<10,26,74,NULL,100 , 105,0,26,0,26525,0,0,0
2015,sch,sci,Regular,Raymond,453,Iber Holmes Gove Middle School,26525,8,100 - 105,11,63,23,<10,26,74,NULL,100 , 105,0,26,0,26525,0,0,0
2015,sch,mat,Regular,Raymond,453,Lamprey River Elementary School,21385,0,185 - 190,22,35,33,11,44,56,NULL,185 , 190,187.5,44,8250,21385,187.5,8250,44
2015,sch,mat,Regular,Raymond,453,Lamprey River Elementary School,21385,3,100 - 105,27,29,35,<10,44,56,2422,100 , 105,0,44,0,21385,0,0,0
2015,sch,mat,Regular,Raymond,453,Lamprey River Elementary School,21385,4,80 - 85,15,41,30,13,44,56,2476,80 , 85,0,44,0,21385,0,0,0
2015,sch,rea,Regular,Raymond,453,Lamprey River Elementary School,21385,0,185 - 190,21,25,25,29,54,46,NULL,185 , 190,0,54,0,21385,0,0,0
2015,sch,rea,Regular,Raymond,453,Lamprey River Elementary School,21385,3,100 - 105,17,28,25,29,54,46,2440,100 , 105,0,54,0,21385,0,0,0
2015,sch,rea,Regular,Raymond,453,Lamprey River Elementary School,21385,4,80 - 85,24,22,26,28,54,46,2483,80 , 85,0,54,0,21385,0,0,0
2015,sch,sci,Regular,Raymond,453,Lamprey River Elementary School,21385,0,80 - 85,10,34,55,<10,56,44,NULL,80 , 85,0,56,0,21385,0,0,0
2015,sch,sci,Regular,Raymond,453,Lamprey River Elementary School,21385,4,80 - 85,10,34,55,<10,56,44,NULL,80 , 85,0,56,0,21385,0,0,0
2015,sch,mat,Regular,Raymond,453,Raymond High School,21390,0,75 - 80,51,23,17,<10,26,74,NULL,75 , 80,77.5,26,2015,21390,77.5,2015,26
2015,sch,mat,Regular,Raymond,453,Raymond High School,21390,11,75 - 80,51,23,17,<10,26,74,2556,75 , 80,0,26,0,21390,0,0,0
2015,sch,rea,Regular,Raymond,453,Raymond High School,21390,0,75 - 80,24,33,27,15,42,58,NULL,75 , 80,0,42,0,21390,0,0,0
2015,sch,rea,Regular,Raymond,453,Raymond High School,21390,11,75 - 80,24,33,27,15,42,58,2569,75 , 80,0,42,0,21390,0,0,0
2015,sch,sci,Regular,Raymond,453,Raymond High School,21390,0,95 - 100,31,47,22,<10,22,78,NULL,95 , 100,0,22,0,21390,0,0,0
2015,sch,sci,Regular,Raymond,453,Raymond High School,21390,11,95 - 100,31,47,22,<10,22,78,NULL,95 , 100,0,22,0,21390,0,0,0
2015,sch,mat,Regular,Robert Frost Charter School,737,Robert Frost Charter School,29070,0,35 - 40,38,31,21,10,31,69,NULL,35 , 40,37.5,31,1162.5,29070,37.5,1162.5,31
2015,sch,mat,Regular,Robert Frost Charter School,737,Robert Frost Charter School,29070,3,10 - 15,54,23,15,<10,23,77,2379,10 , 15,0,23,0,29070,0,0,0
2015,sch,mat,Regular,Robert Frost Charter School,737,Robert Frost Charter School,29070,4,10 - 15,23,38,23,15,38,62,2465,10 , 15,0,38,0,29070,0,0,0
2015,sch,mat,Regular,Robert Frost Charter School,737,Robert Frost Charter School,29070,5, 0 - 10,* n < 11,* n < 11,* n < 11,* n < 11,* n < 11,* n < 11,* n < 11, 0 , 10,0,* n < 11,0,29070,0,0,0
2015,sch,mat,Regular,Robert Frost Charter School,737,Robert Frost Charter School,29070,6, 0 - 10,* n < 11,* n < 11,* n < 11,* n < 11,* n < 11,* n < 11,* n < 11, 0 , 10,0,* n < 11,0,29070,0,0,0
2015,sch,rea,Regular,Robert Frost Charter School,737,Robert Frost Charter School,29070,0,40 - 45,27,15,34,24,59,41,NULL,40 , 45,0,59,0,29070,0,0,0
2015,sch,rea,Regular,Robert Frost Charter School,737,Robert Frost Charter School,29070,3,10 - 15,31,38,15,15,31,69,2408,10 , 15,0,31,0,29070,0,0,0
2015,sch,rea,Regular,Robert Frost Charter School,737,Robert Frost Charter School,29070,4,10 - 15,23,<10,46,31,77,23,2504,10 , 15,0,77,0,29070,0,0,0
2015,sch,rea,Regular,Robert Frost Charter School,737,Robert Frost Charter School,29070,5,10 - 15,18,<10,45,27,73,27,2528,10 , 15,0,73,0,29070,0,0,0
2015,sch,rea,Regular,Robert Frost Charter School,737,Robert Frost Charter School,29070,6, 0 - 10,* n < 11,* n < 11,* n < 11,* n < 11,* n < 11,* n < 11,* n < 11, 0 , 10,0,* n < 11,0,29070,0,0,0
2015,sch,sci,Regular,Robert Frost Charter School,737,Robert Frost Charter School,29070,0,10 - 15,<10,29,64,<10,64,36,NULL,10 , 15,0,64,0,29070,0,0,0
2015,sch,sci,Regular,Robert Frost Charter School,737,Robert Frost Charter School,29070,4,10 - 15,<10,29,64,<10,64,36,NULL,10 , 15,0,64,0,29070,0,0,0
2015,sch,mat,Regular,Rochester,461,Chamberlain Street School,22695,0,190 - 195,25,33,29,13,42,58,NULL,190 , 195,192.5,42,8085,22695,192.5,8085,42
2015,sch,mat,Regular,Rochester,461,Chamberlain Street School,22695,3,65 - 70,11,40,31,18,49,51,NULL,65 , 70,0,49,0,22695,0,0,0
2015,sch,mat,Regular,Rochester,461,Chamberlain Street School,22695,4,50 - 55,20,31,33,15,48,52,2482,50 , 55,0,48,0,22695,0,0,0
2015,sch,mat,Regular,Rochester,461,Chamberlain Street School,22695,5,70 - 75,42,27,24,<10,31,69,NULL,70 , 75,0,31,0,22695,0,0,0
2015,sch,rea,Regular,Rochester,461,Chamberlain Street School,22695,0,185 - 190,16,41,26,16,43,57,NULL,185 , 190,0,43,0,22695,0,0,0
2015,sch,rea,Regular,Rochester,461,Chamberlain Street School,22695,3,65 - 70,17,38,28,17,45,55,2426,65 , 70,0,45,0,22695,0,0,0
2015,sch,rea,Regular,Rochester,461,Chamberlain Street School,22695,4,50 - 55,12,44,31,13,44,56,NULL,50 , 55,0,44,0,22695,0,0,0
2015,sch,rea,Regular,Rochester,461,Chamberlain Street School,22695,5,70 - 75,18,42,21,18,39,61,NULL,70 , 75,0,39,0,22695,0,0,0
2015,sch,sci,Regular,Rochester,461,Chamberlain Street School,22695,0,50 - 55,<10,30,<10,61,61,39,NULL,50 , 55,0,61,0,22695,0,0,0
2015,sch,sci,Regular,Rochester,461,Chamberlain Street School,22695,4,50 - 55,<10,30,<10,61,61,39,NULL,50 , 55,0,61,0,22695,0,0,0
2015,sch,mat,Regular,Rochester,461,East Rochester School,22650,0,115 - 120,17,47,31,<10,36,64,NULL,115 , 120,117.5,36,4230,22650,117.5,4230,36
2015,sch,mat,Regular,Rochester,461,East Rochester School,22650,3,35 - 40,<10,49,49,<10,49,51,NULL,35 , 40,0,49,0,22650,0,0,0
2015,sch,mat,Regular,Rochester,461,East Rochester School,22650,4,35 - 40,19,53,22,<10,28,72,2453,35 , 40,0,28,0,22650,0,0,0
2015,sch,mat,Regular,Rochester,461,East Rochester School,22650,5,40 - 45,27,41,23,<10,32,68,NULL,40 , 45,0,32,0,22650,0,0,0
2015,sch,rea,Regular,Rochester,461,East Rochester School,22650,0,115 - 120,18,43,24,15,39,61,NULL,115 , 120,0,39,0,22650,0,0,0
2015,sch,rea,Regular,Rochester,461,East Rochester School,22650,3,35 - 40,18,18,39,24,63,37,2438,35 , 40,0,63,0,22650,0,0,0
2015,sch,rea,Regular,Rochester,461,East Rochester School,22650,4,35 - 40,11,76,14,<10,14,86,NULL,35 , 40,0,14,0,22650,0,0,0
2015,sch,rea,Regular,Rochester,461,East Rochester School,22650,5,40 - 45,25,36,18,20,39,61,NULL,40 , 45,0,39,0,22650,0,0,0
2015,sch,sci,Regular,Rochester,461,East Rochester School,22650,0,35 - 40,<10,81,<10,16,16,84,NULL,35 , 40,0,16,0,22650,0,0,0
2015,sch,sci,Regular,Rochester,461,East Rochester School,22650,4,35 - 40,<10,81,<10,16,16,84,NULL,35 , 40,0,16,0,22650,0,0,0
2015,sch,mat,Regular,Rochester,461,Gonic School,22725,0,110 - 115,12,54,23,12,35,65,NULL,110 , 115,112.5,35,3937.5,22725,112.5,3937.5,35
2015,sch,mat,Regular,Rochester,461,Gonic School,22725,3,40 - 45,<10,83,10,<10,18,83,NULL,40 , 45,0,18,0,22725,0,0,0
2015,sch,mat,Regular,Rochester,461,Gonic School,22725,4,35 - 40,19,47,22,11,33,67,2465,35 , 40,0,33,0,22725,0,0,0
2015,sch,mat,Regular,Rochester,461,Gonic School,22725,5,30 - 35,18,26,38,18,56,44,NULL,30 , 35,0,56,0,22725,0,0,0
2015,sch,rea,Regular,Rochester,461,Gonic School,22725,0,105 - 110,16,42,25,17,42,58,NULL,105 , 110,0,42,0,22725,0,0,0
2015,sch,rea,Regular,Rochester,461,Gonic School,22725,3,35 - 40,26,37,17,20,37,63,2419,35 , 40,0,37,0,22725,0,0,0
2015,sch,rea,Regular,Rochester,461,Gonic School,22725,4,35 - 40,<10,50,31,14,44,56,NULL,35 , 40,0,44,0,22725,0,0,0
2015,sch,rea,Regular,Rochester,461,Gonic School,22725,5,30 - 35,18,38,26,18,44,56,NULL,30 , 35,0,44,0,22725,0,0,0
2015,sch,sci,Regular,Rochester,461,Gonic School,22725,0,35 - 40,<10,42,<10,58,58,42,NULL,35 , 40,0,58,0,22725,0,0,0
2015,sch,sci,Regular,Rochester,461,Gonic School,22725,4,35 - 40,<10,42,<10,58,58,42,NULL,35 , 40,0,58,0,22725,0,0,0
2015,sch,mat,Regular,Rochester,461,Maple Street Magnet School,29080,0,50 - 55,<10,52,29,12,40,60,NULL,50 , 55,52.5,40,2100,29080,52.5,2100,40
2015,sch,mat,Regular,Rochester,461,Maple Street Magnet School,29080,3,15 - 20,<10,72,22,<10,22,78,NULL,15 , 20,0,22,0,29080,0,0,0
2015,sch,mat,Regular,Rochester,461,Maple Street Magnet School,29080,4,20 - 25,15,40,25,20,45,55,2493,20 , 25,0,45,0,29080,0,0,0
2015,sch,mat,Regular,Rochester,461,Maple Street Magnet School,29080,5,10 - 15,<10,43,43,14,57,43,NULL,10 , 15,0,57,0,29080,0,0,0
2015,sch,rea,Regular,Rochester,461,Maple Street Magnet School,29080,0,50 - 55,<10,50,27,23,50,50,NULL,50 , 55,0,50,0,29080,0,0,0
2015,sch,rea,Regular,Rochester,461,Maple Street Magnet School,29080,3,15 - 20,<10,39,39,22,61,39,2456,15 , 20,0,61,0,29080,0,0,0
2015,sch,rea,Regular,Rochester,461,Maple Street Magnet School,29080,4,20 - 25,<10,55,15,30,45,55,NULL,20 , 25,0,45,0,29080,0,0,0
2015,sch,rea,Regular,Rochester,461,Maple Street Magnet School,29080,5,10 - 15,<10,57,29,14,43,57,NULL,10 , 15,0,43,0,29080,0,0,0
2015,sch,sci,Regular,Rochester,461,Maple Street Magnet School,29080,0,20 - 25,<10,35,<10,65,65,35,NULL,20 , 25,0,65,0,29080,0,0,0
2015,sch,sci,Regular,Rochester,461,Maple Street Magnet School,29080,4,20 - 25,<10,35,<10,65,65,35,NULL,20 , 25,0,65,0,29080,0,0,0
2015,sch,mat,Regular,Rochester,461,McClelland School,22665,0,170 - 175,17,44,29,<10,39,61,NULL,170 , 175,172.5,39,6727.5,22665,172.5,6727.5,39
2015,sch,mat,Regular,Rochester,461,McClelland School,22665,3,60 - 65,16,61,22,<10,23,77,NULL,60 , 65,0,23,0,22665,0,0,0
2015,sch,mat,Regular,Rochester,461,McClelland School,22665,4,50 - 55,18,40,32,10,42,58,2469,50 , 55,0,42,0,22665,0,0,0
2015,sch,mat,Regular,Rochester,461,McClelland School,22665,5,55 - 60,18,30,35,18,53,47,NULL,55 , 60,0,53,0,22665,0,0,0
2015,sch,rea,Regular,Rochester,461,McClelland School,22665,0,165 - 170,13,29,35,24,59,41,NULL,165 , 170,0,59,0,22665,0,0,0
2015,sch,rea,Regular,Rochester,461,McClelland School,22665,3,55 - 60,19,29,34,19,53,47,2425,55 , 60,0,53,0,22665,0,0,0
2015,sch,rea,Regular,Rochester,461,McClelland School,22665,4,50 - 55,<10,23,29,40,69,31,NULL,50 , 55,0,69,0,22665,0,0,0
2015,sch,rea,Regular,Rochester,461,McClelland School,22665,5,55 - 60,11,33,42,14,56,44,NULL,55 , 60,0,56,0,22665,0,0,0
2015,sch,sci,Regular,Rochester,461,McClelland School,22665,0,50 - 55,<10,35,<10,61,61,39,NULL,50 , 55,0,61,0,22665,0,0,0
2015,sch,sci,Regular,Rochester,461,McClelland School,22665,4,50 - 55,<10,35,<10,61,61,39,NULL,50 , 55,0,61,0,22665,0,0,0
2015,sch,mat,Regular,Rochester,461,Nancy Loud School,22660,0,25 - 30,<10,36,32,25,57,43,NULL,25 , 30,27.5,57,1567.5,0,0,0,0
2015,sch,mat,Regular,Rochester,461,Nancy Loud School,22660,3,15 - 20,<10,13,47,40,87,13,NULL,15 , 20,0,87,0,0,0,0,0
2015,sch,mat,Regular,Rochester,461,Nancy Loud School,22660,4,10 - 15,15,62,15,<10,23,77,2465,10 , 15,0,23,0,0,0,0,0
2015,sch,rea,Regular,Rochester,461,Nancy Loud School,22660,0,25 - 30,<10,22,44,26,70,30,NULL,25 , 30,0,70,0,0,0,0,0
2015,sch,rea,Regular,Rochester,461,Nancy Loud School,22660,3,10 - 15,14,<10,50,36,86,14,2475,10 , 15,0,86,0,0,0,0,0
2015,sch,rea,Regular,Rochester,461,Nancy Loud School,22660,4,10 - 15,<10,46,38,15,54,46,NULL,10 , 15,0,54,0,0,0,0,0
2015,sch,sci,Regular,Rochester,461,Nancy Loud School,22660,0,10 - 15,<10,<10,<10,85,>90,<10,NULL,10 , 15,0,90,0,0,0,0,0
2015,sch,sci,Regular,Rochester,461,Nancy Loud School,22660,4,10 - 15,<10,<10,<10,85,>90,<10,NULL,10 , 15,0,90,0,0,0,0,0
2015,sch,mat,Regular,Rochester,461,Rochester Middle School,22705,0,870 - 875,19,42,21,17,38,62,NULL,870 , 875,872.5,38,33155,22705,872.5,33155,38
2015,sch,mat,Regular,Rochester,461,Rochester Middle School,22705,6,275 - 280,<10,45,14,34,48,52,NULL,275 , 280,0,48,0,22705,0,0,0
2015,sch,mat,Regular,Rochester,461,Rochester Middle School,22705,7,290 - 295,<10,54,30,10,40,60,NULL,290 , 295,0,40,0,22705,0,0,0
2015,sch,mat,Regular,Rochester,461,Rochester Middle School,22705,8,300 - 305,42,29,18,10,28,72,2524,300 , 305,0,28,0,22705,0,0,0
2015,sch,rea,Regular,Rochester,461,Rochester Middle School,22705,0,870 - 875,10,44,34,12,46,54,NULL,870 , 875,0,46,0,22705,0,0,0
2015,sch,rea,Regular,Rochester,461,Rochester Middle School,22705,6,275 - 280,<10,56,25,15,40,60,NULL,275 , 280,0,40,0,22705,0,0,0
2015,sch,rea,Regular,Rochester,461,Rochester Middle School,22705,7,290 - 295,<10,45,39,11,50,50,NULL,290 , 295,0,50,0,22705,0,0,0
2015,sch,rea,Regular,Rochester,461,Rochester Middle School,22705,8,300 - 305,21,31,38,11,49,51,2561,300 , 305,0,49,0,22705,0,0,0
2015,sch,sci,Regular,Rochester,461,Rochester Middle School,22705,0,315 - 320,15,58,15,12,27,73,NULL,315 , 320,0,27,0,22705,0,0,0
2015,sch,sci,Regular,Rochester,461,Rochester Middle School,22705,8,315 - 320,15,58,15,12,27,73,NULL,315 , 320,0,27,0,22705,0,0,0
2015,sch,mat,Regular,Rochester,461,School Street School,22720,0,25 - 30,14,62,<10,17,24,76,NULL,25 , 30,27.5,24,660,22720,27.5,660,24
2015,sch,mat,Regular,Rochester,461,School Street School,22720,3,10 - 15,15,85,<10,<10,<10,>90,NULL,10 , 15,0,10,0,22720,0,0,0
2015,sch,mat,Regular,Rochester,461,School Street School,22720,4,15 - 20,13,44,13,31,44,56,2468,15 , 20,0,44,0,22720,0,0,0
2015,sch,rea,Regular,Rochester,461,School Street School,22720,0,25 - 30,24,41,14,21,34,66,NULL,25 , 30,0,34,0,22720,0,0,0
2015,sch,rea,Regular,Rochester,461,School Street School,22720,3,10 - 15,31,38,15,15,31,69,2402,10 , 15,0,31,0,22720,0,0,0
2015,sch,rea,Regular,Rochester,461,School Street School,22720,4,15 - 20,19,44,13,25,38,63,NULL,15 , 20,0,38,0,22720,0,0,0
2015,sch,sci,Regular,Rochester,461,School Street School,22720,0,15 - 20,<10,50,<10,44,44,56,NULL,15 , 20,0,44,0,22720,0,0,0
2015,sch,sci,Regular,Rochester,461,School Street School,22720,4,15 - 20,<10,50,<10,44,44,56,NULL,15 , 20,0,44,0,22720,0,0,0
2015,sch,mat,Regular,Rochester,461,Spaulding High School,22700,0,275 - 280,54,20,19,<10,27,73,NULL,275 , 280,277.5,27,7492.5,22700,277.5,7492.5,27
2015,sch,mat,Regular,Rochester,461,Spaulding High School,22700,11,275 - 280,54,20,19,<10,27,73,2538,275 , 280,0,27,0,22700,0,0,0
2015,sch,rea,Regular,Rochester,461,Spaulding High School,22700,0,285 - 290,38,25,24,13,37,63,NULL,285 , 290,0,37,0,22700,0,0,0
2015,sch,rea,Regular,Rochester,461,Spaulding High School,22700,11,285 - 290,38,25,24,13,37,63,2543,285 , 290,0,37,0,22700,0,0,0
2015,sch,sci,Regular,Rochester,461,Spaulding High School,22700,0, 0 - 10,* n < 11,* n < 11,* n < 11,* n < 11,* n < 11,* n < 11,* n < 11, 0 , 10,0,* n < 11,0,22700,0,0,0
2015,sch,sci,Regular,Rochester,461,Spaulding High School,22700,11, 0 - 10,* n < 11,* n < 11,* n < 11,* n < 11,* n < 11,* n < 11,* n < 11, 0 , 10,0,* n < 11,0,22700,0,0,0
2015,sch,mat,Regular,Rochester,461,William Allen School,22690,0,170 - 175,<10,42,34,16,50,50,NULL,170 , 175,172.5,50,8625,22690,172.5,8625,50
2015,sch,mat,Regular,Rochester,461,William Allen School,22690,3,60 - 65,<10,46,35,16,51,49,NULL,60 , 65,0,51,0,22690,0,0,0
2015,sch,mat,Regular,Rochester,461,William Allen School,22690,4,55 - 60,16,44,30,11,40,60,2472,55 , 60,0,40,0,22690,0,0,0
2015,sch,mat,Regular,Rochester,461,William Allen School,22690,5,50 - 55,<10,33,37,24,61,39,NULL,50 , 55,0,61,0,22690,0,0,0
2015,sch,rea,Regular,Rochester,461,William Allen School,22690,0,170 - 175,13,37,29,21,50,50,NULL,170 , 175,0,50,0,22690,0,0,0
2015,sch,rea,Regular,Rochester,461,William Allen School,22690,3,60 - 65,<10,31,30,31,61,39,2449,60 , 65,0,61,0,22690,0,0,0
2015,sch,rea,Regular,Rochester,461,William Allen School,22690,4,55 - 60,18,46,32,<10,37,63,NULL,55 , 60,0,37,0,22690,0,0,0
2015,sch,rea,Regular,Rochester,461,William Allen School,22690,5,50 - 55,16,33,25,25,51,49,NULL,50 , 55,0,51,0,22690,0,0,0
2015,sch,sci,Regular,Rochester,461,William Allen School,22690,0,55 - 60,<10,59,<10,34,34,66,NULL,55 , 60,0,34,0,22690,0,0,0
2015,sch,sci,Regular,Rochester,461,William Allen School,22690,4,55 - 60,<10,59,<10,34,34,66,NULL,55 , 60,0,34,0,22690,0,0,0
2015,sch,mat,Regular,Rollinsford,463,Rollinsford Grade School,22810,0,85 - 90,17,52,26,<10,31,69,NULL,85 , 90,87.5,31,2712.5,22810,87.5,2712.5,31
2015,sch,mat,Regular,Rollinsford,463,Rollinsford Grade School,22810,3,25 - 30,21,39,29,11,39,61,2419,25 , 30,0,39,0,22810,0,0,0
2015,sch,mat,Regular,Rollinsford,463,Rollinsford Grade School,22810,4,20 - 25,15,55,30,<10,30,70,2464,20 , 25,0,30,0,22810,0,0,0
2015,sch,mat,Regular,Rollinsford,463,Rollinsford Grade School,22810,5,20 - 25,20,55,20,<10,25,75,2487,20 , 25,0,25,0,22810,0,0,0
2015,sch,mat,Regular,Rollinsford,463,Rollinsford Grade School,22810,6,15 - 20,11,63,26,<10,26,74,2514,15 , 20,0,26,0,22810,0,0,0
2015,sch,rea,Regular,Rollinsford,463,Rollinsford Grade School,22810,0,85 - 90,23,35,26,16,42,58,NULL,85 , 90,0,42,0,22810,0,0,0
2015,sch,rea,Regular,Rollinsford,463,Rollinsford Grade School,22810,3,25 - 30,16,44,28,12,40,60,2422,25 , 30,0,40,0,22810,0,0,0
2015,sch,rea,Regular,Rollinsford,463,Rollinsford Grade School,22810,4,20 - 25,20,35,15,30,45,55,2467,20 , 25,0,45,0,22810,0,0,0
2015,sch,rea,Regular,Rollinsford,463,Rollinsford Grade School,22810,5,20 - 25,29,29,19,24,43,57,2502,20 , 25,0,43,0,22810,0,0,0
2015,sch,rea,Regular,Rollinsford,463,Rollinsford Grade School,22810,6,20 - 25,27,32,41,<10,41,59,2505,20 , 25,0,41,0,22810,0,0,0
2015,sch,sci,Regular,Rollinsford,463,Rollinsford Grade School,22810,0,20 - 25,<10,50,45,<10,45,55,NULL,20 , 25,0,45,0,22810,0,0,0
2015,sch,sci,Regular,Rollinsford,463,Rollinsford Grade School,22810,4,20 - 25,<10,50,45,<10,45,55,NULL,20 , 25,0,45,0,22810,0,0,0
2015,sch,mat,Regular,Rumney,467,Russell Elementary School,22375,0,65 - 70,13,37,34,16,50,50,NULL,65 , 70,67.5,50,3375,22375,67.5,3375,50
2015,sch,mat,Regular,Rumney,467,Russell Elementary School,22375,3,10 - 15,<10,14,64,21,86,14,2478,10 , 15,0,86,0,22375,0,0,0
2015,sch,mat,Regular,Rumney,467,Russell Elementary School,22375,4,10 - 15,29,36,36,<10,36,64,2451,10 , 15,0,36,0,22375,0,0,0
2015,sch,mat,Regular,Rumney,467,Russell Elementary School,22375,5, 0 - 10,* n < 11,* n < 11,* n < 11,* n < 11,* n < 11,* n < 11,* n < 11, 0 , 10,0,* n < 11,0,22375,0,0,0
2015,sch,mat,Regular,Rumney,467,Russell Elementary School,22375,6,10 - 15,<10,42,25,25,50,50,2570,10 , 15,0,50,0,22375,0,0,0
2015,sch,mat,Regular,Rumney,467,Russell Elementary School,22375,7, 0 - 10,* n < 11,* n < 11,* n < 11,* n < 11,* n < 11,* n < 11,* n < 11, 0 , 10,0,* n < 11,0,22375,0,0,0
2015,sch,mat,Regular,Rumney,467,Russell Elementary School,22375,8,15 - 20,20,53,20,<10,27,73,2552,15 , 20,0,27,0,22375,0,0,0
2015,sch,rea,Regular,Rumney,467,Russell Elementary School,22375,0,65 - 70,<10,30,37,30,67,33,NULL,65 , 70,0,67,0,22375,0,0,0
2015,sch,rea,Regular,Rumney,467,Russell Elementary School,22375,3,10 - 15,<10,15,54,23,77,23,2468,10 , 15,0,77,0,22375,0,0,0
2015,sch,rea,Regular,Rumney,467,Russell Elementary School,22375,4,15 - 20,<10,20,33,47,80,20,2522,15 , 20,0,80,0,22375,0,0,0
2015,sch,rea,Regular,Rumney,467,Russell Elementary School,22375,5, 0 - 10,* n < 11,* n < 11,* n < 11,* n < 11,* n < 11,* n < 11,* n < 11, 0 , 10,0,* n < 11,0,22375,0,0,0
2015,sch,rea,Regular,Rumney,467,Russell Elementary School,22375,6,10 - 15,<10,17,50,25,75,25,2567,10 , 15,0,75,0,22375,0,0,0
2015,sch,rea,Regular,Rumney,467,Russell Elementary School,22375,7, 0 - 10,* n < 11,* n < 11,* n < 11,* n < 11,* n < 11,* n < 11,* n < 11, 0 , 10,0,* n < 11,0,22375,0,0,0
2015,sch,rea,Regular,Rumney,467,Russell Elementary School,22375,8,10 - 15,<10,43,36,21,57,43,2593,10 , 15,0,57,0,22375,0,0,0
2015,sch,sci,Regular,Rumney,467,Russell Elementary School,22375,0,30 - 35,<10,53,40,<10,40,60,NULL,30 , 35,0,40,0,22375,0,0,0
2015,sch,sci,Regular,Rumney,467,Russell Elementary School,22375,4,15 - 20,<10,47,53,<10,53,47,NULL,15 , 20,0,53,0,22375,0,0,0
2015,sch,sci,Regular,Rumney,467,Russell Elementary School,22375,8,15 - 20,13,60,27,<10,27,73,NULL,15 , 20,0,27,0,22375,0,0,0
2015,sch,mat,Regular,Rye,471,Rye Elementary School,22475,0,155 - 160,<10,23,39,32,71,29,NULL,155 , 160,157.5,71,11182.5,22475,157.5,11182.5,71
2015,sch,mat,Regular,Rye,471,Rye Elementary School,22475,3,50 - 55,<10,14,46,34,80,20,2480,50 , 55,0,80,0,22475,0,0,0
2015,sch,mat,Regular,Rye,471,Rye Elementary School,22475,4,50 - 55,12,37,39,12,51,49,2484,50 , 55,0,51,0,22475,0,0,0
2015,sch,mat,Regular,Rye,471,Rye Elementary School,22475,5,55 - 60,<10,17,33,48,81,19,2576,55 , 60,0,81,0,22475,0,0,0
2015,sch,rea,Regular,Rye,471,Rye Elementary School,22475,0,155 - 160,<10,14,30,48,79,21,NULL,155 , 160,0,79,0,22475,0,0,0
2015,sch,rea,Regular,Rye,471,Rye Elementary School,22475,3,50 - 55,10,16,32,42,74,26,2476,50 , 55,0,74,0,22475,0,0,0
2015,sch,rea,Regular,Rye,471,Rye Elementary School,22475,4,50 - 55,12,16,27,45,73,27,2512,50 , 55,0,73,0,22475,0,0,0
2015,sch,rea,Regular,Rye,471,Rye Elementary School,22475,5,55 - 60,<10,12,31,57,88,12,2588,55 , 60,0,88,0,22475,0,0,0
2015,sch,sci,Regular,Rye,471,Rye Elementary School,22475,0,50 - 55,<10,29,65,<10,69,31,NULL,50 , 55,0,69,0,22475,0,0,0
2015,sch,sci,Regular,Rye,471,Rye Elementary School,22475,4,50 - 55,<10,29,65,<10,69,31,NULL,50 , 55,0,69,0,22475,0,0,0
2015,sch,mat,Regular,Rye,471,Rye Junior High School,22470,0,170 - 175,10,24,28,38,66,34,NULL,170 , 175,172.5,66,11385,22470,172.5,11385,66
2015,sch,mat,Regular,Rye,471,Rye Junior High School,22470,6,60 - 65,<10,31,27,35,63,37,2576,60 , 65,0,63,0,22470,0,0,0
2015,sch,mat,Regular,Rye,471,Rye Junior High School,22470,7,55 - 60,<10,20,30,41,71,29,2608,55 , 60,0,71,0,22470,0,0,0
2015,sch,mat,Regular,Rye,471,Rye Junior High School,22470,8,50 - 55,15,19,27,38,65,35,2617,50 , 55,0,65,0,22470,0,0,0
2015,sch,rea,Regular,Rye,471,Rye Junior High School,22470,0,165 - 170,<10,21,43,30,74,26,NULL,165 , 170,0,74,0,22470,0,0,0
2015,sch,rea,Regular,Rye,471,Rye Junior High School,22470,6,60 - 65,<10,23,44,26,70,30,2567,60 , 65,0,70,0,22470,0,0,0
2015,sch,rea,Regular,Rye,471,Rye Junior High School,22470,7,55 - 60,<10,18,40,38,78,22,2610,55 , 60,0,78,0,22470,0,0,0
2015,sch,rea,Regular,Rye,471,Rye Junior High School,22470,8,50 - 55,<10,21,46,27,73,27,2617,50 , 55,0,73,0,22470,0,0,0
2015,sch,sci,Regular,Rye,471,Rye Junior High School,22470,0,50 - 55,13,52,33,<10,35,65,NULL,50 , 55,0,35,0,22470,0,0,0
2015,sch,sci,Regular,Rye,471,Rye Junior High School,22470,8,50 - 55,13,52,33,<10,35,65,NULL,50 , 55,0,35,0,22470,0,0,0
2015,sch,mat,Regular,Salem,473,Dr. L. F. Soule School,22895,0,105 - 110,19,48,24,<10,33,67,NULL,105 , 110,107.5,33,3547.5,22895,107.5,3547.5,33
2015,sch,mat,Regular,Salem,473,Dr. L. F. Soule School,22895,3,25 - 30,25,54,18,<10,21,79,2405,25 , 30,0,21,0,22895,0,0,0
2015,sch,mat,Regular,Salem,473,Dr. L. F. Soule School,22895,4,45 - 50,13,53,21,13,34,66,2472,45 , 50,0,34,0,22895,0,0,0
2015,sch,mat,Regular,Salem,473,Dr. L. F. Soule School,22895,5,30 - 35,23,35,32,10,42,58,2512,30 , 35,0,42,0,22895,0,0,0
2015,sch,rea,Regular,Salem,473,Dr. L. F. Soule School,22895,0,105 - 110,23,25,27,25,53,47,NULL,105 , 110,0,53,0,22895,0,0,0
2015,sch,rea,Regular,Salem,473,Dr. L. F. Soule School,22895,3,25 - 30,39,32,18,11,29,71,2396,25 , 30,0,29,0,22895,0,0,0
2015,sch,rea,Regular,Salem,473,Dr. L. F. Soule School,22895,4,45 - 50,19,21,26,34,60,40,2476,45 , 50,0,60,0,22895,0,0,0
2015,sch,rea,Regular,Salem,473,Dr. L. F. Soule School,22895,5,30 - 35,13,23,39,26,65,35,2533,30 , 35,0,65,0,22895,0,0,0
2015,sch,sci,Regular,Salem,473,Dr. L. F. Soule School,22895,0,45 - 50,13,55,32,<10,32,68,NULL,45 , 50,0,32,0,22895,0,0,0
2015,sch,sci,Regular,Salem,473,Dr. L. F. Soule School,22895,4,45 - 50,13,55,32,<10,32,68,NULL,45 , 50,0,32,0,22895,0,0,0
2015,sch,mat,Regular,Salem,473,Mary A. Fisk Elementary School,22875,0,100 - 105,17,38,26,18,44,56,NULL,100 , 105,102.5,44,4510,22875,102.5,4510,44
2015,sch,mat,Regular,Salem,473,Mary A. Fisk Elementary School,22875,3,40 - 45,13,28,38,23,60,40,2444,40 , 45,0,60,0,22875,0,0,0
2015,sch,mat,Regular,Salem,473,Mary A. Fisk Elementary School,22875,4,20 - 25,33,50,17,<10,17,83,2427,20 , 25,0,17,0,22875,0,0,0
2015,sch,mat,Regular,Salem,473,Mary A. Fisk Elementary School,22875,5,40 - 45,13,43,20,25,45,55,2530,40 , 45,0,45,0,22875,0,0,0
2015,sch,rea,Regular,Salem,473,Mary A. Fisk Elementary School,22875,0,100 - 105,14,28,37,21,58,42,NULL,100 , 105,0,58,0,22875,0,0,0
2015,sch,rea,Regular,Salem,473,Mary A. Fisk Elementary School,22875,3,40 - 45,10,25,38,28,65,35,2450,40 , 45,0,65,0,22875,0,0,0
2015,sch,rea,Regular,Salem,473,Mary A. Fisk Elementary School,22875,4,20 - 25,21,33,38,<10,46,54,2463,20 , 25,0,46,0,22875,0,0,0
2015,sch,rea,Regular,Salem,473,Mary A. Fisk Elementary School,22875,5,40 - 45,15,28,35,23,58,43,2523,40 , 45,0,58,0,22875,0,0,0
2015,sch,sci,Regular,Salem,473,Mary A. Fisk Elementary School,22875,0,20 - 25,17,63,21,<10,21,79,NULL,20 , 25,0,21,0,22875,0,0,0
2015,sch,sci,Regular,Salem,473,Mary A. Fisk Elementary School,22875,4,20 - 25,17,63,21,<10,21,79,NULL,20 , 25,0,21,0,22875,0,0,0
2015,sch,mat,Regular,Salem,473,North Salem Elementary School,22890,0,190 - 195,17,26,32,25,57,43,NULL,190 , 195,192.5,57,10972.5,22890,192.5,10972.5,57
2015,sch,mat,Regular,Salem,473,North Salem Elementary School,22890,3,55 - 60,14,19,40,28,67,33,2459,55 , 60,0,67,0,22890,0,0,0
2015,sch,mat,Regular,Salem,473,North Salem Elementary School,22890,4,55 - 60,<10,24,40,31,71,29,2510,55 , 60,0,71,0,22890,0,0,0
2015,sch,mat,Regular,Salem,473,North Salem Elementary School,22890,5,75 - 80,27,33,22,18,40,60,2505,75 , 80,0,40,0,22890,0,0,0
2015,sch,rea,Regular,Salem,473,North Salem Elementary School,22890,0,190 - 195,12,24,31,33,64,36,NULL,190 , 195,0,64,0,22890,0,0,0
2015,sch,rea,Regular,Salem,473,North Salem Elementary School,22890,3,55 - 60,14,22,29,34,64,36,2460,55 , 60,0,64,0,22890,0,0,0
2015,sch,rea,Regular,Salem,473,North Salem Elementary School,22890,4,50 - 55,17,22,26,35,61,39,2496,50 , 55,0,61,0,22890,0,0,0
2015,sch,rea,Regular,Salem,473,North Salem Elementary School,22890,5,75 - 80,<10,26,36,31,67,33,2535,75 , 80,0,67,0,22890,0,0,0
2015,sch,sci,Regular,Salem,473,North Salem Elementary School,22890,0,55 - 60,<10,47,47,<10,47,53,NULL,55 , 60,0,47,0,22890,0,0,0
2015,sch,sci,Regular,Salem,473,North Salem Elementary School,22890,4,55 - 60,<10,47,47,<10,47,53,NULL,55 , 60,0,47,0,22890,0,0,0
2015,sch,mat,Regular,Salem,473,Salem High School,22880,0,320 - 325,34,32,21,14,35,65,NULL,320 , 325,322.5,35,11287.5,22880,322.5,11287.5,35
2015,sch,mat,Regular,Salem,473,Salem High School,22880,11,320 - 325,34,32,21,14,35,65,2585,320 , 325,0,35,0,22880,0,0,0
2015,sch,rea,Regular,Salem,473,Salem High School,22880,0,315 - 320,13,23,40,24,64,36,NULL,315 , 320,0,64,0,22880,0,0,0
2015,sch,rea,Regular,Salem,473,Salem High School,22880,11,315 - 320,13,23,40,24,64,36,2607,315 , 320,0,64,0,22880,0,0,0
2015,sch,sci,Regular,Salem,473,Salem High School,22880,0,315 - 320,16,51,33,<10,34,66,NULL,315 , 320,0,34,0,22880,0,0,0
2015,sch,sci,Regular,Salem,473,Salem High School,22880,11,315 - 320,16,51,33,<10,34,66,NULL,315 , 320,0,34,0,22880,0,0,0
2015,sch,mat,Regular,Salem,473,Walter F. Haigh School,26555,0,105 - 110,13,27,38,22,59,41,NULL,105 , 110,107.5,59,6342.5,0,0,0,0
2015,sch,mat,Regular,Salem,473,Walter F. Haigh School,26555,3,30 - 35,16,29,42,13,55,45,2439,30 , 35,0,55,0,0,0,0,0
2015,sch,mat,Regular,Salem,473,Walter F. Haigh School,26555,4,30 - 35,<10,26,42,29,71,29,2521,30 , 35,0,71,0,0,0,0,0
2015,sch,mat,Regular,Salem,473,Walter F. Haigh School,26555,5,40 - 45,18,27,32,23,55,45,2523,40 , 45,0,55,0,0,0,0,0
2015,sch,rea,Regular,Salem,473,Walter F. Haigh School,26555,0,105 - 110,<10,25,28,38,66,34,NULL,105 , 110,0,66,0,0,0,0,0
2015,sch,rea,Regular,Salem,473,Walter F. Haigh School,26555,3,30 - 35,10,39,29,23,52,48,2444,30 , 35,0,52,0,0,0,0,0
2015,sch,rea,Regular,Salem,473,Walter F. Haigh School,26555,4,30 - 35,<10,29,16,48,65,35,2523,30 , 35,0,65,0,0,0,0,0
2015,sch,rea,Regular,Salem,473,Walter F. Haigh School,26555,5,40 - 45,<10,14,36,41,77,23,2559,40 , 45,0,77,0,0,0,0,0
2015,sch,sci,Regular,Salem,473,Walter F. Haigh School,26555,0,30 - 35,<10,35,61,<10,61,39,NULL,30 , 35,0,61,0,0,0,0,0
2015,sch,sci,Regular,Salem,473,Walter F. Haigh School,26555,4,30 - 35,<10,35,61,<10,61,39,NULL,30 , 35,0,61,0,0,0,0,0
2015,sch,mat,Regular,Salem,473,William E. Lancaster School,22860,0,145 - 150,<10,26,30,36,66,34,NULL,145 , 150,147.5,66,9735,22860,147.5,9735,66
2015,sch,mat,Regular,Salem,473,William E. Lancaster School,22860,3,45 - 50,<10,19,29,44,73,27,2482,45 , 50,0,73,0,22860,0,0,0
2015,sch,mat,Regular,Salem,473,William E. Lancaster School,22860,4,50 - 55,<10,28,38,30,68,32,2518,50 , 55,0,68,0,22860,0,0,0
2015,sch,mat,Regular,Salem,473,William E. Lancaster School,22860,5,50 - 55,12,29,24,35,59,41,2546,50 , 55,0,59,0,22860,0,0,0
2015,sch,rea,Regular,Salem,473,William E. Lancaster School,22860,0,145 - 150,13,19,28,40,68,32,NULL,145 , 150,0,68,0,22860,0,0,0
2015,sch,rea,Regular,Salem,473,William E. Lancaster School,22860,3,45 - 50,17,27,13,44,56,44,2463,45 , 50,0,56,0,22860,0,0,0
2015,sch,rea,Regular,Salem,473,William E. Lancaster School,22860,4,50 - 55,12,12,38,38,76,24,2508,50 , 55,0,76,0,22860,0,0,0
2015,sch,rea,Regular,Salem,473,William E. Lancaster School,22860,5,50 - 55,10,20,33,37,71,29,2550,50 , 55,0,71,0,22860,0,0,0
2015,sch,sci,Regular,Salem,473,William E. Lancaster School,22860,0,50 - 55,10,38,50,<10,52,48,NULL,50 , 55,0,52,0,22860,0,0,0
2015,sch,sci,Regular,Salem,473,William E. Lancaster School,22860,4,50 - 55,10,38,50,<10,52,48,NULL,50 , 55,0,52,0,22860,0,0,0
2015,sch,mat,Regular,Salem,473,William T. Barron Elementary School,22865,0,135 - 140,10,26,36,27,64,36,NULL,135 , 140,137.5,64,8800,22865,137.5,8800,64
2015,sch,mat,Regular,Salem,473,William T. Barron Elementary School,22865,3,45 - 50,21,23,36,19,55,45,2445,45 , 50,0,55,0,22865,0,0,0
2015,sch,mat,Regular,Salem,473,William T. Barron Elementary School,22865,4,50 - 55,<10,30,44,26,70,30,2519,50 , 55,0,70,0,22865,0,0,0
2015,sch,mat,Regular,Salem,473,William T. Barron Elementary School,22865,5,35 - 40,11,25,25,39,64,36,2539,35 , 40,0,64,0,22865,0,0,0
2015,sch,rea,Regular,Salem,473,William T. Barron Elementary School,22865,0,135 - 140,15,17,34,34,68,32,NULL,135 , 140,0,68,0,22865,0,0,0
2015,sch,rea,Regular,Salem,473,William T. Barron Elementary School,22865,3,45 - 50,19,26,26,30,55,45,2445,45 , 50,0,55,0,22865,0,0,0
2015,sch,rea,Regular,Salem,473,William T. Barron Elementary School,22865,4,50 - 55,13,17,30,41,70,30,2513,50 , 55,0,70,0,22865,0,0,0
2015,sch,rea,Regular,Salem,473,William T. Barron Elementary School,22865,5,35 - 40,14,<10,50,31,81,19,2550,35 , 40,0,81,0,22865,0,0,0
2015,sch,sci,Regular,Salem,473,William T. Barron Elementary School,22865,0,50 - 55,<10,31,63,<10,65,35,NULL,50 , 55,0,65,0,22865,0,0,0
2015,sch,sci,Regular,Salem,473,William T. Barron Elementary School,22865,4,50 - 55,<10,31,63,<10,65,35,NULL,50 , 55,0,65,0,22865,0,0,0
2015,sch,mat,Regular,Salem,473,Woodbury School,22850,0,890 - 895,22,37,24,17,41,59,NULL,890 , 895,892.5,41,36592.5,22850,892.5,36592.5,41
2015,sch,mat,Regular,Salem,473,Woodbury School,22850,6,300 - 305,23,40,23,15,38,62,2526,300 , 305,0,38,0,22850,0,0,0
2015,sch,mat,Regular,Salem,473,Woodbury School,22850,7,290 - 295,20,36,24,20,44,56,2556,290 , 295,0,44,0,22850,0,0,0
2015,sch,mat,Regular,Salem,473,Woodbury School,22850,8,295 - 300,24,35,25,16,41,59,2563,295 , 300,0,41,0,22850,0,0,0
2015,sch,rea,Regular,Salem,473,Woodbury School,22850,0,885 - 890,13,25,46,16,62,38,NULL,885 , 890,0,62,0,22850,0,0,0
2015,sch,rea,Regular,Salem,473,Woodbury School,22850,6,300 - 305,16,30,41,14,54,46,2540,300 , 305,0,54,0,22850,0,0,0
2015,sch,rea,Regular,Salem,473,Woodbury School,22850,7,290 - 295,12,21,49,18,67,33,2579,290 , 295,0,67,0,22850,0,0,0
2015,sch,rea,Regular,Salem,473,Woodbury School,22850,8,290 - 295,12,23,49,16,65,35,2592,290 , 295,0,65,0,22850,0,0,0
2015,sch,sci,Regular,Salem,473,Woodbury School,22850,0,290 - 295,15,57,28,<10,28,72,NULL,290 , 295,0,28,0,22850,0,0,0
2015,sch,sci,Regular,Salem,473,Woodbury School,22850,8,290 - 295,15,57,28,<10,28,72,NULL,290 , 295,0,28,0,22850,0,0,0
2015,sch,mat,Regular,Sanborn Regional,476,Daniel J. Bakie School,20625,0,150 - 155,<10,38,38,18,56,44,NULL,150 , 155,152.5,56,8540,20625,152.5,8540,56
2015,sch,mat,Regular,Sanborn Regional,476,Daniel J. Bakie School,20625,3,45 - 50,<10,39,39,16,55,45,NULL,45 , 50,0,55,0,20625,0,0,0
2015,sch,mat,Regular,Sanborn Regional,476,Daniel J. Bakie School,20625,4,40 - 45,<10,42,33,19,51,49,2485,40 , 45,0,51,0,20625,0,0,0
2015,sch,mat,Regular,Sanborn Regional,476,Daniel J. Bakie School,20625,5,60 - 65,<10,35,42,19,61,39,NULL,60 , 65,0,61,0,20625,0,0,0
2015,sch,rea,Regular,Sanborn Regional,476,Daniel J. Bakie School,20625,0,150 - 155,<10,33,38,25,62,38,NULL,150 , 155,0,62,0,20625,0,0,0
2015,sch,rea,Regular,Sanborn Regional,476,Daniel J. Bakie School,20625,3,45 - 50,<10,41,20,33,53,47,2451,45 , 50,0,53,0,20625,0,0,0
2015,sch,rea,Regular,Sanborn Regional,476,Daniel J. Bakie School,20625,4,40 - 45,<10,26,56,19,74,26,NULL,40 , 45,0,74,0,20625,0,0,0
2015,sch,rea,Regular,Sanborn Regional,476,Daniel J. Bakie School,20625,5,60 - 65,<10,32,39,23,61,39,NULL,60 , 65,0,61,0,20625,0,0,0
2015,sch,sci,Regular,Sanborn Regional,476,Daniel J. Bakie School,20625,0,40 - 45,<10,21,72,<10,79,21,NULL,40 , 45,0,79,0,20625,0,0,0
2015,sch,sci,Regular,Sanborn Regional,476,Daniel J. Bakie School,20625,4,40 - 45,<10,21,72,<10,79,21,NULL,40 , 45,0,79,0,20625,0,0,0
2015,sch,mat,Regular,Sanborn Regional,476,Memorial School,20635,0,170 - 175,<10,26,56,10,66,34,NULL,170 , 175,172.5,66,11385,20635,172.5,11385,66
2015,sch,mat,Regular,Sanborn Regional,476,Memorial School,20635,3,50 - 55,<10,19,81,<10,81,19,NULL,50 , 55,0,81,0,20635,0,0,0
2015,sch,mat,Regular,Sanborn Regional,476,Memorial School,20635,4,50 - 55,22,33,33,11,44,56,2465,50 , 55,0,44,0,20635,0,0,0
2015,sch,mat,Regular,Sanborn Regional,476,Memorial School,20635,5,65 - 70,<10,24,55,17,71,29,NULL,65 , 70,0,71,0,20635,0,0,0
2015,sch,rea,Regular,Sanborn Regional,476,Memorial School,20635,0,170 - 175,<10,39,36,20,56,44,NULL,170 , 175,0,56,0,20635,0,0,0
2015,sch,rea,Regular,Sanborn Regional,476,Memorial School,20635,3,50 - 55,15,23,28,34,62,38,2455,50 , 55,0,62,0,20635,0,0,0
2015,sch,rea,Regular,Sanborn Regional,476,Memorial School,20635,4,50 - 55,<10,63,37,<10,37,63,NULL,50 , 55,0,37,0,20635,0,0,0
2015,sch,rea,Regular,Sanborn Regional,476,Memorial School,20635,5,65 - 70,<10,33,41,26,67,33,NULL,65 , 70,0,67,0,20635,0,0,0
2015,sch,sci,Regular,Sanborn Regional,476,Memorial School,20635,0,50 - 55,<10,76,22,<10,22,78,NULL,50 , 55,0,22,0,20635,0,0,0
2015,sch,sci,Regular,Sanborn Regional,476,Memorial School,20635,4,50 - 55,<10,76,22,<10,22,78,NULL,50 , 55,0,22,0,20635,0,0,0
2015,sch,mat,Regular,Sanborn Regional,476,Sanborn Regional High School,20620,0,180 - 185,30,39,20,10,31,69,NULL,180 , 185,182.5,31,5657.5,20620,182.5,5657.5,31
2015,sch,mat,Regular,Sanborn Regional,476,Sanborn Regional High School,20620,11,180 - 185,30,39,20,10,31,69,2584,180 , 185,0,31,0,20620,0,0,0
2015,sch,rea,Regular,Sanborn Regional,476,Sanborn Regional High School,20620,0,180 - 185,<10,16,43,32,75,25,NULL,180 , 185,0,75,0,20620,0,0,0
2015,sch,rea,Regular,Sanborn Regional,476,Sanborn Regional High School,20620,11,180 - 185,<10,16,43,32,75,25,2630,180 , 185,0,75,0,20620,0,0,0
2015,sch,mat,Regular,Sanborn Regional,476,Sanborn Regional Middle School,20630,0,370 - 375,14,29,45,13,57,43,NULL,370 , 375,372.5,57,21232.5,20630,372.5,21232.5,57
2015,sch,mat,Regular,Sanborn Regional,476,Sanborn Regional Middle School,20630,6,120 - 125,<10,27,58,15,73,27,NULL,120 , 125,0,73,0,20630,0,0,0
2015,sch,mat,Regular,Sanborn Regional,476,Sanborn Regional Middle School,20630,7,125 - 130,<10,31,52,13,65,35,NULL,125 , 130,0,65,0,20630,0,0,0
2015,sch,mat,Regular,Sanborn Regional,476,Sanborn Regional Middle School,20630,8,115 - 120,39,29,23,10,33,67,2536,115 , 120,0,33,0,20630,0,0,0
2015,sch,rea,Regular,Sanborn Regional,476,Sanborn Regional Middle School,20630,0,365 - 370,15,42,34,<10,43,57,NULL,365 , 370,0,43,0,20630,0,0,0
2015,sch,rea,Regular,Sanborn Regional,476,Sanborn Regional Middle School,20630,6,120 - 125,<10,45,40,<10,47,53,NULL,120 , 125,0,47,0,20630,0,0,0
2015,sch,rea,Regular,Sanborn Regional,476,Sanborn Regional Middle School,20630,7,125 - 130,<10,50,35,12,47,53,NULL,125 , 130,0,47,0,20630,0,0,0
2015,sch,rea,Regular,Sanborn Regional,476,Sanborn Regional Middle School,20630,8,115 - 120,36,30,27,<10,35,65,2528,115 , 120,0,35,0,20630,0,0,0
2015,sch,sci,Regular,Sanborn Regional,476,Sanborn Regional Middle School,20630,0,115 - 120,<10,34,44,18,62,38,NULL,115 , 120,0,62,0,20630,0,0,0
2015,sch,sci,Regular,Sanborn Regional,476,Sanborn Regional Middle School,20630,8,115 - 120,<10,34,44,18,62,38,NULL,115 , 120,0,62,0,20630,0,0,0
2015,sch,mat,Regular,Seabrook,485,Seabrook Elementary School,20810,0,125 - 130,14,43,31,12,43,57,NULL,125 , 130,127.5,43,5482.5,20810,127.5,5482.5,43
2015,sch,mat,Regular,Seabrook,485,Seabrook Elementary School,20810,3,65 - 70,20,45,26,<10,35,65,2421,65 , 70,0,35,0,20810,0,0,0
2015,sch,mat,Regular,Seabrook,485,Seabrook Elementary School,20810,4,60 - 65,<10,42,37,15,52,48,2488,60 , 65,0,52,0,20810,0,0,0
2015,sch,rea,Regular,Seabrook,485,Seabrook Elementary School,20810,0,125 - 130,15,35,26,23,50,50,NULL,125 , 130,0,50,0,20810,0,0,0
2015,sch,rea,Regular,Seabrook,485,Seabrook Elementary School,20810,3,65 - 70,15,40,23,22,45,55,2430,65 , 70,0,45,0,20810,0,0,0
2015,sch,rea,Regular,Seabrook,485,Seabrook Elementary School,20810,4,60 - 65,15,30,30,25,55,45,2484,60 , 65,0,55,0,20810,0,0,0
2015,sch,sci,Regular,Seabrook,485,Seabrook Elementary School,20810,0,60 - 65,<10,48,44,<10,46,54,NULL,60 , 65,0,46,0,20810,0,0,0
2015,sch,sci,Regular,Seabrook,485,Seabrook Elementary School,20810,4,60 - 65,<10,48,44,<10,46,54,NULL,60 , 65,0,46,0,20810,0,0,0
2015,sch,mat,Regular,Seabrook,485,Seabrook Middle School,27995,0,280 - 285,25,37,23,15,38,62,NULL,280 , 285,282.5,38,10735,27995,282.5,10735,38
2015,sch,mat,Regular,Seabrook,485,Seabrook Middle School,27995,5,75 - 80,34,38,23,<10,29,71,2480,75 , 80,0,29,0,27995,0,0,0
2015,sch,mat,Regular,Seabrook,485,Seabrook Middle School,27995,6,65 - 70,24,33,27,16,43,57,2530,65 , 70,0,43,0,27995,0,0,0
2015,sch,mat,Regular,Seabrook,485,Seabrook Middle School,27995,7,60 - 65,14,32,27,27,54,46,2571,60 , 65,0,54,0,27995,0,0,0
2015,sch,mat,Regular,Seabrook,485,Seabrook Middle School,27995,8,75 - 80,27,43,17,13,30,70,2553,75 , 80,0,30,0,27995,0,0,0
2015,sch,rea,Regular,Seabrook,485,Seabrook Middle School,27995,0,280 - 285,22,27,40,12,51,49,NULL,280 , 285,0,51,0,27995,0,0,0
2015,sch,rea,Regular,Seabrook,485,Seabrook Middle School,27995,5,75 - 80,32,25,30,13,43,57,2478,75 , 80,0,43,0,27995,0,0,0
2015,sch,rea,Regular,Seabrook,485,Seabrook Middle School,27995,6,65 - 70,24,16,45,15,60,40,2535,65 , 70,0,60,0,27995,0,0,0
2015,sch,rea,Regular,Seabrook,485,Seabrook Middle School,27995,7,60 - 65,16,29,44,11,55,45,2555,60 , 65,0,55,0,27995,0,0,0
2015,sch,rea,Regular,Seabrook,485,Seabrook Middle School,27995,8,75 - 80,15,36,41,<10,49,51,2569,75 , 80,0,49,0,27995,0,0,0
2015,sch,sci,Regular,Seabrook,485,Seabrook Middle School,27995,0,75 - 80,29,55,17,<10,17,83,NULL,75 , 80,0,17,0,27995,0,0,0
2015,sch,sci,Regular,Seabrook,485,Seabrook Middle School,27995,8,75 - 80,29,55,17,<10,17,83,NULL,75 , 80,0,17,0,27995,0,0,0
2015,sch,mat,Regular,Seacoast Charter School,705,Seacoast Charter School,28400,0,140 - 145,18,33,33,15,49,51,NULL,140 , 145,142.5,49,6982.5,28400,142.5,6982.5,49
2015,sch,mat,Regular,Seacoast Charter School,705,Seacoast Charter School,28400,3,20 - 25,15,20,50,15,65,35,2434,20 , 25,0,65,0,28400,0,0,0
2015,sch,mat,Regular,Seacoast Charter School,705,Seacoast Charter School,28400,4,30 - 35,21,41,35,<10,38,62,2468,30 , 35,0,38,0,28400,0,0,0
2015,sch,mat,Regular,Seacoast Charter School,705,Seacoast Charter School,28400,5,25 - 30,19,42,23,15,38,62,2513,25 , 30,0,38,0,28400,0,0,0
2015,sch,mat,Regular,Seacoast Charter School,705,Seacoast Charter School,28400,6,25 - 30,19,35,15,31,46,54,2562,25 , 30,0,46,0,28400,0,0,0
2015,sch,mat,Regular,Seacoast Charter School,705,Seacoast Charter School,28400,7,25 - 30,16,16,44,24,68,32,2580,25 , 30,0,68,0,28400,0,0,0
2015,sch,mat,Regular,Seacoast Charter School,705,Seacoast Charter School,28400,8,10 - 15,18,45,36,<10,36,64,2558,10 , 15,0,36,0,28400,0,0,0
2015,sch,rea,Regular,Seacoast Charter School,705,Seacoast Charter School,28400,0,135 - 140,<10,22,39,31,70,30,NULL,135 , 140,0,70,0,28400,0,0,0
2015,sch,rea,Regular,Seacoast Charter School,705,Seacoast Charter School,28400,3,20 - 25,10,20,30,40,70,30,2457,20 , 25,0,70,0,28400,0,0,0
2015,sch,rea,Regular,Seacoast Charter School,705,Seacoast Charter School,28400,4,30 - 35,17,37,27,20,47,53,2476,30 , 35,0,47,0,28400,0,0,0
2015,sch,rea,Regular,Seacoast Charter School,705,Seacoast Charter School,28400,5,25 - 30,<10,14,50,36,86,14,2562,25 , 30,0,86,0,28400,0,0,0
2015,sch,rea,Regular,Seacoast Charter School,705,Seacoast Charter School,28400,6,20 - 25,<10,17,35,39,74,26,2576,20 , 25,0,74,0,28400,0,0,0
2015,sch,rea,Regular,Seacoast Charter School,705,Seacoast Charter School,28400,7,25 - 30,<10,12,56,28,84,16,2610,25 , 30,0,84,0,28400,0,0,0
2015,sch,rea,Regular,Seacoast Charter School,705,Seacoast Charter School,28400,8,10 - 15,<10,36,27,27,55,45,2597,10 , 15,0,55,0,28400,0,0,0
2015,sch,sci,Regular,Seacoast Charter School,705,Seacoast Charter School,28400,0,45 - 50,<10,56,40,<10,40,60,NULL,45 , 50,0,40,0,28400,0,0,0
2015,sch,sci,Regular,Seacoast Charter School,705,Seacoast Charter School,28400,4,30 - 35,<10,44,50,<10,50,50,NULL,30 , 35,0,50,0,28400,0,0,0
2015,sch,sci,Regular,Seacoast Charter School,705,Seacoast Charter School,28400,8,10 - 15,<10,>90,<10,<10,<10,>90,NULL,10 , 15,0,10,0,28400,0,0,0
2015,sch,mat,Regular,Shaker Regional,486,Belmont Elementary School,22135,0,140 - 145,19,40,34,<10,42,58,NULL,140 , 145,142.5,42,5985,22135,142.5,5985,42
2015,sch,mat,Regular,Shaker Regional,486,Belmont Elementary School,22135,3,75 - 80,19,41,37,<10,40,60,2424,75 , 80,0,40,0,22135,0,0,0
2015,sch,mat,Regular,Shaker Regional,486,Belmont Elementary School,22135,4,65 - 70,19,38,30,13,43,57,2469,65 , 70,0,43,0,22135,0,0,0
2015,sch,rea,Regular,Shaker Regional,486,Belmont Elementary School,22135,0,140 - 145,13,28,32,26,58,42,NULL,140 , 145,0,58,0,22135,0,0,0
2015,sch,rea,Regular,Shaker Regional,486,Belmont Elementary School,22135,3,75 - 80,12,32,32,24,56,44,2438,75 , 80,0,56,0,22135,0,0,0
2015,sch,rea,Regular,Shaker Regional,486,Belmont Elementary School,22135,4,65 - 70,14,25,32,29,61,39,2488,65 , 70,0,61,0,22135,0,0,0
2015,sch,sci,Regular,Shaker Regional,486,Belmont Elementary School,22135,0,65 - 70,<10,32,68,<10,68,32,NULL,65 , 70,0,68,0,22135,0,0,0
2015,sch,sci,Regular,Shaker Regional,486,Belmont Elementary School,22135,4,65 - 70,<10,32,68,<10,68,32,NULL,65 , 70,0,68,0,22135,0,0,0
2015,sch,mat,Regular,Shaker Regional,486,Belmont High School,22145,0,85 - 90,35,27,26,11,38,62,NULL,85 , 90,87.5,38,3325,22145,87.5,3325,38
2015,sch,mat,Regular,Shaker Regional,486,Belmont High School,22145,11,85 - 90,35,27,26,11,38,62,2583,85 , 90,0,38,0,22145,0,0,0
2015,sch,rea,Regular,Shaker Regional,486,Belmont High School,22145,0,75 - 80,32,19,33,14,49,51,NULL,75 , 80,0,49,0,22145,0,0,0
2015,sch,rea,Regular,Shaker Regional,486,Belmont High School,22145,11,75 - 80,32,19,33,14,49,51,2559,75 , 80,0,49,0,22145,0,0,0
2015,sch,sci,Regular,Shaker Regional,486,Belmont High School,22145,0,90 - 95,22,41,35,<10,37,63,NULL,90 , 95,0,37,0,22145,0,0,0
2015,sch,sci,Regular,Shaker Regional,486,Belmont High School,22145,11,90 - 95,22,41,35,<10,37,63,NULL,90 , 95,0,37,0,22145,0,0,0
2015,sch,mat,Regular,Shaker Regional,486,Belmont Middle School,22150,0,355 - 360,20,33,27,20,46,54,NULL,355 , 360,357.5,46,16445,22150,357.5,16445,46
2015,sch,mat,Regular,Shaker Regional,486,Belmont Middle School,22150,5,80 - 85,42,36,13,<10,22,78,2474,80 , 85,0,22,0,22150,0,0,0
2015,sch,mat,Regular,Shaker Regional,486,Belmont Middle School,22150,6,95 - 100,<10,41,30,20,50,50,2550,95 , 100,0,50,0,22150,0,0,0
2015,sch,mat,Regular,Shaker Regional,486,Belmont Middle School,22150,7,85 - 90,14,28,35,22,58,42,2578,85 , 90,0,58,0,22150,0,0,0
2015,sch,mat,Regular,Shaker Regional,486,Belmont Middle School,22150,8,90 - 95,17,28,27,28,55,45,2597,90 , 95,0,55,0,22150,0,0,0
2015,sch,rea,Regular,Shaker Regional,486,Belmont Middle School,22150,0,355 - 360,11,18,48,22,70,30,NULL,355 , 360,0,70,0,22150,0,0,0
2015,sch,rea,Regular,Shaker Regional,486,Belmont Middle School,22150,5,80 - 85,17,17,45,22,66,34,2522,80 , 85,0,66,0,22150,0,0,0
2015,sch,rea,Regular,Shaker Regional,486,Belmont Middle School,22150,6,95 - 100,<10,25,48,19,67,33,2552,95 , 100,0,67,0,22150,0,0,0
2015,sch,rea,Regular,Shaker Regional,486,Belmont Middle School,22150,7,85 - 90,13,14,49,24,73,27,2590,85 , 90,0,73,0,22150,0,0,0
2015,sch,rea,Regular,Shaker Regional,486,Belmont Middle School,22150,8,90 - 95,<10,16,51,25,75,25,2613,90 , 95,0,75,0,22150,0,0,0
2015,sch,sci,Regular,Shaker Regional,486,Belmont Middle School,22150,0,90 - 95,<10,43,49,<10,52,48,NULL,90 , 95,0,52,0,22150,0,0,0
2015,sch,sci,Regular,Shaker Regional,486,Belmont Middle School,22150,8,90 - 95,<10,43,49,<10,52,48,NULL,90 , 95,0,52,0,22150,0,0,0
2015,sch,mat,Regular,Shaker Regional,486,Canterbury Elementary School,22165,0,50 - 55,12,24,38,26,64,36,NULL,50 , 55,52.5,64,3360,22165,52.5,3360,64
2015,sch,mat,Regular,Shaker Regional,486,Canterbury Elementary School,22165,3,20 - 25,13,22,43,22,65,35,2463,20 , 25,0,65,0,22165,0,0,0
2015,sch,mat,Regular,Shaker Regional,486,Canterbury Elementary School,22165,4,10 - 15,15,<10,46,31,77,23,2514,10 , 15,0,77,0,22165,0,0,0
2015,sch,mat,Regular,Shaker Regional,486,Canterbury Elementary School,22165,5,10 - 15,<10,43,21,29,50,50,2537,10 , 15,0,50,0,22165,0,0,0
2015,sch,rea,Regular,Shaker Regional,486,Canterbury Elementary School,22165,0,45 - 50,<10,15,40,43,83,17,NULL,45 , 50,0,83,0,22165,0,0,0
2015,sch,rea,Regular,Shaker Regional,486,Canterbury Elementary School,22165,3,20 - 25,<10,14,41,45,86,14,2490,20 , 25,0,86,0,22165,0,0,0
2015,sch,rea,Regular,Shaker Regional,486,Canterbury Elementary School,22165,4,10 - 15,<10,<10,<10,73,82,18,2533,10 , 15,0,82,0,22165,0,0,0
2015,sch,rea,Regular,Shaker Regional,486,Canterbury Elementary School,22165,5,10 - 15,<10,21,64,14,79,21,2551,10 , 15,0,79,0,22165,0,0,0
2015,sch,sci,Regular,Shaker Regional,486,Canterbury Elementary School,22165,0,10 - 15,<10,<10,85,<10,85,15,NULL,10 , 15,0,85,0,22165,0,0,0
2015,sch,sci,Regular,Shaker Regional,486,Canterbury Elementary School,22165,4,10 - 15,<10,<10,85,<10,85,15,NULL,10 , 15,0,85,0,22165,0,0,0
2015,sch,mat,Regular,Somersworth,491,Idlehurst Elementary School,28985,0,240 - 245,31,34,26,<10,35,65,NULL,240 , 245,242.5,35,8487.5,0,0,0,0
2015,sch,mat,Regular,Somersworth,491,Idlehurst Elementary School,28985,3,80 - 85,30,31,28,11,40,60,2415,80 , 85,0,40,0,0,0,0,0
2015,sch,mat,Regular,Somersworth,491,Idlehurst Elementary School,28985,4,70 - 75,24,38,35,<10,39,61,2457,70 , 75,0,39,0,0,0,0,0
2015,sch,mat,Regular,Somersworth,491,Idlehurst Elementary School,28985,5,85 - 90,37,35,17,11,28,72,2486,85 , 90,0,28,0,0,0,0,0
2015,sch,rea,Regular,Somersworth,491,Idlehurst Elementary School,28985,0,250 - 255,29,25,33,12,46,54,NULL,250 , 255,0,46,0,0,0,0,0
2015,sch,rea,Regular,Somersworth,491,Idlehurst Elementary School,28985,3,85 - 90,27,32,32,<10,41,59,2407,85 , 90,0,41,0,0,0,0,0
2015,sch,rea,Regular,Somersworth,491,Idlehurst Elementary School,28985,4,75 - 80,38,25,27,10,38,62,2440,75 , 80,0,38,0,0,0,0,0
2015,sch,rea,Regular,Somersworth,491,Idlehurst Elementary School,28985,5,90 - 95,23,20,40,17,57,43,2506,90 , 95,0,57,0,0,0,0,0
2015,sch,sci,Regular,Somersworth,491,Idlehurst Elementary School,28985,0,75 - 80,36,51,13,<10,13,87,NULL,75 , 80,0,13,0,0,0,0,0
2015,sch,sci,Regular,Somersworth,491,Idlehurst Elementary School,28985,4,75 - 80,36,51,13,<10,13,87,NULL,75 , 80,0,13,0,0,0,0,0
2015,sch,mat,Regular,Somersworth,491,Maple Wood Elementary School,22820,0,110 - 115,21,44,26,10,36,64,NULL,110 , 115,112.5,36,4050,0,0,0,0
2015,sch,mat,Regular,Somersworth,491,Maple Wood Elementary School,22820,3,40 - 45,20,29,37,15,51,49,2433,40 , 45,0,51,0,0,0,0,0
2015,sch,mat,Regular,Somersworth,491,Maple Wood Elementary School,22820,4,35 - 40,34,46,14,<10,20,80,2437,35 , 40,0,20,0,0,0,0,0
2015,sch,mat,Regular,Somersworth,491,Maple Wood Elementary School,22820,5,35 - 40,<10,58,25,<10,33,67,2509,35 , 40,0,33,0,0,0,0,0
2015,sch,rea,Regular,Somersworth,491,Maple Wood Elementary School,22820,0,110 - 115,22,23,28,27,55,45,NULL,110 , 115,0,55,0,0,0,0,0
2015,sch,rea,Regular,Somersworth,491,Maple Wood Elementary School,22820,3,45 - 50,18,22,20,40,60,40,2457,45 , 50,0,60,0,0,0,0,0
2015,sch,rea,Regular,Somersworth,491,Maple Wood Elementary School,22820,4,30 - 35,41,24,21,15,35,65,2452,30 , 35,0,35,0,0,0,0,0
2015,sch,rea,Regular,Somersworth,491,Maple Wood Elementary School,22820,5,30 - 35,<10,24,47,21,68,32,2527,30 , 35,0,68,0,0,0,0,0
2015,sch,sci,Regular,Somersworth,491,Maple Wood Elementary School,22820,0,35 - 40,21,53,24,<10,26,74,NULL,35 , 40,0,26,0,0,0,0,0
2015,sch,sci,Regular,Somersworth,491,Maple Wood Elementary School,22820,4,35 - 40,21,53,24,<10,26,74,NULL,35 , 40,0,26,0,0,0,0,0
2015,sch,mat,Regular,Somersworth,491,Somersworth High School,22845,0,110 - 115,50,25,22,<10,25,75,NULL,110 , 115,112.5,25,2812.5,22845,112.5,2812.5,25
2015,sch,mat,Regular,Somersworth,491,Somersworth High School,22845,11,110 - 115,50,25,22,<10,25,75,2533,110 , 115,0,25,0,22845,0,0,0
2015,sch,rea,Regular,Somersworth,491,Somersworth High School,22845,0,110 - 115,38,25,25,12,37,63,NULL,110 , 115,0,37,0,22845,0,0,0
2015,sch,rea,Regular,Somersworth,491,Somersworth High School,22845,11,110 - 115,38,25,25,12,37,63,2542,110 , 115,0,37,0,22845,0,0,0
2015,sch,sci,Regular,Somersworth,491,Somersworth High School,22845,0,110 - 115,25,51,24,<10,24,76,NULL,110 , 115,0,24,0,22845,0,0,0
2015,sch,sci,Regular,Somersworth,491,Somersworth High School,22845,11,110 - 115,25,51,24,<10,24,76,NULL,110 , 115,0,24,0,22845,0,0,0
2015,sch,mat,Regular,Somersworth,491,Somersworth Middle School,22830,0,385 - 390,36,34,20,10,30,70,NULL,385 , 390,387.5,30,11625,22830,387.5,11625,30
2015,sch,mat,Regular,Somersworth,491,Somersworth Middle School,22830,6,100 - 105,32,44,14,10,24,76,2504,100 , 105,0,24,0,22830,0,0,0
2015,sch,mat,Regular,Somersworth,491,Somersworth Middle School,22830,7,140 - 145,39,35,17,<10,26,74,2514,140 , 145,0,26,0,22830,0,0,0
2015,sch,mat,Regular,Somersworth,491,Somersworth Middle School,22830,8,140 - 145,36,26,27,11,38,62,2541,140 , 145,0,38,0,22830,0,0,0
2015,sch,rea,Regular,Somersworth,491,Somersworth Middle School,22830,0,380 - 385,25,34,34,<10,41,59,NULL,380 , 385,0,41,0,22830,0,0,0
2015,sch,rea,Regular,Somersworth,491,Somersworth Middle School,22830,6,100 - 105,29,37,28,<10,34,66,2499,100 , 105,0,34,0,22830,0,0,0
2015,sch,rea,Regular,Somersworth,491,Somersworth Middle School,22830,7,140 - 145,30,31,35,<10,39,61,2531,140 , 145,0,39,0,22830,0,0,0
2015,sch,rea,Regular,Somersworth,491,Somersworth Middle School,22830,8,135 - 140,18,35,37,10,47,53,2562,135 , 140,0,47,0,22830,0,0,0
2015,sch,sci,Regular,Somersworth,491,Somersworth Middle School,22830,0,140 - 145,45,45,10,<10,10,90,NULL,140 , 145,0,10,0,22830,0,0,0
2015,sch,sci,Regular,Somersworth,491,Somersworth Middle School,22830,8,140 - 145,45,45,10,<10,10,90,NULL,140 , 145,0,10,0,22830,0,0,0
2015,sch,mat,Regular,Souhegan Cooperative,493,Souhegan Coop High School,26860,0,175 - 180,22,34,28,16,45,55,NULL,175 , 180,177.5,45,7987.5,26860,177.5,7987.5,45
2015,sch,mat,Regular,Souhegan Cooperative,493,Souhegan Coop High School,26860,11,175 - 180,22,34,28,16,45,55,2614,175 , 180,0,45,0,26860,0,0,0
2015,sch,rea,Regular,Souhegan Cooperative,493,Souhegan Coop High School,26860,0,185 - 190,<10,21,36,37,72,28,NULL,185 , 190,0,72,0,26860,0,0,0
2015,sch,rea,Regular,Souhegan Cooperative,493,Souhegan Coop High School,26860,11,185 - 190,<10,21,36,37,72,28,2641,185 , 190,0,72,0,26860,0,0,0
2015,sch,sci,Regular,Souhegan Cooperative,493,Souhegan Coop High School,26860,0, 0 - 10,* n < 11,* n < 11,* n < 11,* n < 11,* n < 11,* n < 11,* n < 11, 0 , 10,0,* n < 11,0,26860,0,0,0
2015,sch,sci,Regular,Souhegan Cooperative,493,Souhegan Coop High School,26860,11, 0 - 10,* n < 11,* n < 11,* n < 11,* n < 11,* n < 11,* n < 11,* n < 11, 0 , 10,0,* n < 11,0,26860,0,0,0
2015,sch,mat,Regular,South Hampton,495,South Hampton Barnard School,20815,0,45 - 50,<10,30,37,26,63,37,NULL,45 , 50,47.5,63,2992.5,20815,47.5,2992.5,63
2015,sch,mat,Regular,South Hampton,495,South Hampton Barnard School,20815,3, 0 - 10,* n < 11,* n < 11,* n < 11,* n < 11,* n < 11,* n < 11,* n < 11, 0 , 10,0,* n < 11,0,20815,0,0,0
2015,sch,mat,Regular,South Hampton,495,South Hampton Barnard School,20815,4, 0 - 10,* n < 11,* n < 11,* n < 11,* n < 11,* n < 11,* n < 11,* n < 11, 0 , 10,0,* n < 11,0,20815,0,0,0
2015,sch,mat,Regular,South Hampton,495,South Hampton Barnard School,20815,5, 0 - 10,* n < 11,* n < 11,* n < 11,* n < 11,* n < 11,* n < 11,* n < 11, 0 , 10,0,* n < 11,0,20815,0,0,0
2015,sch,mat,Regular,South Hampton,495,South Hampton Barnard School,20815,6, 0 - 10,* n < 11,* n < 11,* n < 11,* n < 11,* n < 11,* n < 11,* n < 11, 0 , 10,0,* n < 11,0,20815,0,0,0
2015,sch,mat,Regular,South Hampton,495,South Hampton Barnard School,20815,7, 0 - 10,* n < 11,* n < 11,* n < 11,* n < 11,* n < 11,* n < 11,* n < 11, 0 , 10,0,* n < 11,0,20815,0,0,0
2015,sch,mat,Regular,South Hampton,495,South Hampton Barnard School,20815,8, 0 - 10,* n < 11,* n < 11,* n < 11,* n < 11,* n < 11,* n < 11,* n < 11, 0 , 10,0,* n < 11,0,20815,0,0,0
2015,sch,rea,Regular,South Hampton,495,South Hampton Barnard School,20815,0,45 - 50,<10,15,36,40,77,23,NULL,45 , 50,0,77,0,20815,0,0,0
2015,sch,rea,Regular,South Hampton,495,South Hampton Barnard School,20815,3,10 - 15,17,17,17,50,67,33,2464,10 , 15,0,67,0,20815,0,0,0
2015,sch,rea,Regular,South Hampton,495,South Hampton Barnard School,20815,4, 0 - 10,* n < 11,* n < 11,* n < 11,* n < 11,* n < 11,* n < 11,* n < 11, 0 , 10,0,* n < 11,0,20815,0,0,0
2015,sch,rea,Regular,South Hampton,495,South Hampton Barnard School,20815,5, 0 - 10,* n < 11,* n < 11,* n < 11,* n < 11,* n < 11,* n < 11,* n < 11, 0 , 10,0,* n < 11,0,20815,0,0,0
2015,sch,rea,Regular,South Hampton,495,South Hampton Barnard School,20815,6, 0 - 10,* n < 11,* n < 11,* n < 11,* n < 11,* n < 11,* n < 11,* n < 11, 0 , 10,0,* n < 11,0,20815,0,0,0
2015,sch,rea,Regular,South Hampton,495,South Hampton Barnard School,20815,7, 0 - 10,* n < 11,* n < 11,* n < 11,* n < 11,* n < 11,* n < 11,* n < 11, 0 , 10,0,* n < 11,0,20815,0,0,0
2015,sch,rea,Regular,South Hampton,495,South Hampton Barnard School,20815,8, 0 - 10,* n < 11,* n < 11,* n < 11,* n < 11,* n < 11,* n < 11,* n < 11, 0 , 10,0,* n < 11,0,20815,0,0,0
2015,sch,sci,Regular,South Hampton,495,South Hampton Barnard School,20815,0,15 - 20,<10,27,60,<10,67,33,NULL,15 , 20,0,67,0,20815,0,0,0
2015,sch,sci,Regular,South Hampton,495,South Hampton Barnard School,20815,4, 0 - 10,* n < 11,* n < 11,* n < 11,* n < 11,* n < 11,* n < 11,* n < 11, 0 , 10,0,* n < 11,0,20815,0,0,0
2015,sch,sci,Regular,South Hampton,495,South Hampton Barnard School,20815,8, 0 - 10,* n < 11,* n < 11,* n < 11,* n < 11,* n < 11,* n < 11,* n < 11, 0 , 10,0,* n < 11,0,20815,0,0,0
2015,sch,mat,Regular,Stark,499,Stark Village School,22910,0,10 - 15,21,43,29,<10,36,64,NULL,10 , 15,12.5,36,450,22910,12.5,450,36
2015,sch,mat,Regular,Stark,499,Stark Village School,22910,3, 0 - 10,* n < 11,* n < 11,* n < 11,* n < 11,* n < 11,* n < 11,* n < 11, 0 , 10,0,* n < 11,0,22910,0,0,0
2015,sch,mat,Regular,Stark,499,Stark Village School,22910,4, 0 - 10,* n < 11,* n < 11,* n < 11,* n < 11,* n < 11,* n < 11,* n < 11, 0 , 10,0,* n < 11,0,22910,0,0,0
2015,sch,mat,Regular,Stark,499,Stark Village School,22910,5, 0 - 10,* n < 11,* n < 11,* n < 11,* n < 11,* n < 11,* n < 11,* n < 11, 0 , 10,0,* n < 11,0,22910,0,0,0
2015,sch,mat,Regular,Stark,499,Stark Village School,22910,6, 0 - 10,* n < 11,* n < 11,* n < 11,* n < 11,* n < 11,* n < 11,* n < 11, 0 , 10,0,* n < 11,0,22910,0,0,0
2015,sch,rea,Regular,Stark,499,Stark Village School,22910,0,10 - 15,14,50,36,<10,36,64,NULL,10 , 15,0,36,0,22910,0,0,0
2015,sch,rea,Regular,Stark,499,Stark Village School,22910,3, 0 - 10,* n < 11,* n < 11,* n < 11,* n < 11,* n < 11,* n < 11,* n < 11, 0 , 10,0,* n < 11,0,22910,0,0,0
2015,sch,rea,Regular,Stark,499,Stark Village School,22910,4, 0 - 10,* n < 11,* n < 11,* n < 11,* n < 11,* n < 11,* n < 11,* n < 11, 0 , 10,0,* n < 11,0,22910,0,0,0
2015,sch,rea,Regular,Stark,499,Stark Village School,22910,5, 0 - 10,* n < 11,* n < 11,* n < 11,* n < 11,* n < 11,* n < 11,* n < 11, 0 , 10,0,* n < 11,0,22910,0,0,0
2015,sch,rea,Regular,Stark,499,Stark Village School,22910,6, 0 - 10,* n < 11,* n < 11,* n < 11,* n < 11,* n < 11,* n < 11,* n < 11, 0 , 10,0,* n < 11,0,22910,0,0,0
2015,sch,sci,Regular,Stark,499,Stark Village School,22910,0, 0 - 10,* n < 11,* n < 11,* n < 11,* n < 11,* n < 11,* n < 11,* n < 11, 0 , 10,0,* n < 11,0,22910,0,0,0
2015,sch,sci,Regular,Stark,499,Stark Village School,22910,4, 0 - 10,* n < 11,* n < 11,* n < 11,* n < 11,* n < 11,* n < 11,* n < 11, 0 , 10,0,* n < 11,0,22910,0,0,0
2015,sch,mat,Regular,Stewartstown,501,Stewartstown Community School,27560,0,45 - 50,47,39,12,<10,14,86,NULL,45 , 50,47.5,14,665,27560,47.5,665,14
2015,sch,mat,Regular,Stewartstown,501,Stewartstown Community School,27560,3, 0 - 10,* n < 11,* n < 11,* n < 11,* n < 11,* n < 11,* n < 11,* n < 11, 0 , 10,0,* n < 11,0,27560,0,0,0
2015,sch,mat,Regular,Stewartstown,501,Stewartstown Community School,27560,4,10 - 15,64,18,18,<10,18,82,2423,10 , 15,0,18,0,27560,0,0,0
2015,sch,mat,Regular,Stewartstown,501,Stewartstown Community School,27560,5,10 - 15,50,42,<10,<10,<10,>90,2449,10 , 15,0,10,0,27560,0,0,0
2015,sch,mat,Regular,Stewartstown,501,Stewartstown Community School,27560,6, 0 - 10,* n < 11,* n < 11,* n < 11,* n < 11,* n < 11,* n < 11,* n < 11, 0 , 10,0,* n < 11,0,27560,0,0,0
2015,sch,mat,Regular,Stewartstown,501,Stewartstown Community School,27560,7, 0 - 10,* n < 11,* n < 11,* n < 11,* n < 11,* n < 11,* n < 11,* n < 11, 0 , 10,0,* n < 11,0,27560,0,0,0
2015,sch,mat,Regular,Stewartstown,501,Stewartstown Community School,27560,8, 0 - 10,* n < 11,* n < 11,* n < 11,* n < 11,* n < 11,* n < 11,* n < 11, 0 , 10,0,* n < 11,0,27560,0,0,0
2015,sch,rea,Regular,Stewartstown,501,Stewartstown Community School,27560,0,45 - 50,33,31,29,<10,37,63,NULL,45 , 50,0,37,0,27560,0,0,0
2015,sch,rea,Regular,Stewartstown,501,Stewartstown Community School,27560,3, 0 - 10,* n < 11,* n < 11,* n < 11,* n < 11,* n < 11,* n < 11,* n < 11, 0 , 10,0,* n < 11,0,27560,0,0,0
2015,sch,rea,Regular,Stewartstown,501,Stewartstown Community School,27560,4,10 - 15,36,18,18,27,45,55,2460,10 , 15,0,45,0,27560,0,0,0
2015,sch,rea,Regular,Stewartstown,501,Stewartstown Community School,27560,5,10 - 15,25,50,17,<10,25,75,2472,10 , 15,0,25,0,27560,0,0,0
2015,sch,rea,Regular,Stewartstown,501,Stewartstown Community School,27560,6, 0 - 10,* n < 11,* n < 11,* n < 11,* n < 11,* n < 11,* n < 11,* n < 11, 0 , 10,0,* n < 11,0,27560,0,0,0
2015,sch,rea,Regular,Stewartstown,501,Stewartstown Community School,27560,7, 0 - 10,* n < 11,* n < 11,* n < 11,* n < 11,* n < 11,* n < 11,* n < 11, 0 , 10,0,* n < 11,0,27560,0,0,0
2015,sch,rea,Regular,Stewartstown,501,Stewartstown Community School,27560,8, 0 - 10,* n < 11,* n < 11,* n < 11,* n < 11,* n < 11,* n < 11,* n < 11, 0 , 10,0,* n < 11,0,27560,0,0,0
2015,sch,sci,Regular,Stewartstown,501,Stewartstown Community School,27560,0,15 - 20,24,59,18,<10,18,82,NULL,15 , 20,0,18,0,27560,0,0,0
2015,sch,sci,Regular,Stewartstown,501,Stewartstown Community School,27560,4,10 - 15,27,45,27,<10,27,73,NULL,10 , 15,0,27,0,27560,0,0,0
2015,sch,sci,Regular,Stewartstown,501,Stewartstown Community School,27560,8, 0 - 10,* n < 11,* n < 11,* n < 11,* n < 11,* n < 11,* n < 11,* n < 11, 0 , 10,0,* n < 11,0,27560,0,0,0
2015,sch,mat,Regular,Stoddard,503,James Faulkner Elementary School,20980,0,30 - 35,16,44,22,18,41,59,NULL,30 , 35,32.5,41,1332.5,20980,32.5,1332.5,41
2015,sch,mat,Regular,Stoddard,503,James Faulkner Elementary School,20980,3,15 - 20,12,35,18,33,53,47,2450,15 , 20,0,53,0,20980,0,0,0
2015,sch,mat,Regular,Stoddard,503,James Faulkner Elementary School,20980,4, 0 - 10,* n < 11,* n < 11,* n < 11,* n < 11,* n < 11,* n < 11,* n < 11, 0 , 10,0,* n < 11,0,20980,0,0,0
2015,sch,mat,Regular,Stoddard,503,James Faulkner Elementary School,20980,5, 0 - 10,* n < 11,* n < 11,* n < 11,* n < 11,* n < 11,* n < 11,* n < 11, 0 , 10,0,* n < 11,0,20980,0,0,0
2015,sch,rea,Regular,Stoddard,503,James Faulkner Elementary School,20980,0,30 - 35,<10,31,25,38,66,34,NULL,30 , 35,0,66,0,20980,0,0,0
2015,sch,rea,Regular,Stoddard,503,James Faulkner Elementary School,20980,3,15 - 20,<10,29,18,50,71,29,2483,15 , 20,0,71,0,20980,0,0,0
2015,sch,rea,Regular,Stoddard,503,James Faulkner Elementary School,20980,4, 0 - 10,* n < 11,* n < 11,* n < 11,* n < 11,* n < 11,* n < 11,* n < 11, 0 , 10,0,* n < 11,0,20980,0,0,0
2015,sch,rea,Regular,Stoddard,503,James Faulkner Elementary School,20980,5, 0 - 10,* n < 11,* n < 11,* n < 11,* n < 11,* n < 11,* n < 11,* n < 11, 0 , 10,0,* n < 11,0,20980,0,0,0
2015,sch,sci,Regular,Stoddard,503,James Faulkner Elementary School,20980,0, 0 - 10,* n < 11,* n < 11,* n < 11,* n < 11,* n < 11,* n < 11,* n < 11, 0 , 10,0,* n < 11,0,20980,0,0,0
2015,sch,sci,Regular,Stoddard,503,James Faulkner Elementary School,20980,4, 0 - 10,* n < 11,* n < 11,* n < 11,* n < 11,* n < 11,* n < 11,* n < 11, 0 , 10,0,* n < 11,0,20980,0,0,0
2015,sch,sci,Regular,Stoddard,503,James Faulkner Elementary School,20980,8, 0 - 10,* n < 11,* n < 11,* n < 11,* n < 11,* n < 11,* n < 11,* n < 11, 0 , 10,0,* n < 11,0,20980,0,0,0
2015,sch,mat,Regular,Strafford,507,Strafford School,22100,0,295 - 300,12,33,31,23,54,46,NULL,295 , 300,297.5,54,16065,22100,297.5,16065,54
2015,sch,mat,Regular,Strafford,507,Strafford School,22100,3,45 - 50,<10,27,49,18,67,33,2459,45 , 50,0,67,0,22100,0,0,0
2015,sch,mat,Regular,Strafford,507,Strafford School,22100,4,55 - 60,13,35,38,15,53,47,2487,55 , 60,0,53,0,22100,0,0,0
2015,sch,mat,Regular,Strafford,507,Strafford School,22100,5,50 - 55,24,41,18,18,35,65,2508,50 , 55,0,35,0,22100,0,0,0
2015,sch,mat,Regular,Strafford,507,Strafford School,22100,6,50 - 55,10,31,38,21,60,40,2557,50 , 55,0,60,0,22100,0,0,0
2015,sch,mat,Regular,Strafford,507,Strafford School,22100,7,45 - 50,<10,29,22,44,67,33,2601,45 , 50,0,67,0,22100,0,0,0
2015,sch,mat,Regular,Strafford,507,Strafford School,22100,8,50 - 55,16,36,20,28,48,52,2601,50 , 55,0,48,0,22100,0,0,0
2015,sch,rea,Regular,Strafford,507,Strafford School,22100,0,295 - 300,10,24,39,27,66,34,NULL,295 , 300,0,66,0,22100,0,0,0
2015,sch,rea,Regular,Strafford,507,Strafford School,22100,3,40 - 45,14,27,27,32,59,41,2454,40 , 45,0,59,0,22100,0,0,0
2015,sch,rea,Regular,Strafford,507,Strafford School,22100,4,55 - 60,<10,22,33,36,69,31,2511,55 , 60,0,69,0,22100,0,0,0
2015,sch,rea,Regular,Strafford,507,Strafford School,22100,5,50 - 55,18,27,31,24,55,45,2512,50 , 55,0,55,0,22100,0,0,0
2015,sch,rea,Regular,Strafford,507,Strafford School,22100,6,50 - 55,17,29,40,13,54,46,2535,50 , 55,0,54,0,22100,0,0,0
2015,sch,rea,Regular,Strafford,507,Strafford School,22100,7,45 - 50,<10,17,52,30,83,17,2619,45 , 50,0,83,0,22100,0,0,0
2015,sch,rea,Regular,Strafford,507,Strafford School,22100,8,50 - 55,<10,20,50,28,78,22,2621,50 , 55,0,78,0,22100,0,0,0
2015,sch,sci,Regular,Strafford,507,Strafford School,22100,0,105 - 110,<10,51,41,<10,42,58,NULL,105 , 110,0,42,0,22100,0,0,0
2015,sch,sci,Regular,Strafford,507,Strafford School,22100,4,55 - 60,<10,42,55,<10,56,44,NULL,55 , 60,0,56,0,22100,0,0,0
2015,sch,sci,Regular,Strafford,507,Strafford School,22100,8,50 - 55,14,61,25,<10,25,75,NULL,50 , 55,0,25,0,22100,0,0,0
2015,sch,mat,Regular,Stratford,509,Stratford Public School,22915,0,35 - 40,18,28,44,10,54,46,NULL,35 , 40,37.5,54,2025,22915,37.5,2025,54
2015,sch,mat,Regular,Stratford,509,Stratford Public School,22915,3, 0 - 10,* n < 11,* n < 11,* n < 11,* n < 11,* n < 11,* n < 11,* n < 11, 0 , 10,0,* n < 11,0,22915,0,0,0
2015,sch,mat,Regular,Stratford,509,Stratford Public School,22915,4, 0 - 10,* n < 11,* n < 11,* n < 11,* n < 11,* n < 11,* n < 11,* n < 11, 0 , 10,0,* n < 11,0,22915,0,0,0
2015,sch,mat,Regular,Stratford,509,Stratford Public School,22915,5, 0 - 10,* n < 11,* n < 11,* n < 11,* n < 11,* n < 11,* n < 11,* n < 11, 0 , 10,0,* n < 11,0,22915,0,0,0
2015,sch,mat,Regular,Stratford,509,Stratford Public School,22915,6, 0 - 10,* n < 11,* n < 11,* n < 11,* n < 11,* n < 11,* n < 11,* n < 11, 0 , 10,0,* n < 11,0,22915,0,0,0
2015,sch,mat,Regular,Stratford,509,Stratford Public School,22915,7, 0 - 10,* n < 11,* n < 11,* n < 11,* n < 11,* n < 11,* n < 11,* n < 11, 0 , 10,0,* n < 11,0,22915,0,0,0
2015,sch,mat,Regular,Stratford,509,Stratford Public School,22915,8, 0 - 10,* n < 11,* n < 11,* n < 11,* n < 11,* n < 11,* n < 11,* n < 11, 0 , 10,0,* n < 11,0,22915,0,0,0
2015,sch,rea,Regular,Stratford,509,Stratford Public School,22915,0,35 - 40,13,36,33,18,51,49,NULL,35 , 40,0,51,0,22915,0,0,0
2015,sch,rea,Regular,Stratford,509,Stratford Public School,22915,3, 0 - 10,* n < 11,* n < 11,* n < 11,* n < 11,* n < 11,* n < 11,* n < 11, 0 , 10,0,* n < 11,0,22915,0,0,0
2015,sch,rea,Regular,Stratford,509,Stratford Public School,22915,4, 0 - 10,* n < 11,* n < 11,* n < 11,* n < 11,* n < 11,* n < 11,* n < 11, 0 , 10,0,* n < 11,0,22915,0,0,0
2015,sch,rea,Regular,Stratford,509,Stratford Public School,22915,5, 0 - 10,* n < 11,* n < 11,* n < 11,* n < 11,* n < 11,* n < 11,* n < 11, 0 , 10,0,* n < 11,0,22915,0,0,0
2015,sch,rea,Regular,Stratford,509,Stratford Public School,22915,6, 0 - 10,* n < 11,* n < 11,* n < 11,* n < 11,* n < 11,* n < 11,* n < 11, 0 , 10,0,* n < 11,0,22915,0,0,0
2015,sch,rea,Regular,Stratford,509,Stratford Public School,22915,7, 0 - 10,* n < 11,* n < 11,* n < 11,* n < 11,* n < 11,* n < 11,* n < 11, 0 , 10,0,* n < 11,0,22915,0,0,0
2015,sch,rea,Regular,Stratford,509,Stratford Public School,22915,8, 0 - 10,* n < 11,* n < 11,* n < 11,* n < 11,* n < 11,* n < 11,* n < 11, 0 , 10,0,* n < 11,0,22915,0,0,0
2015,sch,sci,Regular,Stratford,509,Stratford Public School,22915,0,15 - 20,<10,58,42,<10,42,58,NULL,15 , 20,0,42,0,22915,0,0,0
2015,sch,sci,Regular,Stratford,509,Stratford Public School,22915,4, 0 - 10,* n < 11,* n < 11,* n < 11,* n < 11,* n < 11,* n < 11,* n < 11, 0 , 10,0,* n < 11,0,22915,0,0,0
2015,sch,sci,Regular,Stratford,509,Stratford Public School,22915,8, 0 - 10,* n < 11,* n < 11,* n < 11,* n < 11,* n < 11,* n < 11,* n < 11, 0 , 10,0,* n < 11,0,22915,0,0,0
2015,sch,mat,Regular,Stratham,511,Stratham Memorial School,20615,0,310 - 315,<10,23,42,29,71,29,NULL,310 , 315,312.5,71,22187.5,20615,312.5,22187.5,71
2015,sch,mat,Regular,Stratham,511,Stratham Memorial School,20615,3,105 - 110,<10,14,54,26,80,20,2471,105 , 110,0,80,0,20615,0,0,0
2015,sch,mat,Regular,Stratham,511,Stratham Memorial School,20615,4,95 - 100,<10,21,35,41,76,24,2528,95 , 100,0,76,0,20615,0,0,0
2015,sch,mat,Regular,Stratham,511,Stratham Memorial School,20615,5,105 - 110,10,33,35,21,56,44,2535,105 , 110,0,56,0,20615,0,0,0
2015,sch,rea,Regular,Stratham,511,Stratham Memorial School,20615,0,310 - 315,<10,16,36,45,80,20,NULL,310 , 315,0,80,0,20615,0,0,0
2015,sch,rea,Regular,Stratham,511,Stratham Memorial School,20615,3,105 - 110,<10,23,28,41,69,31,2468,105 , 110,0,69,0,20615,0,0,0
2015,sch,rea,Regular,Stratham,511,Stratham Memorial School,20615,4,95 - 100,<10,15,33,48,81,19,2531,95 , 100,0,81,0,20615,0,0,0
2015,sch,rea,Regular,Stratham,511,Stratham Memorial School,20615,5,105 - 110,<10,<10,45,44,90,10,2572,105 , 110,0,90,0,20615,0,0,0
2015,sch,sci,Regular,Stratham,511,Stratham Memorial School,20615,0,95 - 100,<10,28,67,<10,69,31,NULL,95 , 100,0,69,0,20615,0,0,0
2015,sch,sci,Regular,Stratham,511,Stratham Memorial School,20615,4,95 - 100,<10,28,67,<10,69,31,NULL,95 , 100,0,69,0,20615,0,0,0
2015,sch,mat,Regular,Strong Foundations Charter School,721,Strong Foundations Charter School,28570,0,130 - 135,31,35,17,17,34,66,NULL,130 , 135,132.5,34,4505,28570,132.5,4505,34
2015,sch,mat,Regular,Strong Foundations Charter School,721,Strong Foundations Charter School,28570,3,15 - 20,12,41,35,12,47,53,2440,15 , 20,0,47,0,28570,0,0,0
2015,sch,mat,Regular,Strong Foundations Charter School,721,Strong Foundations Charter School,28570,4,15 - 20,37,37,16,11,26,74,2432,15 , 20,0,26,0,28570,0,0,0
2015,sch,mat,Regular,Strong Foundations Charter School,721,Strong Foundations Charter School,28570,5,15 - 20,12,41,24,24,47,53,2525,15 , 20,0,47,0,28570,0,0,0
2015,sch,mat,Regular,Strong Foundations Charter School,721,Strong Foundations Charter School,28570,6,15 - 20,39,39,11,11,22,78,2498,15 , 20,0,22,0,28570,0,0,0
2015,sch,mat,Regular,Strong Foundations Charter School,721,Strong Foundations Charter School,28570,7,25 - 30,33,37,<10,22,30,70,2540,25 , 30,0,30,0,28570,0,0,0
2015,sch,mat,Regular,Strong Foundations Charter School,721,Strong Foundations Charter School,28570,8,30 - 35,41,24,15,21,35,65,2547,30 , 35,0,35,0,28570,0,0,0
2015,sch,rea,Regular,Strong Foundations Charter School,721,Strong Foundations Charter School,28570,0,130 - 135,30,37,22,11,34,66,NULL,130 , 135,0,34,0,28570,0,0,0
2015,sch,rea,Regular,Strong Foundations Charter School,721,Strong Foundations Charter School,28570,3,15 - 20,29,29,24,18,41,59,2417,15 , 20,0,41,0,28570,0,0,0
2015,sch,rea,Regular,Strong Foundations Charter School,721,Strong Foundations Charter School,28570,4,15 - 20,50,39,<10,<10,11,89,2399,15 , 20,0,11,0,28570,0,0,0
2015,sch,rea,Regular,Strong Foundations Charter School,721,Strong Foundations Charter School,28570,5,15 - 20,29,29,24,18,41,59,2487,15 , 20,0,41,0,28570,0,0,0
2015,sch,rea,Regular,Strong Foundations Charter School,721,Strong Foundations Charter School,28570,6,15 - 20,39,44,11,<10,17,83,2479,15 , 20,0,17,0,28570,0,0,0
2015,sch,rea,Regular,Strong Foundations Charter School,721,Strong Foundations Charter School,28570,7,30 - 35,33,33,23,10,33,67,2525,30 , 35,0,33,0,28570,0,0,0
2015,sch,rea,Regular,Strong Foundations Charter School,721,Strong Foundations Charter School,28570,8,30 - 35,12,41,35,12,47,53,2567,30 , 35,0,47,0,28570,0,0,0
2015,sch,sci,Regular,Strong Foundations Charter School,721,Strong Foundations Charter School,28570,0,50 - 55,15,61,24,<10,24,76,NULL,50 , 55,0,24,0,28570,0,0,0
2015,sch,sci,Regular,Strong Foundations Charter School,721,Strong Foundations Charter School,28570,4,15 - 20,<10,58,37,<10,37,63,NULL,15 , 20,0,37,0,28570,0,0,0
2015,sch,sci,Regular,Strong Foundations Charter School,721,Strong Foundations Charter School,28570,8,35 - 40,20,63,17,<10,17,83,NULL,35 , 40,0,17,0,28570,0,0,0
2015,sch,mat,Regular,Sunapee,515,Sunapee Central School,22005,0,90 - 95,13,20,37,30,67,33,NULL,90 , 95,92.5,67,6197.5,22005,92.5,6197.5,67
2015,sch,mat,Regular,Sunapee,515,Sunapee Central School,22005,3,20 - 25,24,24,33,19,52,48,2437,20 , 25,0,52,0,22005,0,0,0
2015,sch,mat,Regular,Sunapee,515,Sunapee Central School,22005,4,35 - 40,<10,29,40,23,63,37,2503,35 , 40,0,63,0,22005,0,0,0
2015,sch,mat,Regular,Sunapee,515,Sunapee Central School,22005,5,35 - 40,11,<10,37,43,80,20,2564,35 , 40,0,80,0,22005,0,0,0
2015,sch,rea,Regular,Sunapee,515,Sunapee Central School,22005,0,90 - 95,<10,24,38,29,67,33,NULL,90 , 95,0,67,0,22005,0,0,0
2015,sch,rea,Regular,Sunapee,515,Sunapee Central School,22005,3,20 - 25,<10,48,10,38,48,52,2456,20 , 25,0,48,0,22005,0,0,0
2015,sch,rea,Regular,Sunapee,515,Sunapee Central School,22005,4,35 - 40,11,17,51,20,71,29,2499,35 , 40,0,71,0,22005,0,0,0
2015,sch,rea,Regular,Sunapee,515,Sunapee Central School,22005,5,35 - 40,<10,17,43,31,74,26,2548,35 , 40,0,74,0,22005,0,0,0
2015,sch,sci,Regular,Sunapee,515,Sunapee Central School,22005,0,35 - 40,<10,37,60,<10,60,40,NULL,35 , 40,0,60,0,22005,0,0,0
2015,sch,sci,Regular,Sunapee,515,Sunapee Central School,22005,4,35 - 40,<10,37,60,<10,60,40,NULL,35 , 40,0,60,0,22005,0,0,0
2015,sch,mat,Regular,Sunapee,515,Sunapee Middle High School ,26965,0,100 - 105,<10,23,40,31,71,29,NULL,100 , 105,102.5,71,7277.5,26965,102.5,7277.5,71
2015,sch,mat,Regular,Sunapee,515,Sunapee Middle High School ,26965,6,35 - 40,<10,23,31,43,74,26,2594,35 , 40,0,74,0,26965,0,0,0
2015,sch,mat,Regular,Sunapee,515,Sunapee Middle High School ,26965,7,35 - 40,<10,19,56,22,78,22,2599,35 , 40,0,78,0,26965,0,0,0
2015,sch,mat,Regular,Sunapee,515,Sunapee Middle High School ,26965,8,30 - 35,13,28,31,28,59,41,2612,30 , 35,0,59,0,26965,0,0,0
2015,sch,rea,Regular,Sunapee,515,Sunapee Middle High School ,26965,0,100 - 105,<10,22,49,25,74,26,NULL,100 , 105,0,74,0,26965,0,0,0
2015,sch,rea,Regular,Sunapee,515,Sunapee Middle High School ,26965,6,35 - 40,<10,29,34,31,66,34,2566,35 , 40,0,66,0,26965,0,0,0
2015,sch,rea,Regular,Sunapee,515,Sunapee Middle High School ,26965,7,35 - 40,<10,11,64,22,86,14,2614,35 , 40,0,86,0,26965,0,0,0
2015,sch,rea,Regular,Sunapee,515,Sunapee Middle High School ,26965,8,30 - 35,<10,28,47,22,69,31,2602,30 , 35,0,69,0,26965,0,0,0
2015,sch,sci,Regular,Sunapee,515,Sunapee Middle High School ,26965,0,30 - 35,<10,66,28,<10,28,72,NULL,30 , 35,0,28,0,26965,0,0,0
2015,sch,sci,Regular,Sunapee,515,Sunapee Middle High School ,26965,8,30 - 35,<10,66,28,<10,28,72,NULL,30 , 35,0,28,0,26965,0,0,0
2015,sch,mat,Regular,Sunapee,515,Sunapee Sr. High School,22000,0,25 - 30,11,32,39,18,57,43,NULL,25 , 30,27.5,57,1567.5,22000,27.5,1567.5,57
2015,sch,mat,Regular,Sunapee,515,Sunapee Sr. High School,22000,11,25 - 30,11,32,39,18,57,43,2640,25 , 30,0,57,0,22000,0,0,0
2015,sch,rea,Regular,Sunapee,515,Sunapee Sr. High School,22000,0,25 - 30,<10,11,39,50,89,11,NULL,25 , 30,0,89,0,22000,0,0,0
2015,sch,rea,Regular,Sunapee,515,Sunapee Sr. High School,22000,11,25 - 30,<10,11,39,50,89,11,2672,25 , 30,0,89,0,22000,0,0,0
2015,sch,sci,Regular,Sunapee,515,Sunapee Sr. High School,22000,0,25 - 30,<10,32,64,<10,64,36,NULL,25 , 30,0,64,0,22000,0,0,0
2015,sch,sci,Regular,Sunapee,515,Sunapee Sr. High School,22000,11,25 - 30,<10,32,64,<10,64,36,NULL,25 , 30,0,64,0,22000,0,0,0
2015,sch,mat,Regular,Surry Village Charter School,717,Surry Village Charter School,28515,0,55 - 60,24,31,28,17,45,55,NULL,55 , 60,57.5,45,2587.5,28515,57.5,2587.5,45
2015,sch,mat,Regular,Surry Village Charter School,717,Surry Village Charter School,28515,3,10 - 15,36,36,18,<10,27,73,2390,10 , 15,0,27,0,28515,0,0,0
2015,sch,mat,Regular,Surry Village Charter School,717,Surry Village Charter School,28515,4, 0 - 10,* n < 11,* n < 11,* n < 11,* n < 11,* n < 11,* n < 11,* n < 11, 0 , 10,0,* n < 11,0,28515,0,0,0
2015,sch,mat,Regular,Surry Village Charter School,717,Surry Village Charter School,28515,5, 0 - 10,* n < 11,* n < 11,* n < 11,* n < 11,* n < 11,* n < 11,* n < 11, 0 , 10,0,* n < 11,0,28515,0,0,0
2015,sch,mat,Regular,Surry Village Charter School,717,Surry Village Charter School,28515,6, 0 - 10,* n < 11,* n < 11,* n < 11,* n < 11,* n < 11,* n < 11,* n < 11, 0 , 10,0,* n < 11,0,28515,0,0,0
2015,sch,mat,Regular,Surry Village Charter School,717,Surry Village Charter School,28515,7, 0 - 10,* n < 11,* n < 11,* n < 11,* n < 11,* n < 11,* n < 11,* n < 11, 0 , 10,0,* n < 11,0,28515,0,0,0
2015,sch,mat,Regular,Surry Village Charter School,717,Surry Village Charter School,28515,8, 0 - 10,* n < 11,* n < 11,* n < 11,* n < 11,* n < 11,* n < 11,* n < 11, 0 , 10,0,* n < 11,0,28515,0,0,0
2015,sch,rea,Regular,Surry Village Charter School,717,Surry Village Charter School,28515,0,55 - 60,14,26,38,22,60,40,NULL,55 , 60,0,60,0,28515,0,0,0
2015,sch,rea,Regular,Surry Village Charter School,717,Surry Village Charter School,28515,3,10 - 15,27,36,18,18,36,64,2420,10 , 15,0,36,0,28515,0,0,0
2015,sch,rea,Regular,Surry Village Charter School,717,Surry Village Charter School,28515,4, 0 - 10,* n < 11,* n < 11,* n < 11,* n < 11,* n < 11,* n < 11,* n < 11, 0 , 10,0,* n < 11,0,28515,0,0,0
2015,sch,rea,Regular,Surry Village Charter School,717,Surry Village Charter School,28515,5, 0 - 10,* n < 11,* n < 11,* n < 11,* n < 11,* n < 11,* n < 11,* n < 11, 0 , 10,0,* n < 11,0,28515,0,0,0
2015,sch,rea,Regular,Surry Village Charter School,717,Surry Village Charter School,28515,6, 0 - 10,* n < 11,* n < 11,* n < 11,* n < 11,* n < 11,* n < 11,* n < 11, 0 , 10,0,* n < 11,0,28515,0,0,0
2015,sch,rea,Regular,Surry Village Charter School,717,Surry Village Charter School,28515,7, 0 - 10,* n < 11,* n < 11,* n < 11,* n < 11,* n < 11,* n < 11,* n < 11, 0 , 10,0,* n < 11,0,28515,0,0,0
2015,sch,rea,Regular,Surry Village Charter School,717,Surry Village Charter School,28515,8, 0 - 10,* n < 11,* n < 11,* n < 11,* n < 11,* n < 11,* n < 11,* n < 11, 0 , 10,0,* n < 11,0,28515,0,0,0
2015,sch,sci,Regular,Surry Village Charter School,717,Surry Village Charter School,28515,0,20 - 25,10,52,38,<10,38,62,NULL,20 , 25,0,38,0,28515,0,0,0
2015,sch,sci,Regular,Surry Village Charter School,717,Surry Village Charter School,28515,4, 0 - 10,* n < 11,* n < 11,* n < 11,* n < 11,* n < 11,* n < 11,* n < 11, 0 , 10,0,* n < 11,0,28515,0,0,0
2015,sch,sci,Regular,Surry Village Charter School,717,Surry Village Charter School,28515,8,10 - 15,<10,64,27,<10,27,73,NULL,10 , 15,0,27,0,28515,0,0,0
2015,sch,mat,Regular,Tamworth,525,Kenneth A. Brett School,20365,0,145 - 150,31,37,22,10,32,68,NULL,145 , 150,147.5,32,4720,20365,147.5,4720,32
2015,sch,mat,Regular,Tamworth,525,Kenneth A. Brett School,20365,3,20 - 25,70,<10,13,<10,22,78,2357,20 , 25,0,22,0,20365,0,0,0
2015,sch,mat,Regular,Tamworth,525,Kenneth A. Brett School,20365,4,20 - 25,<10,32,41,18,59,41,2488,20 , 25,0,59,0,20365,0,0,0
2015,sch,mat,Regular,Tamworth,525,Kenneth A. Brett School,20365,5,20 - 25,35,43,13,<10,22,78,2480,20 , 25,0,22,0,20365,0,0,0
2015,sch,mat,Regular,Tamworth,525,Kenneth A. Brett School,20365,6,25 - 30,19,52,15,15,30,70,2526,25 , 30,0,30,0,20365,0,0,0
2015,sch,mat,Regular,Tamworth,525,Kenneth A. Brett School,20365,7,20 - 25,24,52,24,<10,24,76,2529,20 , 25,0,24,0,20365,0,0,0
2015,sch,mat,Regular,Tamworth,525,Kenneth A. Brett School,20365,8,30 - 35,29,35,26,10,35,65,2555,30 , 35,0,35,0,20365,0,0,0
2015,sch,rea,Regular,Tamworth,525,Kenneth A. Brett School,20365,0,145 - 150,23,28,37,12,49,51,NULL,145 , 150,0,49,0,20365,0,0,0
2015,sch,rea,Regular,Tamworth,525,Kenneth A. Brett School,20365,3,20 - 25,52,22,<10,17,26,74,2367,20 , 25,0,26,0,20365,0,0,0
2015,sch,rea,Regular,Tamworth,525,Kenneth A. Brett School,20365,4,20 - 25,32,23,23,23,45,55,2474,20 , 25,0,45,0,20365,0,0,0
2015,sch,rea,Regular,Tamworth,525,Kenneth A. Brett School,20365,5,20 - 25,17,35,43,<10,48,52,2493,20 , 25,0,48,0,20365,0,0,0
2015,sch,rea,Regular,Tamworth,525,Kenneth A. Brett School,20365,6,25 - 30,<10,52,41,<10,41,59,2521,25 , 30,0,41,0,20365,0,0,0
2015,sch,rea,Regular,Tamworth,525,Kenneth A. Brett School,20365,7,20 - 25,24,14,57,<10,62,38,2542,20 , 25,0,62,0,20365,0,0,0
2015,sch,rea,Regular,Tamworth,525,Kenneth A. Brett School,20365,8,30 - 35,13,19,48,19,68,32,2583,30 , 35,0,68,0,20365,0,0,0
2015,sch,sci,Regular,Tamworth,525,Kenneth A. Brett School,20365,0,55 - 60,25,53,22,<10,22,78,NULL,55 , 60,0,22,0,20365,0,0,0
2015,sch,sci,Regular,Tamworth,525,Kenneth A. Brett School,20365,4,20 - 25,18,36,45,<10,45,55,NULL,20 , 25,0,45,0,20365,0,0,0
2015,sch,sci,Regular,Tamworth,525,Kenneth A. Brett School,20365,8,30 - 35,30,64,<10,<10,<10,>90,NULL,30 , 35,0,10,0,20365,0,0,0
2015,sch,mat,Regular,TEAMS Charter School,739,TEAMS Charter School,29075,0, 0 - 10,* n < 11,* n < 11,* n < 11,* n < 11,* n < 11,* n < 11,* n < 11, 0 , 10,0,* n < 11,0,0,0,0,0
2015,sch,mat,Regular,TEAMS Charter School,739,TEAMS Charter School,29075,11, 0 - 10,* n < 11,* n < 11,* n < 11,* n < 11,* n < 11,* n < 11,* n < 11, 0 , 10,0,* n < 11,0,0,0,0,0
2015,sch,rea,Regular,TEAMS Charter School,739,TEAMS Charter School,29075,0, 0 - 10,* n < 11,* n < 11,* n < 11,* n < 11,* n < 11,* n < 11,* n < 11, 0 , 10,0,* n < 11,0,0,0,0,0
2015,sch,rea,Regular,TEAMS Charter School,739,TEAMS Charter School,29075,11, 0 - 10,* n < 11,* n < 11,* n < 11,* n < 11,* n < 11,* n < 11,* n < 11, 0 , 10,0,* n < 11,0,0,0,0,0
2015,sch,sci,Regular,TEAMS Charter School,739,TEAMS Charter School,29075,0, 0 - 10,* n < 11,* n < 11,* n < 11,* n < 11,* n < 11,* n < 11,* n < 11, 0 , 10,0,* n < 11,0,0,0,0,0
2015,sch,sci,Regular,TEAMS Charter School,739,TEAMS Charter School,29075,11, 0 - 10,* n < 11,* n < 11,* n < 11,* n < 11,* n < 11,* n < 11,* n < 11, 0 , 10,0,* n < 11,0,0,0,0,0
2015,sch,mat,Regular,The Birches Academy of Academics & Art A Public Charter Sch,731,The Birches Academy of Academics & Art: A Public Charter Sch,29055,0,135 - 140,20,33,27,20,47,53,NULL,135 , 140,137.5,47,6462.5,29055,137.5,6462.5,47
2015,sch,mat,Regular,The Birches Academy of Academics & Art A Public Charter Sch,731,The Birches Academy of Academics & Art: A Public Charter Sch,29055,3,25 - 30,28,20,20,32,52,48,2438,25 , 30,0,52,0,29055,0,0,0
2015,sch,mat,Regular,The Birches Academy of Academics & Art A Public Charter Sch,731,The Birches Academy of Academics & Art: A Public Charter Sch,29055,4,25 - 30,<10,24,40,28,68,32,2510,25 , 30,0,68,0,29055,0,0,0
2015,sch,mat,Regular,The Birches Academy of Academics & Art A Public Charter Sch,731,The Birches Academy of Academics & Art: A Public Charter Sch,29055,5,25 - 30,12,36,20,32,52,48,2542,25 , 30,0,52,0,29055,0,0,0
2015,sch,mat,Regular,The Birches Academy of Academics & Art A Public Charter Sch,731,The Birches Academy of Academics & Art: A Public Charter Sch,29055,6,20 - 25,35,30,22,13,35,65,2515,20 , 25,0,35,0,29055,0,0,0
2015,sch,mat,Regular,The Birches Academy of Academics & Art A Public Charter Sch,731,The Birches Academy of Academics & Art: A Public Charter Sch,29055,7,25 - 30,19,42,31,<10,38,62,2550,25 , 30,0,38,0,29055,0,0,0
2015,sch,mat,Regular,The Birches Academy of Academics & Art A Public Charter Sch,731,The Birches Academy of Academics & Art: A Public Charter Sch,29055,8,10 - 15,21,50,29,<10,29,71,2540,10 , 15,0,29,0,29055,0,0,0
2015,sch,rea,Regular,The Birches Academy of Academics & Art A Public Charter Sch,731,The Birches Academy of Academics & Art: A Public Charter Sch,29055,0,135 - 140,15,22,33,30,63,37,NULL,135 , 140,0,63,0,29055,0,0,0
2015,sch,rea,Regular,The Birches Academy of Academics & Art A Public Charter Sch,731,The Birches Academy of Academics & Art: A Public Charter Sch,29055,3,25 - 30,28,20,28,24,52,48,2430,25 , 30,0,52,0,29055,0,0,0
2015,sch,rea,Regular,The Birches Academy of Academics & Art A Public Charter Sch,731,The Birches Academy of Academics & Art: A Public Charter Sch,29055,4,25 - 30,20,<10,28,48,76,24,2510,25 , 30,0,76,0,29055,0,0,0
2015,sch,rea,Regular,The Birches Academy of Academics & Art A Public Charter Sch,731,The Birches Academy of Academics & Art: A Public Charter Sch,29055,5,25 - 30,12,<10,44,36,80,20,2549,25 , 30,0,80,0,29055,0,0,0
2015,sch,rea,Regular,The Birches Academy of Academics & Art A Public Charter Sch,731,The Birches Academy of Academics & Art: A Public Charter Sch,29055,6,20 - 25,<10,43,26,22,48,52,2541,20 , 25,0,48,0,29055,0,0,0
2015,sch,rea,Regular,The Birches Academy of Academics & Art A Public Charter Sch,731,The Birches Academy of Academics & Art: A Public Charter Sch,29055,7,25 - 30,15,19,42,23,65,35,2578,25 , 30,0,65,0,29055,0,0,0
2015,sch,rea,Regular,The Birches Academy of Academics & Art A Public Charter Sch,731,The Birches Academy of Academics & Art: A Public Charter Sch,29055,8,10 - 15,<10,50,29,21,50,50,2589,10 , 15,0,50,0,29055,0,0,0
2015,sch,sci,Regular,The Birches Academy of Academics & Art A Public Charter Sch,731,The Birches Academy of Academics & Art: A Public Charter Sch,29055,0,40 - 45,10,50,40,<10,40,60,NULL,40 , 45,0,40,0,29055,0,0,0
2015,sch,sci,Regular,The Birches Academy of Academics & Art A Public Charter Sch,731,The Birches Academy of Academics & Art: A Public Charter Sch,29055,4,25 - 30,<10,36,64,<10,64,36,NULL,25 , 30,0,64,0,29055,0,0,0
2015,sch,sci,Regular,The Birches Academy of Academics & Art A Public Charter Sch,731,The Birches Academy of Academics & Art: A Public Charter Sch,29055,8,15 - 20,27,73,<10,<10,<10,>90,NULL,15 , 20,0,10,0,29055,0,0,0
2015,sch,mat,Regular,The Founders Academy Charter School,741,The Founders Academy Charter School (El),29150,0,45 - 50,13,41,20,26,46,54,NULL,45 , 50,47.5,46,2185,29150,47.5,2185,46
2015,sch,mat,Regular,The Founders Academy Charter School,741,The Founders Academy Charter School (El),29150,6,35 - 40,11,45,16,29,45,55,2563,35 , 40,0,45,0,29150,0,0,0
2015,sch,mat,Regular,The Founders Academy Charter School,741,The Founders Academy Charter School (El),29150,7, 0 - 10,* n < 11,* n < 11,* n < 11,* n < 11,* n < 11,* n < 11,* n < 11, 0 , 10,0,* n < 11,0,29150,0,0,0
2015,sch,mat,Regular,The Founders Academy Charter School,741,The Founders Academy Charter School (El),29150,8, 0 - 10,* n < 11,* n < 11,* n < 11,* n < 11,* n < 11,* n < 11,* n < 11, 0 , 10,0,* n < 11,0,29150,0,0,0
2015,sch,rea,Regular,The Founders Academy Charter School,741,The Founders Academy Charter School (El),29150,0,45 - 50,13,35,33,20,52,48,NULL,45 , 50,0,52,0,29150,0,0,0
2015,sch,rea,Regular,The Founders Academy Charter School,741,The Founders Academy Charter School (El),29150,6,35 - 40,13,37,29,21,50,50,2546,35 , 40,0,50,0,29150,0,0,0
2015,sch,rea,Regular,The Founders Academy Charter School,741,The Founders Academy Charter School (El),29150,7, 0 - 10,* n < 11,* n < 11,* n < 11,* n < 11,* n < 11,* n < 11,* n < 11, 0 , 10,0,* n < 11,0,29150,0,0,0
2015,sch,rea,Regular,The Founders Academy Charter School,741,The Founders Academy Charter School (El),29150,8, 0 - 10,* n < 11,* n < 11,* n < 11,* n < 11,* n < 11,* n < 11,* n < 11, 0 , 10,0,* n < 11,0,29150,0,0,0
2015,sch,sci,Regular,The Founders Academy Charter School,741,The Founders Academy Charter School (El),29150,0,10 - 15,<10,86,<10,<10,<10,>90,NULL,10 , 15,0,10,0,29150,0,0,0
2015,sch,sci,Regular,The Founders Academy Charter School,741,The Founders Academy Charter School (El),29150,8,10 - 15,<10,86,<10,<10,<10,>90,NULL,10 , 15,0,10,0,29150,0,0,0
2015,sch,mat,Regular,Thornton,531,Thornton Central School,22380,0,130 - 135,13,40,28,18,46,54,NULL,130 , 135,132.5,46,6095,22380,132.5,6095,46
2015,sch,mat,Regular,Thornton,531,Thornton Central School,22380,3,20 - 25,<10,20,45,30,75,25,2481,20 , 25,0,75,0,22380,0,0,0
2015,sch,mat,Regular,Thornton,531,Thornton Central School,22380,4,20 - 25,<10,32,36,23,59,41,2504,20 , 25,0,59,0,22380,0,0,0
2015,sch,mat,Regular,Thornton,531,Thornton Central School,22380,5,15 - 20,17,56,11,17,28,72,2502,15 , 20,0,28,0,22380,0,0,0
2015,sch,mat,Regular,Thornton,531,Thornton Central School,22380,6,15 - 20,26,53,21,<10,21,79,2505,15 , 20,0,21,0,22380,0,0,0
2015,sch,mat,Regular,Thornton,531,Thornton Central School,22380,7,25 - 30,<10,46,25,21,46,54,2576,25 , 30,0,46,0,22380,0,0,0
2015,sch,mat,Regular,Thornton,531,Thornton Central School,22380,8,25 - 30,19,37,30,15,44,56,2577,25 , 30,0,44,0,22380,0,0,0
2015,sch,rea,Regular,Thornton,531,Thornton Central School,22380,0,135 - 140,<10,21,37,38,74,26,NULL,135 , 140,0,74,0,22380,0,0,0
2015,sch,rea,Regular,Thornton,531,Thornton Central School,22380,3,20 - 25,<10,20,30,50,80,20,2493,20 , 25,0,80,0,22380,0,0,0
2015,sch,rea,Regular,Thornton,531,Thornton Central School,22380,4,20 - 25,14,23,23,41,64,36,2505,20 , 25,0,64,0,22380,0,0,0
2015,sch,rea,Regular,Thornton,531,Thornton Central School,22380,5,15 - 20,<10,22,33,39,72,28,2545,15 , 20,0,72,0,22380,0,0,0
2015,sch,rea,Regular,Thornton,531,Thornton Central School,22380,6,20 - 25,<10,24,67,<10,71,29,2553,20 , 25,0,71,0,22380,0,0,0
2015,sch,rea,Regular,Thornton,531,Thornton Central School,22380,7,25 - 30,<10,14,36,43,79,21,2617,25 , 30,0,79,0,22380,0,0,0
2015,sch,rea,Regular,Thornton,531,Thornton Central School,22380,8,25 - 30,<10,22,33,44,78,22,2649,25 , 30,0,78,0,22380,0,0,0
2015,sch,sci,Regular,Thornton,531,Thornton Central School,22380,0,50 - 55,<10,48,52,<10,52,48,NULL,50 , 55,0,52,0,22380,0,0,0
2015,sch,sci,Regular,Thornton,531,Thornton Central School,22380,4,20 - 25,<10,45,55,<10,55,45,NULL,20 , 25,0,55,0,22380,0,0,0
2015,sch,sci,Regular,Thornton,531,Thornton Central School,22380,8,25 - 30,<10,50,50,<10,50,50,NULL,25 , 30,0,50,0,22380,0,0,0
2015,sch,mat,Regular,Timberlane Regional,534,Atkinson Academy,22740,0,175 - 180,<10,31,32,31,63,37,NULL,175 , 180,177.5,63,11182.5,22740,177.5,11182.5,63
2015,sch,mat,Regular,Timberlane Regional,534,Atkinson Academy,22740,3,40 - 45,<10,25,36,30,66,34,2459,40 , 45,0,66,0,22740,0,0,0
2015,sch,mat,Regular,Timberlane Regional,534,Atkinson Academy,22740,4,80 - 85,<10,28,37,30,67,33,2514,80 , 85,0,67,0,22740,0,0,0
2015,sch,mat,Regular,Timberlane Regional,534,Atkinson Academy,22740,5,50 - 55,<10,39,22,33,55,45,2547,50 , 55,0,55,0,22740,0,0,0
2015,sch,rea,Regular,Timberlane Regional,534,Atkinson Academy,22740,0,175 - 180,<10,19,34,39,73,27,NULL,175 , 180,0,73,0,22740,0,0,0
2015,sch,rea,Regular,Timberlane Regional,534,Atkinson Academy,22740,3,40 - 45,<10,30,36,25,61,39,2451,40 , 45,0,61,0,22740,0,0,0
2015,sch,rea,Regular,Timberlane Regional,534,Atkinson Academy,22740,4,80 - 85,<10,12,30,49,79,21,2526,80 , 85,0,79,0,22740,0,0,0
2015,sch,rea,Regular,Timberlane Regional,534,Atkinson Academy,22740,5,50 - 55,<10,22,39,35,75,25,2551,50 , 55,0,75,0,22740,0,0,0
2015,sch,sci,Regular,Timberlane Regional,534,Atkinson Academy,22740,0,80 - 85,<10,30,63,<10,68,32,NULL,80 , 85,0,68,0,22740,0,0,0
2015,sch,sci,Regular,Timberlane Regional,534,Atkinson Academy,22740,4,80 - 85,<10,30,63,<10,68,32,NULL,80 , 85,0,68,0,22740,0,0,0
2015,sch,mat,Regular,Timberlane Regional,534,Danville Elementary School,22745,0,135 - 140,<10,33,38,24,62,38,NULL,135 , 140,137.5,62,8525,22745,137.5,8525,62
2015,sch,mat,Regular,Timberlane Regional,534,Danville Elementary School,22745,3,50 - 55,<10,26,47,25,72,28,2470,50 , 55,0,72,0,22745,0,0,0
2015,sch,mat,Regular,Timberlane Regional,534,Danville Elementary School,22745,4,25 - 30,16,28,40,16,56,44,2493,25 , 30,0,56,0,22745,0,0,0
2015,sch,mat,Regular,Timberlane Regional,534,Danville Elementary School,22745,5,55 - 60,<10,41,29,27,56,44,2536,55 , 60,0,56,0,22745,0,0,0
2015,sch,rea,Regular,Timberlane Regional,534,Danville Elementary School,22745,0,135 - 140,<10,21,35,39,74,26,NULL,135 , 140,0,74,0,22745,0,0,0
2015,sch,rea,Regular,Timberlane Regional,534,Danville Elementary School,22745,3,50 - 55,<10,26,26,43,70,30,2476,50 , 55,0,70,0,22745,0,0,0
2015,sch,rea,Regular,Timberlane Regional,534,Danville Elementary School,22745,4,25 - 30,12,24,12,52,64,36,2520,25 , 30,0,64,0,22745,0,0,0
2015,sch,rea,Regular,Timberlane Regional,534,Danville Elementary School,22745,5,55 - 60,<10,15,53,29,81,19,2546,55 , 60,0,81,0,22745,0,0,0
2015,sch,sci,Regular,Timberlane Regional,534,Danville Elementary School,22745,0,25 - 30,<10,36,56,<10,60,40,NULL,25 , 30,0,60,0,22745,0,0,0
2015,sch,sci,Regular,Timberlane Regional,534,Danville Elementary School,22745,4,25 - 30,<10,36,56,<10,60,40,NULL,25 , 30,0,60,0,22745,0,0,0
2015,sch,mat,Regular,Timberlane Regional,534,Pollard Elementary School,22765,0,225 - 230,15,39,30,16,46,54,NULL,225 , 230,227.5,46,10465,22765,227.5,10465,46
2015,sch,mat,Regular,Timberlane Regional,534,Pollard Elementary School,22765,3,65 - 70,17,39,29,14,43,57,2430,65 , 70,0,43,0,22765,0,0,0
2015,sch,mat,Regular,Timberlane Regional,534,Pollard Elementary School,22765,4,70 - 75,16,45,33,<10,38,62,2465,70 , 75,0,38,0,22765,0,0,0
2015,sch,mat,Regular,Timberlane Regional,534,Pollard Elementary School,22765,5,85 - 90,11,34,29,26,55,45,2530,85 , 90,0,55,0,22765,0,0,0
2015,sch,rea,Regular,Timberlane Regional,534,Pollard Elementary School,22765,0,225 - 230,11,22,37,31,68,32,NULL,225 , 230,0,68,0,22765,0,0,0
2015,sch,rea,Regular,Timberlane Regional,534,Pollard Elementary School,22765,3,65 - 70,<10,25,41,26,67,33,2457,65 , 70,0,67,0,22765,0,0,0
2015,sch,rea,Regular,Timberlane Regional,534,Pollard Elementary School,22765,4,70 - 75,16,23,26,34,60,40,2493,70 , 75,0,60,0,22765,0,0,0
2015,sch,rea,Regular,Timberlane Regional,534,Pollard Elementary School,22765,5,85 - 90,<10,18,42,33,75,25,2550,85 , 90,0,75,0,22765,0,0,0
2015,sch,sci,Regular,Timberlane Regional,534,Pollard Elementary School,22765,0,70 - 75,<10,34,58,<10,58,42,NULL,70 , 75,0,58,0,22765,0,0,0
2015,sch,sci,Regular,Timberlane Regional,534,Pollard Elementary School,22765,4,70 - 75,<10,34,58,<10,58,42,NULL,70 , 75,0,58,0,22765,0,0,0
2015,sch,mat,Regular,Timberlane Regional,534,Sandown Central School,22775,0,130 - 135,13,36,36,16,51,49,NULL,130 , 135,132.5,51,6757.5,22775,132.5,6757.5,51
2015,sch,mat,Regular,Timberlane Regional,534,Sandown Central School,22775,4,70 - 75,13,40,39,<10,47,53,2480,70 , 75,0,47,0,22775,0,0,0
2015,sch,mat,Regular,Timberlane Regional,534,Sandown Central School,22775,5,60 - 65,13,31,32,24,56,44,2528,60 , 65,0,56,0,22775,0,0,0
2015,sch,rea,Regular,Timberlane Regional,534,Sandown Central School,22775,0,135 - 140,<10,18,34,42,76,24,NULL,135 , 140,0,76,0,22775,0,0,0
2015,sch,rea,Regular,Timberlane Regional,534,Sandown Central School,22775,4,70 - 75,<10,19,39,36,75,25,2510,70 , 75,0,75,0,22775,0,0,0
2015,sch,rea,Regular,Timberlane Regional,534,Sandown Central School,22775,5,60 - 65,<10,16,29,49,78,22,2563,60 , 65,0,78,0,22775,0,0,0
2015,sch,sci,Regular,Timberlane Regional,534,Sandown Central School,22775,0,70 - 75,<10,28,71,<10,71,29,NULL,70 , 75,0,71,0,22775,0,0,0
2015,sch,sci,Regular,Timberlane Regional,534,Sandown Central School,22775,4,70 - 75,<10,28,71,<10,71,29,NULL,70 , 75,0,71,0,22775,0,0,0
2015,sch,mat,Regular,Timberlane Regional,534,Sandown North Elementary School,27910,0,70 - 75,<10,25,42,32,74,26,NULL,70 , 75,72.5,74,5365,27910,72.5,5365,74
2015,sch,mat,Regular,Timberlane Regional,534,Sandown North Elementary School,27910,3,70 - 75,<10,25,42,32,74,26,2476,70 , 75,0,74,0,27910,0,0,0
2015,sch,rea,Regular,Timberlane Regional,534,Sandown North Elementary School,27910,0,70 - 75,<10,36,36,27,63,37,NULL,70 , 75,0,63,0,27910,0,0,0
2015,sch,rea,Regular,Timberlane Regional,534,Sandown North Elementary School,27910,3,70 - 75,<10,36,36,27,63,37,2457,70 , 75,0,63,0,27910,0,0,0
2015,sch,mat,Regular,Timberlane Regional,534,Timberlane Regional High School,22770,0,305 - 310,42,30,20,<10,29,71,NULL,305 , 310,307.5,29,8917.5,22770,307.5,8917.5,29
2015,sch,mat,Regular,Timberlane Regional,534,Timberlane Regional High School,22770,11,305 - 310,42,30,20,<10,29,71,2553,305 , 310,0,29,0,22770,0,0,0
2015,sch,rea,Regular,Timberlane Regional,534,Timberlane Regional High School,22770,0,305 - 310,22,29,37,13,50,50,NULL,305 , 310,0,50,0,22770,0,0,0
2015,sch,rea,Regular,Timberlane Regional,534,Timberlane Regional High School,22770,11,305 - 310,22,29,37,13,50,50,2570,305 , 310,0,50,0,22770,0,0,0
2015,sch,sci,Regular,Timberlane Regional,534,Timberlane Regional High School,22770,0,320 - 325,23,48,29,<10,30,70,NULL,320 , 325,0,30,0,22770,0,0,0
2015,sch,sci,Regular,Timberlane Regional,534,Timberlane Regional High School,22770,11,320 - 325,23,48,29,<10,30,70,NULL,320 , 325,0,30,0,22770,0,0,0
2015,sch,mat,Regular,Timberlane Regional,534,Timberlane Regional Middle School,22760,0,865 - 870,16,29,30,25,55,45,NULL,865 , 870,867.5,55,47712.5,22760,867.5,47712.5,55
2015,sch,mat,Regular,Timberlane Regional,534,Timberlane Regional Middle School,22760,6,285 - 290,21,32,29,17,47,53,2534,285 , 290,0,47,0,22760,0,0,0
2015,sch,mat,Regular,Timberlane Regional,534,Timberlane Regional Middle School,22760,7,300 - 305,12,26,32,30,62,38,2587,300 , 305,0,62,0,22760,0,0,0
2015,sch,mat,Regular,Timberlane Regional,534,Timberlane Regional Middle School,22760,8,275 - 280,16,29,27,28,55,45,2595,275 , 280,0,55,0,22760,0,0,0
2015,sch,rea,Regular,Timberlane Regional,534,Timberlane Regional Middle School,22760,0,865 - 870,<10,24,48,21,69,31,NULL,865 , 870,0,69,0,22760,0,0,0
2015,sch,rea,Regular,Timberlane Regional,534,Timberlane Regional Middle School,22760,6,285 - 290,<10,28,45,19,64,36,2553,285 , 290,0,64,0,22760,0,0,0
2015,sch,rea,Regular,Timberlane Regional,534,Timberlane Regional Middle School,22760,7,300 - 305,<10,17,51,26,77,23,2597,300 , 305,0,77,0,22760,0,0,0
2015,sch,rea,Regular,Timberlane Regional,534,Timberlane Regional Middle School,22760,8,275 - 280,<10,27,47,18,65,35,2591,275 , 280,0,65,0,22760,0,0,0
2015,sch,sci,Regular,Timberlane Regional,534,Timberlane Regional Middle School,22760,0,275 - 280,10,55,32,<10,34,66,NULL,275 , 280,0,34,0,22760,0,0,0
2015,sch,sci,Regular,Timberlane Regional,534,Timberlane Regional Middle School,22760,8,275 - 280,10,55,32,<10,34,66,NULL,275 , 280,0,34,0,22760,0,0,0
2015,sch,mat,Regular,Unity,539,Unity Elementary School,20180,0,65 - 70,18,28,31,24,54,46,NULL,65 , 70,67.5,54,3645,20180,67.5,3645,54
2015,sch,mat,Regular,Unity,539,Unity Elementary School,20180,3,15 - 20,25,25,38,13,50,50,2427,15 , 20,0,50,0,20180,0,0,0
2015,sch,mat,Regular,Unity,539,Unity Elementary School,20180,4,10 - 15,<10,33,42,17,58,42,2493,10 , 15,0,58,0,20180,0,0,0
2015,sch,mat,Regular,Unity,539,Unity Elementary School,20180,5,15 - 20,13,<10,40,47,87,13,2576,15 , 20,0,87,0,20180,0,0,0
2015,sch,mat,Regular,Unity,539,Unity Elementary School,20180,6, 0 - 10,* n < 11,* n < 11,* n < 11,* n < 11,* n < 11,* n < 11,* n < 11, 0 , 10,0,* n < 11,0,20180,0,0,0
2015,sch,mat,Regular,Unity,539,Unity Elementary School,20180,7,15 - 20,22,33,22,22,44,56,2548,15 , 20,0,44,0,20180,0,0,0
2015,sch,mat,Regular,Unity,539,Unity Elementary School,20180,8, 0 - 10,* n < 11,* n < 11,* n < 11,* n < 11,* n < 11,* n < 11,* n < 11, 0 , 10,0,* n < 11,0,20180,0,0,0
2015,sch,rea,Regular,Unity,539,Unity Elementary School,20180,0,65 - 70,19,25,33,23,57,43,NULL,65 , 70,0,57,0,20180,0,0,0
2015,sch,rea,Regular,Unity,539,Unity Elementary School,20180,3,15 - 20,38,44,<10,13,19,81,2398,15 , 20,0,19,0,20180,0,0,0
2015,sch,rea,Regular,Unity,539,Unity Elementary School,20180,4,10 - 15,33,25,25,17,42,58,2465,10 , 15,0,42,0,20180,0,0,0
2015,sch,rea,Regular,Unity,539,Unity Elementary School,20180,5,15 - 20,<10,13,47,40,87,13,2564,15 , 20,0,87,0,20180,0,0,0
2015,sch,rea,Regular,Unity,539,Unity Elementary School,20180,6, 0 - 10,* n < 11,* n < 11,* n < 11,* n < 11,* n < 11,* n < 11,* n < 11, 0 , 10,0,* n < 11,0,20180,0,0,0
2015,sch,rea,Regular,Unity,539,Unity Elementary School,20180,7,15 - 20,11,17,50,22,72,28,2588,15 , 20,0,72,0,20180,0,0,0
2015,sch,rea,Regular,Unity,539,Unity Elementary School,20180,8, 0 - 10,* n < 11,* n < 11,* n < 11,* n < 11,* n < 11,* n < 11,* n < 11, 0 , 10,0,* n < 11,0,20180,0,0,0
2015,sch,sci,Regular,Unity,539,Unity Elementary School,20180,0,15 - 20,29,47,24,<10,24,76,NULL,15 , 20,0,24,0,20180,0,0,0
2015,sch,sci,Regular,Unity,539,Unity Elementary School,20180,4,10 - 15,25,42,33,<10,33,67,NULL,10 , 15,0,33,0,20180,0,0,0
2015,sch,sci,Regular,Unity,539,Unity Elementary School,20180,8, 0 - 10,* n < 11,* n < 11,* n < 11,* n < 11,* n < 11,* n < 11,* n < 11, 0 , 10,0,* n < 11,0,20180,0,0,0
2015,sch,mat,Regular,Virtual Learning Academy Charter School,727,Virtual Learning Academy (H),28605,0, 0 - 10,* n < 11,* n < 11,* n < 11,* n < 11,* n < 11,* n < 11,* n < 11, 0 , 10,0,* n < 11,0,28605,0,0,0
2015,sch,mat,Regular,Virtual Learning Academy Charter School,727,Virtual Learning Academy (H),28605,11, 0 - 10,* n < 11,* n < 11,* n < 11,* n < 11,* n < 11,* n < 11,* n < 11, 0 , 10,0,* n < 11,0,28605,0,0,0
2015,sch,rea,Regular,Virtual Learning Academy Charter School,727,Virtual Learning Academy (H),28605,0, 0 - 10,* n < 11,* n < 11,* n < 11,* n < 11,* n < 11,* n < 11,* n < 11, 0 , 10,0,* n < 11,0,28605,0,0,0
2015,sch,rea,Regular,Virtual Learning Academy Charter School,727,Virtual Learning Academy (H),28605,11, 0 - 10,* n < 11,* n < 11,* n < 11,* n < 11,* n < 11,* n < 11,* n < 11, 0 , 10,0,* n < 11,0,28605,0,0,0
2015,sch,sci,Regular,Virtual Learning Academy Charter School,727,Virtual Learning Academy (H),28605,0, 0 - 10,* n < 11,* n < 11,* n < 11,* n < 11,* n < 11,* n < 11,* n < 11, 0 , 10,0,* n < 11,0,28605,0,0,0
2015,sch,sci,Regular,Virtual Learning Academy Charter School,727,Virtual Learning Academy (H),28605,11, 0 - 10,* n < 11,* n < 11,* n < 11,* n < 11,* n < 11,* n < 11,* n < 11, 0 , 10,0,* n < 11,0,28605,0,0,0
2015,sch,mat,Regular,Wakefield,543,Paul Elementary School,22110,0,230 - 235,21,38,26,15,41,59,NULL,230 , 235,232.5,41,9532.5,22110,232.5,9532.5,41
2015,sch,mat,Regular,Wakefield,543,Paul Elementary School,22110,3,35 - 40,36,26,33,<10,38,62,2408,35 , 40,0,38,0,22110,0,0,0
2015,sch,mat,Regular,Wakefield,543,Paul Elementary School,22110,4,40 - 45,12,57,24,<10,31,69,2468,40 , 45,0,31,0,22110,0,0,0
2015,sch,mat,Regular,Wakefield,543,Paul Elementary School,22110,5,30 - 35,33,42,18,<10,24,76,2478,30 , 35,0,24,0,22110,0,0,0
2015,sch,mat,Regular,Wakefield,543,Paul Elementary School,22110,6,50 - 55,17,34,23,26,49,51,2544,50 , 55,0,49,0,22110,0,0,0
2015,sch,mat,Regular,Wakefield,543,Paul Elementary School,22110,7,35 - 40,<10,29,34,29,63,37,2579,35 , 40,0,63,0,22110,0,0,0
2015,sch,mat,Regular,Wakefield,543,Paul Elementary School,22110,8,25 - 30,24,38,24,14,38,62,2551,25 , 30,0,38,0,22110,0,0,0
2015,sch,rea,Regular,Wakefield,543,Paul Elementary School,22110,0,235 - 240,24,33,31,11,43,57,NULL,235 , 240,0,43,0,22110,0,0,0
2015,sch,rea,Regular,Wakefield,543,Paul Elementary School,22110,3,35 - 40,36,31,18,15,33,67,2395,35 , 40,0,33,0,22110,0,0,0
2015,sch,rea,Regular,Wakefield,543,Paul Elementary School,22110,4,40 - 45,23,28,28,21,49,51,2467,40 , 45,0,49,0,22110,0,0,0
2015,sch,rea,Regular,Wakefield,543,Paul Elementary School,22110,5,30 - 35,26,29,38,<10,44,56,2484,30 , 35,0,44,0,22110,0,0,0
2015,sch,rea,Regular,Wakefield,543,Paul Elementary School,22110,6,50 - 55,19,30,38,13,51,49,2530,50 , 55,0,51,0,22110,0,0,0
2015,sch,rea,Regular,Wakefield,543,Paul Elementary School,22110,7,35 - 40,11,33,47,<10,56,44,2557,35 , 40,0,56,0,22110,0,0,0
2015,sch,rea,Regular,Wakefield,543,Paul Elementary School,22110,8,30 - 35,33,50,17,<10,17,83,2507,30 , 35,0,17,0,22110,0,0,0
2015,sch,sci,Regular,Wakefield,543,Paul Elementary School,22110,0,80 - 85,31,48,21,<10,21,79,NULL,80 , 85,0,21,0,22110,0,0,0
2015,sch,sci,Regular,Wakefield,543,Paul Elementary School,22110,4,40 - 45,16,49,35,<10,35,65,NULL,40 , 45,0,35,0,22110,0,0,0
2015,sch,sci,Regular,Wakefield,543,Paul Elementary School,22110,8,35 - 40,49,46,<10,<10,<10,>90,NULL,35 , 40,0,10,0,22110,0,0,0
2015,sch,mat,Regular,Warren,549,Warren Village School,20900,0,35 - 40,<10,<10,50,42,>90,<10,NULL,35 , 40,37.5,90,3375,20900,37.5,3375,90
2015,sch,mat,Regular,Warren,549,Warren Village School,20900,3, 0 - 10,* n < 11,* n < 11,* n < 11,* n < 11,* n < 11,* n < 11,* n < 11, 0 , 10,0,* n < 11,0,20900,0,0,0
2015,sch,mat,Regular,Warren,549,Warren Village School,20900,4, 0 - 10,* n < 11,* n < 11,* n < 11,* n < 11,* n < 11,* n < 11,* n < 11, 0 , 10,0,* n < 11,0,20900,0,0,0
2015,sch,mat,Regular,Warren,549,Warren Village School,20900,5, 0 - 10,* n < 11,* n < 11,* n < 11,* n < 11,* n < 11,* n < 11,* n < 11, 0 , 10,0,* n < 11,0,20900,0,0,0
2015,sch,mat,Regular,Warren,549,Warren Village School,20900,6, 0 - 10,* n < 11,* n < 11,* n < 11,* n < 11,* n < 11,* n < 11,* n < 11, 0 , 10,0,* n < 11,0,20900,0,0,0
2015,sch,mat,Regular,Warren,549,Warren Village School,20900,7, 0 - 10,* n < 11,* n < 11,* n < 11,* n < 11,* n < 11,* n < 11,* n < 11, 0 , 10,0,* n < 11,0,20900,0,0,0
2015,sch,rea,Regular,Warren,549,Warren Village School,20900,0,35 - 40,<10,<10,74,21,>90,<10,NULL,35 , 40,0,90,0,20900,0,0,0
2015,sch,rea,Regular,Warren,549,Warren Village School,20900,3, 0 - 10,* n < 11,* n < 11,* n < 11,* n < 11,* n < 11,* n < 11,* n < 11, 0 , 10,0,* n < 11,0,20900,0,0,0
2015,sch,rea,Regular,Warren,549,Warren Village School,20900,4, 0 - 10,* n < 11,* n < 11,* n < 11,* n < 11,* n < 11,* n < 11,* n < 11, 0 , 10,0,* n < 11,0,20900,0,0,0
2015,sch,rea,Regular,Warren,549,Warren Village School,20900,5, 0 - 10,* n < 11,* n < 11,* n < 11,* n < 11,* n < 11,* n < 11,* n < 11, 0 , 10,0,* n < 11,0,20900,0,0,0
2015,sch,rea,Regular,Warren,549,Warren Village School,20900,6, 0 - 10,* n < 11,* n < 11,* n < 11,* n < 11,* n < 11,* n < 11,* n < 11, 0 , 10,0,* n < 11,0,20900,0,0,0
2015,sch,rea,Regular,Warren,549,Warren Village School,20900,7, 0 - 10,* n < 11,* n < 11,* n < 11,* n < 11,* n < 11,* n < 11,* n < 11, 0 , 10,0,* n < 11,0,20900,0,0,0
2015,sch,sci,Regular,Warren,549,Warren Village School,20900,0, 0 - 10,* n < 11,* n < 11,* n < 11,* n < 11,* n < 11,* n < 11,* n < 11, 0 , 10,0,* n < 11,0,20900,0,0,0
2015,sch,sci,Regular,Warren,549,Warren Village School,20900,4, 0 - 10,* n < 11,* n < 11,* n < 11,* n < 11,* n < 11,* n < 11,* n < 11, 0 , 10,0,* n < 11,0,20900,0,0,0
2015,sch,mat,Regular,Washington,551,Washington Elementary School,20985,0,30 - 35,10,43,23,23,47,53,NULL,30 , 35,32.5,47,1527.5,20985,32.5,1527.5,47
2015,sch,mat,Regular,Washington,551,Washington Elementary School,20985,3, 0 - 10,* n < 11,* n < 11,* n < 11,* n < 11,* n < 11,* n < 11,* n < 11, 0 , 10,0,* n < 11,0,20985,0,0,0
2015,sch,mat,Regular,Washington,551,Washington Elementary School,20985,4,10 - 15,18,45,27,<10,36,64,2463,10 , 15,0,36,0,20985,0,0,0
2015,sch,mat,Regular,Washington,551,Washington Elementary School,20985,5, 0 - 10,* n < 11,* n < 11,* n < 11,* n < 11,* n < 11,* n < 11,* n < 11, 0 , 10,0,* n < 11,0,20985,0,0,0
2015,sch,rea,Regular,Washington,551,Washington Elementary School,20985,0,30 - 35,<10,23,33,37,70,30,NULL,30 , 35,0,70,0,20985,0,0,0
2015,sch,rea,Regular,Washington,551,Washington Elementary School,20985,3, 0 - 10,* n < 11,* n < 11,* n < 11,* n < 11,* n < 11,* n < 11,* n < 11, 0 , 10,0,* n < 11,0,20985,0,0,0
2015,sch,rea,Regular,Washington,551,Washington Elementary School,20985,4,10 - 15,<10,27,36,27,64,36,2501,10 , 15,0,64,0,20985,0,0,0
2015,sch,rea,Regular,Washington,551,Washington Elementary School,20985,5, 0 - 10,* n < 11,* n < 11,* n < 11,* n < 11,* n < 11,* n < 11,* n < 11, 0 , 10,0,* n < 11,0,20985,0,0,0
2015,sch,sci,Regular,Washington,551,Washington Elementary School,20985,0,10 - 15,<10,36,64,<10,64,36,NULL,10 , 15,0,64,0,20985,0,0,0
2015,sch,sci,Regular,Washington,551,Washington Elementary School,20985,4,10 - 15,<10,36,64,<10,64,36,NULL,10 , 15,0,64,0,20985,0,0,0
2015,sch,mat,Regular,Waterville Valley,553,Waterville Valley Elementary School,22385,0,20 - 25,<10,<10,45,55,>90,<10,NULL,20 , 25,22.5,90,2025,22385,22.5,2025,90
2015,sch,mat,Regular,Waterville Valley,553,Waterville Valley Elementary School,22385,3, 0 - 10,* n < 11,* n < 11,* n < 11,* n < 11,* n < 11,* n < 11,* n < 11, 0 , 10,0,* n < 11,0,22385,0,0,0
2015,sch,mat,Regular,Waterville Valley,553,Waterville Valley Elementary School,22385,4, 0 - 10,* n < 11,* n < 11,* n < 11,* n < 11,* n < 11,* n < 11,* n < 11, 0 , 10,0,* n < 11,0,22385,0,0,0
2015,sch,mat,Regular,Waterville Valley,553,Waterville Valley Elementary School,22385,5, 0 - 10,* n < 11,* n < 11,* n < 11,* n < 11,* n < 11,* n < 11,* n < 11, 0 , 10,0,* n < 11,0,22385,0,0,0
2015,sch,mat,Regular,Waterville Valley,553,Waterville Valley Elementary School,22385,6, 0 - 10,* n < 11,* n < 11,* n < 11,* n < 11,* n < 11,* n < 11,* n < 11, 0 , 10,0,* n < 11,0,22385,0,0,0
2015,sch,mat,Regular,Waterville Valley,553,Waterville Valley Elementary School,22385,7, 0 - 10,* n < 11,* n < 11,* n < 11,* n < 11,* n < 11,* n < 11,* n < 11, 0 , 10,0,* n < 11,0,22385,0,0,0
2015,sch,mat,Regular,Waterville Valley,553,Waterville Valley Elementary School,22385,8, 0 - 10,* n < 11,* n < 11,* n < 11,* n < 11,* n < 11,* n < 11,* n < 11, 0 , 10,0,* n < 11,0,22385,0,0,0
2015,sch,rea,Regular,Waterville Valley,553,Waterville Valley Elementary School,22385,0,20 - 25,<10,32,32,36,68,32,NULL,20 , 25,0,68,0,22385,0,0,0
2015,sch,rea,Regular,Waterville Valley,553,Waterville Valley Elementary School,22385,3, 0 - 10,* n < 11,* n < 11,* n < 11,* n < 11,* n < 11,* n < 11,* n < 11, 0 , 10,0,* n < 11,0,22385,0,0,0
2015,sch,rea,Regular,Waterville Valley,553,Waterville Valley Elementary School,22385,4, 0 - 10,* n < 11,* n < 11,* n < 11,* n < 11,* n < 11,* n < 11,* n < 11, 0 , 10,0,* n < 11,0,22385,0,0,0
2015,sch,rea,Regular,Waterville Valley,553,Waterville Valley Elementary School,22385,5, 0 - 10,* n < 11,* n < 11,* n < 11,* n < 11,* n < 11,* n < 11,* n < 11, 0 , 10,0,* n < 11,0,22385,0,0,0
2015,sch,rea,Regular,Waterville Valley,553,Waterville Valley Elementary School,22385,6, 0 - 10,* n < 11,* n < 11,* n < 11,* n < 11,* n < 11,* n < 11,* n < 11, 0 , 10,0,* n < 11,0,22385,0,0,0
2015,sch,rea,Regular,Waterville Valley,553,Waterville Valley Elementary School,22385,7, 0 - 10,* n < 11,* n < 11,* n < 11,* n < 11,* n < 11,* n < 11,* n < 11, 0 , 10,0,* n < 11,0,22385,0,0,0
2015,sch,rea,Regular,Waterville Valley,553,Waterville Valley Elementary School,22385,8, 0 - 10,* n < 11,* n < 11,* n < 11,* n < 11,* n < 11,* n < 11,* n < 11, 0 , 10,0,* n < 11,0,22385,0,0,0
2015,sch,sci,Regular,Waterville Valley,553,Waterville Valley Elementary School,22385,0, 0 - 10,* n < 11,* n < 11,* n < 11,* n < 11,* n < 11,* n < 11,* n < 11, 0 , 10,0,* n < 11,0,22385,0,0,0
2015,sch,sci,Regular,Waterville Valley,553,Waterville Valley Elementary School,22385,4, 0 - 10,* n < 11,* n < 11,* n < 11,* n < 11,* n < 11,* n < 11,* n < 11, 0 , 10,0,* n < 11,0,22385,0,0,0
2015,sch,sci,Regular,Waterville Valley,553,Waterville Valley Elementary School,22385,8, 0 - 10,* n < 11,* n < 11,* n < 11,* n < 11,* n < 11,* n < 11,* n < 11, 0 , 10,0,* n < 11,0,22385,0,0,0
2015,sch,mat,Regular,Weare,555,Center Woods School,26810,0,220 - 225,12,39,35,14,49,51,NULL,220 , 225,222.5,49,10902.5,26810,222.5,10902.5,49
2015,sch,mat,Regular,Weare,555,Center Woods School,26810,3,120 - 125,15,34,41,<10,50,50,2431,120 , 125,0,50,0,26810,0,0,0
2015,sch,mat,Regular,Weare,555,Center Woods School,26810,4,100 - 105,<10,45,27,21,48,52,2492,100 , 105,0,48,0,26810,0,0,0
2015,sch,rea,Regular,Weare,555,Center Woods School,26810,0,220 - 225,23,27,27,22,50,50,NULL,220 , 225,0,50,0,26810,0,0,0
2015,sch,rea,Regular,Weare,555,Center Woods School,26810,3,120 - 125,23,25,28,24,52,48,2437,120 , 125,0,52,0,26810,0,0,0
2015,sch,rea,Regular,Weare,555,Center Woods School,26810,4,100 - 105,24,29,27,20,47,53,2469,100 , 105,0,47,0,26810,0,0,0
2015,sch,sci,Regular,Weare,555,Center Woods School,26810,0,100 - 105,14,56,28,<10,30,70,NULL,100 , 105,0,30,0,26810,0,0,0
2015,sch,sci,Regular,Weare,555,Center Woods School,26810,4,100 - 105,14,56,28,<10,30,70,NULL,100 , 105,0,30,0,26810,0,0,0
2015,sch,mat,Regular,Weare,555,Weare Middle School,20720,0,470 - 475,26,38,23,13,36,64,NULL,470 , 475,472.5,36,17010,20720,472.5,17010,36
2015,sch,mat,Regular,Weare,555,Weare Middle School,20720,5,95 - 100,26,38,22,13,35,65,2499,95 , 100,0,35,0,20720,0,0,0
2015,sch,mat,Regular,Weare,555,Weare Middle School,20720,6,125 - 130,27,43,25,<10,31,69,2512,125 , 130,0,31,0,20720,0,0,0
2015,sch,mat,Regular,Weare,555,Weare Middle School,20720,7,115 - 120,23,38,23,16,39,61,2543,115 , 120,0,39,0,20720,0,0,0
2015,sch,mat,Regular,Weare,555,Weare Middle School,20720,8,125 - 130,28,33,22,17,40,60,2556,125 , 130,0,40,0,20720,0,0,0
2015,sch,rea,Regular,Weare,555,Weare Middle School,20720,0,470 - 475,21,31,37,11,49,51,NULL,470 , 475,0,49,0,20720,0,0,0
2015,sch,rea,Regular,Weare,555,Weare Middle School,20720,5,95 - 100,26,27,32,15,47,53,2494,95 , 100,0,47,0,20720,0,0,0
2015,sch,rea,Regular,Weare,555,Weare Middle School,20720,6,125 - 130,22,35,35,<10,43,57,2513,125 , 130,0,43,0,20720,0,0,0
2015,sch,rea,Regular,Weare,555,Weare Middle School,20720,7,115 - 120,18,40,36,<10,42,58,2544,115 , 120,0,42,0,20720,0,0,0
2015,sch,rea,Regular,Weare,555,Weare Middle School,20720,8,125 - 130,18,20,44,18,62,38,2581,125 , 130,0,62,0,20720,0,0,0
2015,sch,sci,Regular,Weare,555,Weare Middle School,20720,0,125 - 130,21,53,25,<10,26,74,NULL,125 , 130,0,26,0,20720,0,0,0
2015,sch,sci,Regular,Weare,555,Weare Middle School,20720,8,125 - 130,21,53,25,<10,26,74,NULL,125 , 130,0,26,0,20720,0,0,0
2015,sch,mat,Regular,Wentworth,559,Wentworth Elementary School,22390,0,40 - 45,<10,34,24,39,63,37,NULL,40 , 45,42.5,63,2677.5,22390,42.5,2677.5,63
2015,sch,mat,Regular,Wentworth,559,Wentworth Elementary School,22390,3, 0 - 10,* n < 11,* n < 11,* n < 11,* n < 11,* n < 11,* n < 11,* n < 11, 0 , 10,0,* n < 11,0,22390,0,0,0
2015,sch,mat,Regular,Wentworth,559,Wentworth Elementary School,22390,4, 0 - 10,* n < 11,* n < 11,* n < 11,* n < 11,* n < 11,* n < 11,* n < 11, 0 , 10,0,* n < 11,0,22390,0,0,0
2015,sch,mat,Regular,Wentworth,559,Wentworth Elementary School,22390,5, 0 - 10,* n < 11,* n < 11,* n < 11,* n < 11,* n < 11,* n < 11,* n < 11, 0 , 10,0,* n < 11,0,22390,0,0,0
2015,sch,mat,Regular,Wentworth,559,Wentworth Elementary School,22390,6, 0 - 10,* n < 11,* n < 11,* n < 11,* n < 11,* n < 11,* n < 11,* n < 11, 0 , 10,0,* n < 11,0,22390,0,0,0
2015,sch,mat,Regular,Wentworth,559,Wentworth Elementary School,22390,7, 0 - 10,* n < 11,* n < 11,* n < 11,* n < 11,* n < 11,* n < 11,* n < 11, 0 , 10,0,* n < 11,0,22390,0,0,0
2015,sch,mat,Regular,Wentworth,559,Wentworth Elementary School,22390,8, 0 - 10,* n < 11,* n < 11,* n < 11,* n < 11,* n < 11,* n < 11,* n < 11, 0 , 10,0,* n < 11,0,22390,0,0,0
2015,sch,rea,Regular,Wentworth,559,Wentworth Elementary School,22390,0,40 - 45,<10,24,32,39,71,29,NULL,40 , 45,0,71,0,22390,0,0,0
2015,sch,rea,Regular,Wentworth,559,Wentworth Elementary School,22390,3, 0 - 10,* n < 11,* n < 11,* n < 11,* n < 11,* n < 11,* n < 11,* n < 11, 0 , 10,0,* n < 11,0,22390,0,0,0
2015,sch,rea,Regular,Wentworth,559,Wentworth Elementary School,22390,4, 0 - 10,* n < 11,* n < 11,* n < 11,* n < 11,* n < 11,* n < 11,* n < 11, 0 , 10,0,* n < 11,0,22390,0,0,0
2015,sch,rea,Regular,Wentworth,559,Wentworth Elementary School,22390,5, 0 - 10,* n < 11,* n < 11,* n < 11,* n < 11,* n < 11,* n < 11,* n < 11, 0 , 10,0,* n < 11,0,22390,0,0,0
2015,sch,rea,Regular,Wentworth,559,Wentworth Elementary School,22390,6, 0 - 10,* n < 11,* n < 11,* n < 11,* n < 11,* n < 11,* n < 11,* n < 11, 0 , 10,0,* n < 11,0,22390,0,0,0
2015,sch,rea,Regular,Wentworth,559,Wentworth Elementary School,22390,7, 0 - 10,* n < 11,* n < 11,* n < 11,* n < 11,* n < 11,* n < 11,* n < 11, 0 , 10,0,* n < 11,0,22390,0,0,0
2015,sch,rea,Regular,Wentworth,559,Wentworth Elementary School,22390,8, 0 - 10,* n < 11,* n < 11,* n < 11,* n < 11,* n < 11,* n < 11,* n < 11, 0 , 10,0,* n < 11,0,22390,0,0,0
2015,sch,sci,Regular,Wentworth,559,Wentworth Elementary School,22390,0,10 - 15,15,38,46,<10,46,54,NULL,10 , 15,0,46,0,22390,0,0,0
2015,sch,sci,Regular,Wentworth,559,Wentworth Elementary School,22390,4, 0 - 10,* n < 11,* n < 11,* n < 11,* n < 11,* n < 11,* n < 11,* n < 11, 0 , 10,0,* n < 11,0,22390,0,0,0
2015,sch,sci,Regular,Wentworth,559,Wentworth Elementary School,22390,8, 0 - 10,* n < 11,* n < 11,* n < 11,* n < 11,* n < 11,* n < 11,* n < 11, 0 , 10,0,* n < 11,0,22390,0,0,0
2015,sch,mat,Regular,Westmoreland,563,Westmoreland School,21230,0,105 - 110,17,33,28,21,50,50,NULL,105 , 110,107.5,50,5375,21230,107.5,5375,50
2015,sch,mat,Regular,Westmoreland,563,Westmoreland School,21230,3,15 - 20,21,37,32,11,42,58,2426,15 , 20,0,42,0,21230,0,0,0
2015,sch,mat,Regular,Westmoreland,563,Westmoreland School,21230,4,15 - 20,16,32,32,21,53,47,2497,15 , 20,0,53,0,21230,0,0,0
2015,sch,mat,Regular,Westmoreland,563,Westmoreland School,21230,5,15 - 20,32,37,11,21,32,68,2498,15 , 20,0,32,0,21230,0,0,0
2015,sch,mat,Regular,Westmoreland,563,Westmoreland School,21230,6,15 - 20,<10,47,33,13,47,53,2550,15 , 20,0,47,0,21230,0,0,0
2015,sch,mat,Regular,Westmoreland,563,Westmoreland School,21230,7,20 - 25,14,29,38,19,57,43,2575,20 , 25,0,57,0,21230,0,0,0
2015,sch,mat,Regular,Westmoreland,563,Westmoreland School,21230,8,15 - 20,13,19,25,44,69,31,2615,15 , 20,0,69,0,21230,0,0,0
2015,sch,rea,Regular,Westmoreland,563,Westmoreland School,21230,0,105 - 110,<10,23,39,30,70,30,NULL,105 , 110,0,70,0,21230,0,0,0
2015,sch,rea,Regular,Westmoreland,563,Westmoreland School,21230,3,15 - 20,16,37,11,37,47,53,2447,15 , 20,0,47,0,21230,0,0,0
2015,sch,rea,Regular,Westmoreland,563,Westmoreland School,21230,4,15 - 20,16,21,21,42,63,37,2496,15 , 20,0,63,0,21230,0,0,0
2015,sch,rea,Regular,Westmoreland,563,Westmoreland School,21230,5,15 - 20,11,21,42,26,68,32,2532,15 , 20,0,68,0,21230,0,0,0
2015,sch,rea,Regular,Westmoreland,563,Westmoreland School,21230,6,15 - 20,<10,33,40,27,67,33,2569,15 , 20,0,67,0,21230,0,0,0
2015,sch,rea,Regular,Westmoreland,563,Westmoreland School,21230,7,20 - 25,<10,10,71,19,90,10,2617,20 , 25,0,90,0,21230,0,0,0
2015,sch,rea,Regular,Westmoreland,563,Westmoreland School,21230,8,15 - 20,<10,19,50,31,81,19,2633,15 , 20,0,81,0,21230,0,0,0
2015,sch,sci,Regular,Westmoreland,563,Westmoreland School,21230,0,35 - 40,<10,43,49,<10,51,49,NULL,35 , 40,0,51,0,21230,0,0,0
2015,sch,sci,Regular,Westmoreland,563,Westmoreland School,21230,4,15 - 20,<10,37,53,<10,58,42,NULL,15 , 20,0,58,0,21230,0,0,0
2015,sch,sci,Regular,Westmoreland,563,Westmoreland School,21230,8,15 - 20,<10,50,44,<10,44,56,NULL,15 , 20,0,44,0,21230,0,0,0
2015,sch,mat,Regular,White Mountains Regional,568,Jefferson Elementary School,21470,0,35 - 40,16,30,30,24,54,46,NULL,35 , 40,37.5,54,2025,0,0,0,0
2015,sch,mat,Regular,White Mountains Regional,568,Jefferson Elementary School,21470,3,15 - 20,13,27,40,20,60,40,2454,15 , 20,0,60,0,0,0,0,0
2015,sch,mat,Regular,White Mountains Regional,568,Jefferson Elementary School,21470,4, 0 - 10,* n < 11,* n < 11,* n < 11,* n < 11,* n < 11,* n < 11,* n < 11, 0 , 10,0,* n < 11,0,0,0,0,0
2015,sch,mat,Regular,White Mountains Regional,568,Jefferson Elementary School,21470,5,10 - 15,36,27,18,18,36,64,2492,10 , 15,0,36,0,0,0,0,0
2015,sch,mat,Regular,White Mountains Regional,568,Jefferson Elementary School,21470,6, 0 - 10,* n < 11,* n < 11,* n < 11,* n < 11,* n < 11,* n < 11,* n < 11, 0 , 10,0,* n < 11,0,0,0,0,0
2015,sch,rea,Regular,White Mountains Regional,568,Jefferson Elementary School,21470,0,35 - 40,22,11,38,30,68,32,NULL,35 , 40,0,68,0,0,0,0,0
2015,sch,rea,Regular,White Mountains Regional,568,Jefferson Elementary School,21470,3,15 - 20,27,<10,33,40,73,27,2455,15 , 20,0,73,0,0,0,0,0
2015,sch,rea,Regular,White Mountains Regional,568,Jefferson Elementary School,21470,4, 0 - 10,* n < 11,* n < 11,* n < 11,* n < 11,* n < 11,* n < 11,* n < 11, 0 , 10,0,* n < 11,0,0,0,0,0
2015,sch,rea,Regular,White Mountains Regional,568,Jefferson Elementary School,21470,5,10 - 15,18,18,36,27,64,36,2517,10 , 15,0,64,0,0,0,0,0
2015,sch,rea,Regular,White Mountains Regional,568,Jefferson Elementary School,21470,6, 0 - 10,* n < 11,* n < 11,* n < 11,* n < 11,* n < 11,* n < 11,* n < 11, 0 , 10,0,* n < 11,0,0,0,0,0
2015,sch,sci,Regular,White Mountains Regional,568,Jefferson Elementary School,21470,0, 0 - 10,* n < 11,* n < 11,* n < 11,* n < 11,* n < 11,* n < 11,* n < 11, 0 , 10,0,* n < 11,0,0,0,0,0
2015,sch,sci,Regular,White Mountains Regional,568,Jefferson Elementary School,21470,4, 0 - 10,* n < 11,* n < 11,* n < 11,* n < 11,* n < 11,* n < 11,* n < 11, 0 , 10,0,* n < 11,0,0,0,0,0
2015,sch,mat,Regular,White Mountains Regional,568,Lancaster Elementary School,21475,0,245 - 250,17,25,31,27,58,42,NULL,245 , 250,247.5,58,14355,21475,247.5,14355,58
2015,sch,mat,Regular,White Mountains Regional,568,Lancaster Elementary School,21475,3,40 - 45,24,22,34,20,54,46,2436,40 , 45,0,54,0,21475,0,0,0
2015,sch,mat,Regular,White Mountains Regional,568,Lancaster Elementary School,21475,4,25 - 30,16,24,40,20,60,40,2486,25 , 30,0,60,0,21475,0,0,0
2015,sch,mat,Regular,White Mountains Regional,568,Lancaster Elementary School,21475,5,30 - 35,39,24,21,15,36,64,2501,30 , 35,0,36,0,21475,0,0,0
2015,sch,mat,Regular,White Mountains Regional,568,Lancaster Elementary School,21475,6,40 - 45,10,29,36,26,62,38,2565,40 , 45,0,62,0,21475,0,0,0
2015,sch,mat,Regular,White Mountains Regional,568,Lancaster Elementary School,21475,7,50 - 55,<10,24,36,32,68,32,2607,50 , 55,0,68,0,21475,0,0,0
2015,sch,mat,Regular,White Mountains Regional,568,Lancaster Elementary School,21475,8,55 - 60,12,26,25,37,61,39,2613,55 , 60,0,61,0,21475,0,0,0
2015,sch,rea,Regular,White Mountains Regional,568,Lancaster Elementary School,21475,0,245 - 250,16,25,35,23,59,41,NULL,245 , 250,0,59,0,21475,0,0,0
2015,sch,rea,Regular,White Mountains Regional,568,Lancaster Elementary School,21475,3,40 - 45,29,20,27,24,51,49,2430,40 , 45,0,51,0,21475,0,0,0
2015,sch,rea,Regular,White Mountains Regional,568,Lancaster Elementary School,21475,4,25 - 30,28,<10,36,28,64,36,2484,25 , 30,0,64,0,21475,0,0,0
2015,sch,rea,Regular,White Mountains Regional,568,Lancaster Elementary School,21475,5,30 - 35,30,21,21,27,48,52,2499,30 , 35,0,48,0,21475,0,0,0
2015,sch,rea,Regular,White Mountains Regional,568,Lancaster Elementary School,21475,6,40 - 45,10,17,57,17,74,26,2562,40 , 45,0,74,0,21475,0,0,0
2015,sch,rea,Regular,White Mountains Regional,568,Lancaster Elementary School,21475,7,50 - 55,<10,34,38,24,62,38,2590,50 , 55,0,62,0,21475,0,0,0
2015,sch,rea,Regular,White Mountains Regional,568,Lancaster Elementary School,21475,8,55 - 60,<10,39,32,23,54,46,2595,55 , 60,0,54,0,21475,0,0,0
2015,sch,sci,Regular,White Mountains Regional,568,Lancaster Elementary School,21475,0,80 - 85,15,54,30,<10,31,69,NULL,80 , 85,0,31,0,21475,0,0,0
2015,sch,sci,Regular,White Mountains Regional,568,Lancaster Elementary School,21475,4,25 - 30,<10,44,48,<10,48,52,NULL,25 , 30,0,48,0,21475,0,0,0
2015,sch,sci,Regular,White Mountains Regional,568,Lancaster Elementary School,21475,8,55 - 60,18,59,21,<10,23,77,NULL,55 , 60,0,23,0,21475,0,0,0
2015,sch,mat,Regular,White Mountains Regional,568,North Country CLASS,28645,0, 0 - 10,* n < 11,* n < 11,* n < 11,* n < 11,* n < 11,* n < 11,* n < 11, 0 , 10,0,* n < 11,0,0,0,0,0
2015,sch,mat,Regular,White Mountains Regional,568,North Country CLASS,28645,6, 0 - 10,* n < 11,* n < 11,* n < 11,* n < 11,* n < 11,* n < 11,* n < 11, 0 , 10,0,* n < 11,0,0,0,0,0
2015,sch,rea,Regular,White Mountains Regional,568,North Country CLASS,28645,0, 0 - 10,* n < 11,* n < 11,* n < 11,* n < 11,* n < 11,* n < 11,* n < 11, 0 , 10,0,* n < 11,0,0,0,0,0
2015,sch,rea,Regular,White Mountains Regional,568,North Country CLASS,28645,6, 0 - 10,* n < 11,* n < 11,* n < 11,* n < 11,* n < 11,* n < 11,* n < 11, 0 , 10,0,* n < 11,0,0,0,0,0
2015,sch,mat,Regular,White Mountains Regional,568,White Mountains Regional High School,21480,0,75 - 80,31,31,23,16,39,61,NULL,75 , 80,77.5,39,3022.5,21480,77.5,3022.5,39
2015,sch,mat,Regular,White Mountains Regional,568,White Mountains Regional High School,21480,11,75 - 80,31,31,23,16,39,61,2594,75 , 80,0,39,0,21480,0,0,0
2015,sch,rea,Regular,White Mountains Regional,568,White Mountains Regional High School,21480,0,75 - 80,<10,21,32,37,69,31,NULL,75 , 80,0,69,0,21480,0,0,0
2015,sch,rea,Regular,White Mountains Regional,568,White Mountains Regional High School,21480,11,75 - 80,<10,21,32,37,69,31,2637,75 , 80,0,69,0,21480,0,0,0
2015,sch,sci,Regular,White Mountains Regional,568,White Mountains Regional High School,21480,0,75 - 80,17,45,38,<10,38,62,NULL,75 , 80,0,38,0,21480,0,0,0
2015,sch,sci,Regular,White Mountains Regional,568,White Mountains Regional High School,21480,11,75 - 80,17,45,38,<10,38,62,NULL,75 , 80,0,38,0,21480,0,0,0
2015,sch,mat,Regular,White Mountains Regional,568,Whitefield Elementary School,26930,0,200 - 205,14,37,34,15,49,51,NULL,200 , 205,202.5,49,9922.5,26930,202.5,9922.5,49
2015,sch,mat,Regular,White Mountains Regional,568,Whitefield Elementary School,26930,3,45 - 50,<10,40,38,13,51,49,2444,45 , 50,0,51,0,26930,0,0,0
2015,sch,mat,Regular,White Mountains Regional,568,Whitefield Elementary School,26930,4,25 - 30,<10,29,39,25,64,36,2508,25 , 30,0,64,0,26930,0,0,0
2015,sch,mat,Regular,White Mountains Regional,568,Whitefield Elementary School,26930,5,20 - 25,17,35,35,13,48,52,2513,20 , 25,0,48,0,26930,0,0,0
2015,sch,mat,Regular,White Mountains Regional,568,Whitefield Elementary School,26930,6,30 - 35,28,34,31,<10,38,63,2518,30 , 35,0,38,0,26930,0,0,0
2015,sch,mat,Regular,White Mountains Regional,568,Whitefield Elementary School,26930,7,35 - 40,<10,42,39,14,53,47,2570,35 , 40,0,53,0,26930,0,0,0
2015,sch,mat,Regular,White Mountains Regional,568,Whitefield Elementary School,26930,8,35 - 40,21,39,21,18,39,61,2563,35 , 40,0,39,0,26930,0,0,0
2015,sch,rea,Regular,White Mountains Regional,568,Whitefield Elementary School,26930,0,200 - 205,11,26,44,19,62,38,NULL,200 , 205,0,62,0,26930,0,0,0
2015,sch,rea,Regular,White Mountains Regional,568,Whitefield Elementary School,26930,3,45 - 50,16,31,29,24,53,47,2435,45 , 50,0,53,0,26930,0,0,0
2015,sch,rea,Regular,White Mountains Regional,568,Whitefield Elementary School,26930,4,25 - 30,18,25,32,25,57,43,2486,25 , 30,0,57,0,26930,0,0,0
2015,sch,rea,Regular,White Mountains Regional,568,Whitefield Elementary School,26930,5,20 - 25,<10,13,65,13,78,22,2524,20 , 25,0,78,0,26930,0,0,0
2015,sch,rea,Regular,White Mountains Regional,568,Whitefield Elementary School,26930,6,30 - 35,13,31,44,13,56,44,2541,30 , 35,0,56,0,26930,0,0,0
2015,sch,rea,Regular,White Mountains Regional,568,Whitefield Elementary School,26930,7,35 - 40,<10,19,61,17,78,22,2604,35 , 40,0,78,0,26930,0,0,0
2015,sch,rea,Regular,White Mountains Regional,568,Whitefield Elementary School,26930,8,35 - 40,11,32,39,18,58,42,2588,35 , 40,0,58,0,26930,0,0,0
2015,sch,sci,Regular,White Mountains Regional,568,Whitefield Elementary School,26930,0,65 - 70,14,47,38,<10,39,61,NULL,65 , 70,0,39,0,26930,0,0,0
2015,sch,sci,Regular,White Mountains Regional,568,Whitefield Elementary School,26930,4,25 - 30,<10,32,64,<10,68,32,NULL,25 , 30,0,68,0,26930,0,0,0
2015,sch,sci,Regular,White Mountains Regional,568,Whitefield Elementary School,26930,8,35 - 40,24,58,18,<10,18,82,NULL,35 , 40,0,18,0,26930,0,0,0
2015,sch,mat,Regular,Wilton-Lyndeborough Cooperative,572,Florence Rideout Elementary School,23060,0,90 - 95,20,35,33,11,44,56,NULL,90 , 95,92.5,44,4070,23060,92.5,4070,44
2015,sch,mat,Regular,Wilton-Lyndeborough Cooperative,572,Florence Rideout Elementary School,23060,3,25 - 30,24,24,48,<10,52,48,2426,25 , 30,0,52,0,23060,0,0,0
2015,sch,mat,Regular,Wilton-Lyndeborough Cooperative,572,Florence Rideout Elementary School,23060,4,30 - 35,27,39,24,<10,33,67,2447,30 , 35,0,33,0,23060,0,0,0
2015,sch,mat,Regular,Wilton-Lyndeborough Cooperative,572,Florence Rideout Elementary School,23060,5,30 - 35,10,42,29,19,48,52,2522,30 , 35,0,48,0,23060,0,0,0
2015,sch,rea,Regular,Wilton-Lyndeborough Cooperative,572,Florence Rideout Elementary School,23060,0,90 - 95,22,27,35,16,51,49,NULL,90 , 95,0,51,0,23060,0,0,0
2015,sch,rea,Regular,Wilton-Lyndeborough Cooperative,572,Florence Rideout Elementary School,23060,3,25 - 30,31,34,24,10,34,66,2398,25 , 30,0,34,0,23060,0,0,0
2015,sch,rea,Regular,Wilton-Lyndeborough Cooperative,572,Florence Rideout Elementary School,23060,4,30 - 35,28,13,41,19,59,41,2469,30 , 35,0,59,0,23060,0,0,0
2015,sch,rea,Regular,Wilton-Lyndeborough Cooperative,572,Florence Rideout Elementary School,23060,5,30 - 35,<10,35,39,19,58,42,2525,30 , 35,0,58,0,23060,0,0,0
2015,sch,sci,Regular,Wilton-Lyndeborough Cooperative,572,Florence Rideout Elementary School,23060,0,30 - 35,15,45,39,<10,39,61,NULL,30 , 35,0,39,0,23060,0,0,0
2015,sch,sci,Regular,Wilton-Lyndeborough Cooperative,572,Florence Rideout Elementary School,23060,4,30 - 35,15,45,39,<10,39,61,NULL,30 , 35,0,39,0,23060,0,0,0
2015,sch,mat,Regular,Wilton-Lyndeborough Cooperative,572,Lyndeborough Central School,23035,0,30 - 35,18,39,27,15,42,58,NULL,30 , 35,32.5,42,1365,23035,32.5,1365,42
2015,sch,mat,Regular,Wilton-Lyndeborough Cooperative,572,Lyndeborough Central School,23035,3, 0 - 10,* n < 11,* n < 11,* n < 11,* n < 11,* n < 11,* n < 11,* n < 11, 0 , 10,0,* n < 11,0,23035,0,0,0
2015,sch,mat,Regular,Wilton-Lyndeborough Cooperative,572,Lyndeborough Central School,23035,4,15 - 20,20,53,20,<10,27,73,2459,15 , 20,0,27,0,23035,0,0,0
2015,sch,mat,Regular,Wilton-Lyndeborough Cooperative,572,Lyndeborough Central School,23035,5,10 - 15,15,23,38,23,62,38,2548,10 , 15,0,62,0,23035,0,0,0
2015,sch,rea,Regular,Wilton-Lyndeborough Cooperative,572,Lyndeborough Central School,23035,0,30 - 35,13,28,34,25,59,41,NULL,30 , 35,0,59,0,23035,0,0,0
2015,sch,rea,Regular,Wilton-Lyndeborough Cooperative,572,Lyndeborough Central School,23035,3, 0 - 10,* n < 11,* n < 11,* n < 11,* n < 11,* n < 11,* n < 11,* n < 11, 0 , 10,0,* n < 11,0,23035,0,0,0
2015,sch,rea,Regular,Wilton-Lyndeborough Cooperative,572,Lyndeborough Central School,23035,4,10 - 15,14,43,21,21,43,57,2476,10 , 15,0,43,0,23035,0,0,0
2015,sch,rea,Regular,Wilton-Lyndeborough Cooperative,572,Lyndeborough Central School,23035,5,10 - 15,15,15,46,23,69,31,2525,10 , 15,0,69,0,23035,0,0,0
2015,sch,sci,Regular,Wilton-Lyndeborough Cooperative,572,Lyndeborough Central School,23035,0,15 - 20,<10,53,47,<10,47,53,NULL,15 , 20,0,47,0,23035,0,0,0
2015,sch,sci,Regular,Wilton-Lyndeborough Cooperative,572,Lyndeborough Central School,23035,4,15 - 20,<10,53,47,<10,47,53,NULL,15 , 20,0,47,0,23035,0,0,0
2015,sch,mat,Regular,Wilton-Lyndeborough Cooperative,572,Wilton-Lyndeboro Middle School,26955,0,110 - 115,29,37,25,<10,34,66,NULL,110 , 115,112.5,34,3825,26955,112.5,3825,34
2015,sch,mat,Regular,Wilton-Lyndeborough Cooperative,572,Wilton-Lyndeboro Middle School,26955,6,40 - 45,33,40,23,<10,28,73,2498,40 , 45,0,28,0,26955,0,0,0
2015,sch,mat,Regular,Wilton-Lyndeborough Cooperative,572,Wilton-Lyndeboro Middle School,26955,7,35 - 40,29,34,23,14,37,63,2540,35 , 40,0,37,0,26955,0,0,0
2015,sch,mat,Regular,Wilton-Lyndeborough Cooperative,572,Wilton-Lyndeboro Middle School,26955,8,35 - 40,26,37,29,<10,37,63,2556,35 , 40,0,37,0,26955,0,0,0
2015,sch,rea,Regular,Wilton-Lyndeborough Cooperative,572,Wilton-Lyndeboro Middle School,26955,0,110 - 115,17,29,36,18,54,46,NULL,110 , 115,0,54,0,26955,0,0,0
2015,sch,rea,Regular,Wilton-Lyndeborough Cooperative,572,Wilton-Lyndeboro Middle School,26955,6,35 - 40,18,36,31,15,46,54,2529,35 , 40,0,46,0,26955,0,0,0
2015,sch,rea,Regular,Wilton-Lyndeborough Cooperative,572,Wilton-Lyndeboro Middle School,26955,7,35 - 40,17,31,29,23,51,49,2559,35 , 40,0,51,0,26955,0,0,0
2015,sch,rea,Regular,Wilton-Lyndeborough Cooperative,572,Wilton-Lyndeboro Middle School,26955,8,35 - 40,16,21,47,16,63,37,2584,35 , 40,0,63,0,26955,0,0,0
2015,sch,sci,Regular,Wilton-Lyndeborough Cooperative,572,Wilton-Lyndeboro Middle School,26955,0,35 - 40,13,76,11,<10,11,89,NULL,35 , 40,0,11,0,26955,0,0,0
2015,sch,sci,Regular,Wilton-Lyndeborough Cooperative,572,Wilton-Lyndeboro Middle School,26955,8,35 - 40,13,76,11,<10,11,89,NULL,35 , 40,0,11,0,26955,0,0,0
2015,sch,mat,Regular,Wilton-Lyndeborough Cooperative,572,Wilton-Lyndeboro Senior High School,23070,0,45 - 50,40,34,23,<10,26,74,NULL,45 , 50,47.5,26,1235,23070,47.5,1235,26
2015,sch,mat,Regular,Wilton-Lyndeborough Cooperative,572,Wilton-Lyndeboro Senior High School,23070,11,45 - 50,40,34,23,<10,26,74,2560,45 , 50,0,26,0,23070,0,0,0
2015,sch,rea,Regular,Wilton-Lyndeborough Cooperative,572,Wilton-Lyndeboro Senior High School,23070,0,45 - 50,<10,32,36,23,60,40,NULL,45 , 50,0,60,0,23070,0,0,0
2015,sch,rea,Regular,Wilton-Lyndeborough Cooperative,572,Wilton-Lyndeboro Senior High School,23070,11,45 - 50,<10,32,36,23,60,40,2615,45 , 50,0,60,0,23070,0,0,0
2015,sch,sci,Regular,Wilton-Lyndeborough Cooperative,572,Wilton-Lyndeboro Senior High School,23070,0,45 - 50,30,47,23,<10,23,77,NULL,45 , 50,0,23,0,23070,0,0,0
2015,sch,sci,Regular,Wilton-Lyndeborough Cooperative,572,Wilton-Lyndeboro Senior High School,23070,11,45 - 50,30,47,23,<10,23,77,NULL,45 , 50,0,23,0,23070,0,0,0
2015,sch,mat,Regular,Winchester,573,Winchester School ,21735,0,230 - 235,35,34,23,<10,31,69,NULL,230 , 235,232.5,31,7207.5,21735,232.5,7207.5,31
2015,sch,mat,Regular,Winchester,573,Winchester School ,21735,3,45 - 50,38,24,29,<10,38,62,2407,45 , 50,0,38,0,21735,0,0,0
2015,sch,mat,Regular,Winchester,573,Winchester School ,21735,4,30 - 35,21,32,35,12,47,53,2472,30 , 35,0,47,0,21735,0,0,0
2015,sch,mat,Regular,Winchester,573,Winchester School ,21735,5,30 - 35,13,53,17,17,33,67,2513,30 , 35,0,33,0,21735,0,0,0
2015,sch,mat,Regular,Winchester,573,Winchester School ,21735,6,45 - 50,27,42,24,<10,31,69,2509,45 , 50,0,31,0,21735,0,0,0
2015,sch,mat,Regular,Winchester,573,Winchester School ,21735,7,40 - 45,50,28,20,<10,23,78,2463,40 , 45,0,23,0,21735,0,0,0
2015,sch,mat,Regular,Winchester,573,Winchester School ,21735,8,35 - 40,58,26,11,<10,16,84,2459,35 , 40,0,16,0,21735,0,0,0
2015,sch,rea,Regular,Winchester,573,Winchester School ,21735,0,230 - 235,35,27,25,13,38,62,NULL,230 , 235,0,38,0,21735,0,0,0
2015,sch,rea,Regular,Winchester,573,Winchester School ,21735,3,45 - 50,33,31,22,13,36,64,2409,45 , 50,0,36,0,21735,0,0,0
2015,sch,rea,Regular,Winchester,573,Winchester School ,21735,4,35 - 40,29,31,20,20,40,60,2462,35 , 40,0,40,0,21735,0,0,0
2015,sch,rea,Regular,Winchester,573,Winchester School ,21735,5,30 - 35,19,16,45,19,65,35,2519,30 , 35,0,65,0,21735,0,0,0
2015,sch,rea,Regular,Winchester,573,Winchester School ,21735,6,45 - 50,27,36,24,13,38,62,2514,45 , 50,0,38,0,21735,0,0,0
2015,sch,rea,Regular,Winchester,573,Winchester School ,21735,7,40 - 45,50,28,20,<10,23,78,2464,40 , 45,0,23,0,21735,0,0,0
2015,sch,rea,Regular,Winchester,573,Winchester School ,21735,8,35 - 40,47,18,21,13,34,66,2504,35 , 40,0,34,0,21735,0,0,0
2015,sch,sci,Regular,Winchester,573,Winchester School ,21735,0,70 - 75,32,43,20,<10,24,76,NULL,70 , 75,0,24,0,21735,0,0,0
2015,sch,sci,Regular,Winchester,573,Winchester School ,21735,4,35 - 40,11,51,31,<10,37,63,NULL,35 , 40,0,37,0,21735,0,0,0
2015,sch,sci,Regular,Winchester,573,Winchester School ,21735,8,35 - 40,51,36,10,<10,13,87,NULL,35 , 40,0,13,0,21735,0,0,0
2015,sch,mat,Regular,Windham,575,Windham Center School,21135,0,720 - 725,11,25,31,33,64,36,NULL,720 , 725,722.5,64,46240,21135,722.5,46240,64
2015,sch,mat,Regular,Windham,575,Windham Center School,21135,3,230 - 235,<10,25,38,30,67,33,2466,230 , 235,0,67,0,21135,0,0,0
2015,sch,mat,Regular,Windham,575,Windham Center School,21135,4,245 - 250,<10,28,37,29,66,34,2513,245 , 250,0,66,0,21135,0,0,0
2015,sch,mat,Regular,Windham,575,Windham Center School,21135,5,240 - 245,18,22,20,40,60,40,2544,240 , 245,0,60,0,21135,0,0,0
2015,sch,rea,Regular,Windham,575,Windham Center School,21135,0,720 - 725,<10,20,33,39,72,28,NULL,720 , 725,0,72,0,21135,0,0,0
2015,sch,rea,Regular,Windham,575,Windham Center School,21135,3,230 - 235,<10,25,29,40,69,31,2469,230 , 235,0,69,0,21135,0,0,0
2015,sch,rea,Regular,Windham,575,Windham Center School,21135,4,245 - 250,<10,15,34,43,77,23,2520,245 , 250,0,77,0,21135,0,0,0
2015,sch,rea,Regular,Windham,575,Windham Center School,21135,5,240 - 245,11,20,35,34,69,31,2544,240 , 245,0,69,0,21135,0,0,0
2015,sch,sci,Regular,Windham,575,Windham Center School,21135,0,245 - 250,<10,38,58,<10,58,42,NULL,245 , 250,0,58,0,21135,0,0,0
2015,sch,sci,Regular,Windham,575,Windham Center School,21135,4,245 - 250,<10,38,58,<10,58,42,NULL,245 , 250,0,58,0,21135,0,0,0
2015,sch,mat,Regular,Windham,575,Windham High School,28640,0,190 - 195,17,27,35,21,56,44,NULL,190 , 195,192.5,56,10780,28640,192.5,10780,56
2015,sch,mat,Regular,Windham,575,Windham High School,28640,11,190 - 195,17,27,35,21,56,44,2635,190 , 195,0,56,0,28640,0,0,0
2015,sch,rea,Regular,Windham,575,Windham High School,28640,0,190 - 195,<10,20,42,32,74,26,NULL,190 , 195,0,74,0,28640,0,0,0
2015,sch,rea,Regular,Windham,575,Windham High School,28640,11,190 - 195,<10,20,42,32,74,26,2632,190 , 195,0,74,0,28640,0,0,0
2015,sch,sci,Regular,Windham,575,Windham High School,28640,0,190 - 195,<10,40,50,<10,51,49,NULL,190 , 195,0,51,0,28640,0,0,0
2015,sch,sci,Regular,Windham,575,Windham High School,28640,11,190 - 195,<10,40,50,<10,51,49,NULL,190 , 195,0,51,0,28640,0,0,0
2015,sch,mat,Regular,Windham,575,Windham Middle School,21125,0,685 - 690,10,25,31,34,65,35,NULL,685 , 690,687.5,65,44687.5,21125,687.5,44687.5,65
2015,sch,mat,Regular,Windham,575,Windham Middle School,21125,6,230 - 235,10,31,30,28,59,41,2568,230 , 235,0,59,0,21125,0,0,0
2015,sch,mat,Regular,Windham,575,Windham Middle School,21125,7,235 - 240,<10,21,36,35,70,30,2601,235 , 240,0,70,0,21125,0,0,0
2015,sch,mat,Regular,Windham,575,Windham Middle School,21125,8,210 - 215,11,22,28,39,67,33,2621,210 , 215,0,67,0,21125,0,0,0
2015,sch,rea,Regular,Windham,575,Windham Middle School,21125,0,680 - 685,<10,19,49,27,76,24,NULL,680 , 685,0,76,0,21125,0,0,0
2015,sch,rea,Regular,Windham,575,Windham Middle School,21125,6,230 - 235,<10,21,49,23,73,27,2568,230 , 235,0,73,0,21125,0,0,0
2015,sch,rea,Regular,Windham,575,Windham Middle School,21125,7,235 - 240,<10,16,51,31,82,18,2614,235 , 240,0,82,0,21125,0,0,0
2015,sch,rea,Regular,Windham,575,Windham Middle School,21125,8,210 - 215,<10,21,48,26,73,27,2608,210 , 215,0,73,0,21125,0,0,0
2015,sch,sci,Regular,Windham,575,Windham Middle School,21125,0,210 - 215,<10,49,44,<10,47,53,NULL,210 , 215,0,47,0,21125,0,0,0
2015,sch,sci,Regular,Windham,575,Windham Middle School,21125,8,210 - 215,<10,49,44,<10,47,53,NULL,210 , 215,0,47,0,21125,0,0,0
2015,sch,mat,Regular,Winnacunnet Cooperative,581,Winnacunnet High School,20780,0,255 - 260,29,26,28,17,45,55,NULL,255 , 260,257.5,45,11587.5,20780,257.5,11587.5,45
2015,sch,mat,Regular,Winnacunnet Cooperative,581,Winnacunnet High School,20780,11,255 - 260,29,26,28,17,45,55,2605,255 , 260,0,45,0,20780,0,0,0
2015,sch,rea,Regular,Winnacunnet Cooperative,581,Winnacunnet High School,20780,0,255 - 260,13,20,40,27,68,32,NULL,255 , 260,0,68,0,20780,0,0,0
2015,sch,rea,Regular,Winnacunnet Cooperative,581,Winnacunnet High School,20780,11,255 - 260,13,20,40,27,68,32,2619,255 , 260,0,68,0,20780,0,0,0
2015,sch,sci,Regular,Winnacunnet Cooperative,581,Winnacunnet High School,20780,0,260 - 265,12,36,45,<10,52,48,NULL,260 , 265,0,52,0,20780,0,0,0
2015,sch,sci,Regular,Winnacunnet Cooperative,581,Winnacunnet High School,20780,11,260 - 265,12,36,45,<10,52,48,NULL,260 , 265,0,52,0,20780,0,0,0
2015,sch,mat,Regular,Winnisquam Regional,582,Sanbornton Central School,22925,0,90 - 95,<10,29,37,26,62,38,NULL,90 , 95,92.5,62,5735,22925,92.5,5735,62
2015,sch,mat,Regular,Winnisquam Regional,582,Sanbornton Central School,22925,3,30 - 35,13,29,42,16,58,42,2443,30 , 35,0,58,0,22925,0,0,0
2015,sch,mat,Regular,Winnisquam Regional,582,Sanbornton Central School,22925,4,30 - 35,<10,30,36,27,64,36,2511,30 , 35,0,64,0,22925,0,0,0
2015,sch,mat,Regular,Winnisquam Regional,582,Sanbornton Central School,22925,5,25 - 30,<10,27,31,35,65,35,2552,25 , 30,0,65,0,22925,0,0,0
2015,sch,rea,Regular,Winnisquam Regional,582,Sanbornton Central School,22925,0,90 - 95,10,18,31,41,72,28,NULL,90 , 95,0,72,0,22925,0,0,0
2015,sch,rea,Regular,Winnisquam Regional,582,Sanbornton Central School,22925,3,30 - 35,13,23,26,39,65,35,2459,30 , 35,0,65,0,22925,0,0,0
2015,sch,rea,Regular,Winnisquam Regional,582,Sanbornton Central School,22925,4,30 - 35,12,15,36,36,73,27,2514,30 , 35,0,73,0,22925,0,0,0
2015,sch,rea,Regular,Winnisquam Regional,582,Sanbornton Central School,22925,5,25 - 30,<10,15,31,50,81,19,2568,25 , 30,0,81,0,22925,0,0,0
2015,sch,sci,Regular,Winnisquam Regional,582,Sanbornton Central School,22925,0,30 - 35,<10,18,79,<10,79,21,NULL,30 , 35,0,79,0,22925,0,0,0
2015,sch,sci,Regular,Winnisquam Regional,582,Sanbornton Central School,22925,4,30 - 35,<10,18,79,<10,79,21,NULL,30 , 35,0,79,0,22925,0,0,0
2015,sch,mat,Regular,Winnisquam Regional,582,Southwick School,27070,0,245 - 250,21,37,26,16,43,57,NULL,245 , 250,247.5,43,10642.5,27070,247.5,10642.5,43
2015,sch,mat,Regular,Winnisquam Regional,582,Southwick School,27070,3,80 - 85,16,34,41,<10,50,50,2432,80 , 85,0,50,0,27070,0,0,0
2015,sch,mat,Regular,Winnisquam Regional,582,Southwick School,27070,4,75 - 80,16,49,22,13,34,66,2461,75 , 80,0,34,0,27070,0,0,0
2015,sch,mat,Regular,Winnisquam Regional,582,Southwick School,27070,5,85 - 90,28,28,17,26,43,57,2511,85 , 90,0,43,0,27070,0,0,0
2015,sch,rea,Regular,Winnisquam Regional,582,Southwick School,27070,0,245 - 250,22,15,30,34,63,37,NULL,245 , 250,0,63,0,27070,0,0,0
2015,sch,rea,Regular,Winnisquam Regional,582,Southwick School,27070,3,80 - 85,14,19,31,36,68,33,2462,80 , 85,0,68,0,27070,0,0,0
2015,sch,rea,Regular,Winnisquam Regional,582,Southwick School,27070,4,75 - 80,29,14,27,30,57,43,2474,75 , 80,0,57,0,27070,0,0,0
2015,sch,rea,Regular,Winnisquam Regional,582,Southwick School,27070,5,85 - 90,24,11,31,34,65,35,2529,85 , 90,0,65,0,27070,0,0,0
2015,sch,sci,Regular,Winnisquam Regional,582,Southwick School,27070,0,75 - 80,22,47,32,<10,32,68,NULL,75 , 80,0,32,0,27070,0,0,0
2015,sch,sci,Regular,Winnisquam Regional,582,Southwick School,27070,4,75 - 80,22,47,32,<10,32,68,NULL,75 , 80,0,32,0,27070,0,0,0
2015,sch,mat,Regular,Winnisquam Regional,582,Winnisquam Regional High School,22950,0,100 - 105,43,29,23,<10,28,72,NULL,100 , 105,102.5,28,2870,22950,102.5,2870,28
2015,sch,mat,Regular,Winnisquam Regional,582,Winnisquam Regional High School,22950,11,100 - 105,43,29,23,<10,28,72,2559,100 , 105,0,28,0,22950,0,0,0
2015,sch,rea,Regular,Winnisquam Regional,582,Winnisquam Regional High School,22950,0,105 - 110,22,27,31,20,50,50,NULL,105 , 110,0,50,0,22950,0,0,0
2015,sch,rea,Regular,Winnisquam Regional,582,Winnisquam Regional High School,22950,11,105 - 110,22,27,31,20,50,50,2582,105 , 110,0,50,0,22950,0,0,0
2015,sch,sci,Regular,Winnisquam Regional,582,Winnisquam Regional High School,22950,0,105 - 110,27,42,31,<10,31,69,NULL,105 , 110,0,31,0,22950,0,0,0
2015,sch,sci,Regular,Winnisquam Regional,582,Winnisquam Regional High School,22950,11,105 - 110,27,42,31,<10,31,69,NULL,105 , 110,0,31,0,22950,0,0,0
2015,sch,mat,Regular,Winnisquam Regional,582,Winnisquam Regional Middle School,22955,0,335 - 340,20,29,30,21,51,49,NULL,335 , 340,337.5,51,17212.5,22955,337.5,17212.5,51
2015,sch,mat,Regular,Winnisquam Regional,582,Winnisquam Regional Middle School,22955,6,115 - 120,24,37,20,19,39,61,2531,115 , 120,0,39,0,22955,0,0,0
2015,sch,mat,Regular,Winnisquam Regional,582,Winnisquam Regional Middle School,22955,7,100 - 105,20,26,30,23,53,47,2564,100 , 105,0,53,0,22955,0,0,0
2015,sch,mat,Regular,Winnisquam Regional,582,Winnisquam Regional Middle School,22955,8,115 - 120,14,24,41,21,62,38,2594,115 , 120,0,62,0,22955,0,0,0
2015,sch,rea,Regular,Winnisquam Regional,582,Winnisquam Regional Middle School,22955,0,335 - 340,15,27,45,13,58,42,NULL,335 , 340,0,58,0,22955,0,0,0
2015,sch,rea,Regular,Winnisquam Regional,582,Winnisquam Regional Middle School,22955,6,115 - 120,18,35,39,<10,47,53,2520,115 , 120,0,47,0,22955,0,0,0
2015,sch,rea,Regular,Winnisquam Regional,582,Winnisquam Regional Middle School,22955,7,100 - 105,20,17,45,18,63,37,2566,100 , 105,0,63,0,22955,0,0,0
2015,sch,rea,Regular,Winnisquam Regional,582,Winnisquam Regional Middle School,22955,8,115 - 120,<10,27,52,14,65,35,2592,115 , 120,0,65,0,22955,0,0,0
2015,sch,sci,Regular,Winnisquam Regional,582,Winnisquam Regional Middle School,22955,0,115 - 120,12,59,29,<10,29,71,NULL,115 , 120,0,29,0,22955,0,0,0
2015,sch,sci,Regular,Winnisquam Regional,582,Winnisquam Regional Middle School,22955,8,115 - 120,12,59,29,<10,29,71,NULL,115 , 120,0,29,0,22955,0,0,0
,,,,,,,,,,,,,,,,,,,89672.5,,4219902.5,47.0590482,85640,4049877.5,46.41273585
,,,,,,,,,,,,,,,,,,,,,,,,47.28955511,